[2026-08-02T02:18:40.364+0000] {processor.py:186} INFO - Started process (PID=175) to work on /opt/airflow/dags/invoice_data_pipeline_dag.py
[2026-08-02T02:18:40.368+0000] {processor.py:914} INFO - Processing file /opt/airflow/dags/invoice_data_pipeline_dag.py for tasks to queue
[2026-08-02T02:18:40.378+0000] {logging_mixin.py:190} INFO - [2026-08-02T02:18:40.377+0000] {dagbag.py:588} INFO - Filling up the DagBag from /opt/airflow/dags/invoice_data_pipeline_dag.py
[2026-08-02T02:18:41.391+0000] {logging_mixin.py:190} INFO - Tables created successfully.
[2026-08-02T02:18:41.404+0000] {processor.py:925} INFO - DAG(s) 'invoice_data_pipeline' retrieved from /opt/airflow/dags/invoice_data_pipeline_dag.py
[2026-08-02T02:18:41.459+0000] {logging_mixin.py:190} INFO - [2026-08-02T02:18:41.458+0000] {dag.py:3239} INFO - Sync 1 DAGs
[2026-08-02T02:18:41.511+0000] {logging_mixin.py:190} INFO - [2026-08-02T02:18:41.511+0000] {dag.py:4180} INFO - Setting next_dagrun for invoice_data_pipeline to 2026-08-02 00:00:00+00:00, run_after=2026-08-03 00:00:00+00:00
[2026-08-02T02:18:41.540+0000] {processor.py:208} INFO - Processing /opt/airflow/dags/invoice_data_pipeline_dag.py took 1.197 seconds
[2026-08-02T02:19:11.694+0000] {processor.py:186} INFO - Started process (PID=197) to work on /opt/airflow/dags/invoice_data_pipeline_dag.py
[2026-08-02T02:19:11.696+0000] {processor.py:914} INFO - Processing file /opt/airflow/dags/invoice_data_pipeline_dag.py for tasks to queue
[2026-08-02T02:19:11.701+0000] {logging_mixin.py:190} INFO - [2026-08-02T02:19:11.700+0000] {dagbag.py:588} INFO - Filling up the DagBag from /opt/airflow/dags/invoice_data_pipeline_dag.py
[2026-08-02T02:19:12.634+0000] {logging_mixin.py:190} INFO - Tables created successfully.
[2026-08-02T02:19:12.643+0000] {processor.py:925} INFO - DAG(s) 'invoice_data_pipeline' retrieved from /opt/airflow/dags/invoice_data_pipeline_dag.py
[2026-08-02T02:19:12.674+0000] {logging_mixin.py:190} INFO - [2026-08-02T02:19:12.673+0000] {dag.py:3239} INFO - Sync 1 DAGs
[2026-08-02T02:19:12.698+0000] {logging_mixin.py:190} INFO - [2026-08-02T02:19:12.698+0000] {dag.py:4180} INFO - Setting next_dagrun for invoice_data_pipeline to 2026-08-02 00:00:00+00:00, run_after=2026-08-03 00:00:00+00:00
[2026-08-02T02:19:12.722+0000] {processor.py:208} INFO - Processing /opt/airflow/dags/invoice_data_pipeline_dag.py took 1.036 seconds
[2026-08-02T02:19:43.004+0000] {processor.py:186} INFO - Started process (PID=203) to work on /opt/airflow/dags/invoice_data_pipeline_dag.py
[2026-08-02T02:19:43.006+0000] {processor.py:914} INFO - Processing file /opt/airflow/dags/invoice_data_pipeline_dag.py for tasks to queue
[2026-08-02T02:19:43.009+0000] {logging_mixin.py:190} INFO - [2026-08-02T02:19:43.009+0000] {dagbag.py:588} INFO - Filling up the DagBag from /opt/airflow/dags/invoice_data_pipeline_dag.py
[2026-08-02T02:19:43.756+0000] {logging_mixin.py:190} INFO - Tables created successfully.
[2026-08-02T02:19:43.763+0000] {processor.py:925} INFO - DAG(s) 'invoice_data_pipeline' retrieved from /opt/airflow/dags/invoice_data_pipeline_dag.py
[2026-08-02T02:19:43.789+0000] {logging_mixin.py:190} INFO - [2026-08-02T02:19:43.788+0000] {dag.py:3239} INFO - Sync 1 DAGs
[2026-08-02T02:19:43.807+0000] {logging_mixin.py:190} INFO - [2026-08-02T02:19:43.807+0000] {dag.py:4180} INFO - Setting next_dagrun for invoice_data_pipeline to 2026-08-02 00:00:00+00:00, run_after=2026-08-03 00:00:00+00:00
[2026-08-02T02:19:43.827+0000] {processor.py:208} INFO - Processing /opt/airflow/dags/invoice_data_pipeline_dag.py took 0.830 seconds
[2026-08-02T02:20:14.145+0000] {processor.py:186} INFO - Started process (PID=209) to work on /opt/airflow/dags/invoice_data_pipeline_dag.py
[2026-08-02T02:20:14.147+0000] {processor.py:914} INFO - Processing file /opt/airflow/dags/invoice_data_pipeline_dag.py for tasks to queue
[2026-08-02T02:20:14.152+0000] {logging_mixin.py:190} INFO - [2026-08-02T02:20:14.152+0000] {dagbag.py:588} INFO - Filling up the DagBag from /opt/airflow/dags/invoice_data_pipeline_dag.py
[2026-08-02T02:20:14.924+0000] {logging_mixin.py:190} INFO - Tables created successfully.
[2026-08-02T02:20:14.935+0000] {processor.py:925} INFO - DAG(s) 'invoice_data_pipeline' retrieved from /opt/airflow/dags/invoice_data_pipeline_dag.py
[2026-08-02T02:20:14.969+0000] {logging_mixin.py:190} INFO - [2026-08-02T02:20:14.968+0000] {dag.py:3239} INFO - Sync 1 DAGs
[2026-08-02T02:20:15.000+0000] {logging_mixin.py:190} INFO - [2026-08-02T02:20:15.000+0000] {dag.py:4180} INFO - Setting next_dagrun for invoice_data_pipeline to 2026-08-02 00:00:00+00:00, run_after=2026-08-03 00:00:00+00:00
[2026-08-02T02:20:15.029+0000] {processor.py:208} INFO - Processing /opt/airflow/dags/invoice_data_pipeline_dag.py took 0.890 seconds
[2026-08-02T02:20:45.381+0000] {processor.py:186} INFO - Started process (PID=223) to work on /opt/airflow/dags/invoice_data_pipeline_dag.py
[2026-08-02T02:20:45.385+0000] {processor.py:914} INFO - Processing file /opt/airflow/dags/invoice_data_pipeline_dag.py for tasks to queue
[2026-08-02T02:20:45.390+0000] {logging_mixin.py:190} INFO - [2026-08-02T02:20:45.389+0000] {dagbag.py:588} INFO - Filling up the DagBag from /opt/airflow/dags/invoice_data_pipeline_dag.py
[2026-08-02T02:20:46.186+0000] {logging_mixin.py:190} INFO - Tables created successfully.
[2026-08-02T02:20:46.196+0000] {processor.py:925} INFO - DAG(s) 'invoice_data_pipeline' retrieved from /opt/airflow/dags/invoice_data_pipeline_dag.py
[2026-08-02T02:20:46.222+0000] {logging_mixin.py:190} INFO - [2026-08-02T02:20:46.222+0000] {dag.py:3239} INFO - Sync 1 DAGs
[2026-08-02T02:20:46.246+0000] {logging_mixin.py:190} INFO - [2026-08-02T02:20:46.246+0000] {dag.py:4180} INFO - Setting next_dagrun for invoice_data_pipeline to 2026-08-02 00:00:00+00:00, run_after=2026-08-03 00:00:00+00:00
[2026-08-02T02:20:46.266+0000] {processor.py:208} INFO - Processing /opt/airflow/dags/invoice_data_pipeline_dag.py took 0.894 seconds
[2026-08-02T02:21:16.622+0000] {processor.py:186} INFO - Started process (PID=229) to work on /opt/airflow/dags/invoice_data_pipeline_dag.py
[2026-08-02T02:21:16.623+0000] {processor.py:914} INFO - Processing file /opt/airflow/dags/invoice_data_pipeline_dag.py for tasks to queue
[2026-08-02T02:21:16.627+0000] {logging_mixin.py:190} INFO - [2026-08-02T02:21:16.627+0000] {dagbag.py:588} INFO - Filling up the DagBag from /opt/airflow/dags/invoice_data_pipeline_dag.py
[2026-08-02T02:21:17.173+0000] {logging_mixin.py:190} INFO - Tables created successfully.
[2026-08-02T02:21:17.181+0000] {processor.py:925} INFO - DAG(s) 'invoice_data_pipeline' retrieved from /opt/airflow/dags/invoice_data_pipeline_dag.py
[2026-08-02T02:21:17.204+0000] {logging_mixin.py:190} INFO - [2026-08-02T02:21:17.203+0000] {dag.py:3239} INFO - Sync 1 DAGs
[2026-08-02T02:21:17.223+0000] {logging_mixin.py:190} INFO - [2026-08-02T02:21:17.223+0000] {dag.py:4180} INFO - Setting next_dagrun for invoice_data_pipeline to 2026-08-02 00:00:00+00:00, run_after=2026-08-03 00:00:00+00:00
[2026-08-02T02:21:17.242+0000] {processor.py:208} INFO - Processing /opt/airflow/dags/invoice_data_pipeline_dag.py took 0.625 seconds
[2026-08-02T02:21:47.615+0000] {processor.py:186} INFO - Started process (PID=235) to work on /opt/airflow/dags/invoice_data_pipeline_dag.py
[2026-08-02T02:21:47.617+0000] {processor.py:914} INFO - Processing file /opt/airflow/dags/invoice_data_pipeline_dag.py for tasks to queue
[2026-08-02T02:21:47.620+0000] {logging_mixin.py:190} INFO - [2026-08-02T02:21:47.620+0000] {dagbag.py:588} INFO - Filling up the DagBag from /opt/airflow/dags/invoice_data_pipeline_dag.py
[2026-08-02T02:21:48.179+0000] {logging_mixin.py:190} INFO - Tables created successfully.
[2026-08-02T02:21:48.187+0000] {processor.py:925} INFO - DAG(s) 'invoice_data_pipeline' retrieved from /opt/airflow/dags/invoice_data_pipeline_dag.py
[2026-08-02T02:21:48.211+0000] {logging_mixin.py:190} INFO - [2026-08-02T02:21:48.211+0000] {dag.py:3239} INFO - Sync 1 DAGs
[2026-08-02T02:21:48.236+0000] {logging_mixin.py:190} INFO - [2026-08-02T02:21:48.236+0000] {dag.py:4180} INFO - Setting next_dagrun for invoice_data_pipeline to 2026-08-02 00:00:00+00:00, run_after=2026-08-03 00:00:00+00:00
[2026-08-02T02:21:48.268+0000] {processor.py:208} INFO - Processing /opt/airflow/dags/invoice_data_pipeline_dag.py took 0.659 seconds
[2026-08-02T02:22:18.514+0000] {processor.py:186} INFO - Started process (PID=241) to work on /opt/airflow/dags/invoice_data_pipeline_dag.py
[2026-08-02T02:22:18.516+0000] {processor.py:914} INFO - Processing file /opt/airflow/dags/invoice_data_pipeline_dag.py for tasks to queue
[2026-08-02T02:22:18.521+0000] {logging_mixin.py:190} INFO - [2026-08-02T02:22:18.521+0000] {dagbag.py:588} INFO - Filling up the DagBag from /opt/airflow/dags/invoice_data_pipeline_dag.py
[2026-08-02T02:22:19.256+0000] {logging_mixin.py:190} INFO - Tables created successfully.
[2026-08-02T02:22:19.269+0000] {processor.py:925} INFO - DAG(s) 'invoice_data_pipeline' retrieved from /opt/airflow/dags/invoice_data_pipeline_dag.py
[2026-08-02T02:22:19.299+0000] {logging_mixin.py:190} INFO - [2026-08-02T02:22:19.298+0000] {dag.py:3239} INFO - Sync 1 DAGs
[2026-08-02T02:22:19.331+0000] {logging_mixin.py:190} INFO - [2026-08-02T02:22:19.330+0000] {dag.py:4180} INFO - Setting next_dagrun for invoice_data_pipeline to 2026-08-02 00:00:00+00:00, run_after=2026-08-03 00:00:00+00:00
[2026-08-02T02:22:19.360+0000] {processor.py:208} INFO - Processing /opt/airflow/dags/invoice_data_pipeline_dag.py took 0.855 seconds
[2026-08-02T02:22:49.690+0000] {processor.py:186} INFO - Started process (PID=255) to work on /opt/airflow/dags/invoice_data_pipeline_dag.py
[2026-08-02T02:22:49.692+0000] {processor.py:914} INFO - Processing file /opt/airflow/dags/invoice_data_pipeline_dag.py for tasks to queue
[2026-08-02T02:22:49.696+0000] {logging_mixin.py:190} INFO - [2026-08-02T02:22:49.696+0000] {dagbag.py:588} INFO - Filling up the DagBag from /opt/airflow/dags/invoice_data_pipeline_dag.py
[2026-08-02T02:22:50.243+0000] {logging_mixin.py:190} INFO - Tables created successfully.
[2026-08-02T02:22:50.250+0000] {processor.py:925} INFO - DAG(s) 'invoice_data_pipeline' retrieved from /opt/airflow/dags/invoice_data_pipeline_dag.py
[2026-08-02T02:22:50.275+0000] {logging_mixin.py:190} INFO - [2026-08-02T02:22:50.274+0000] {dag.py:3239} INFO - Sync 1 DAGs
[2026-08-02T02:22:50.293+0000] {logging_mixin.py:190} INFO - [2026-08-02T02:22:50.293+0000] {dag.py:4180} INFO - Setting next_dagrun for invoice_data_pipeline to 2026-08-02 00:00:00+00:00, run_after=2026-08-03 00:00:00+00:00
[2026-08-02T02:22:50.313+0000] {processor.py:208} INFO - Processing /opt/airflow/dags/invoice_data_pipeline_dag.py took 0.629 seconds
[2026-08-02T02:23:20.661+0000] {processor.py:186} INFO - Started process (PID=261) to work on /opt/airflow/dags/invoice_data_pipeline_dag.py
[2026-08-02T02:23:20.663+0000] {processor.py:914} INFO - Processing file /opt/airflow/dags/invoice_data_pipeline_dag.py for tasks to queue
[2026-08-02T02:23:20.667+0000] {logging_mixin.py:190} INFO - [2026-08-02T02:23:20.666+0000] {dagbag.py:588} INFO - Filling up the DagBag from /opt/airflow/dags/invoice_data_pipeline_dag.py
[2026-08-02T02:23:21.220+0000] {logging_mixin.py:190} INFO - Tables created successfully.
[2026-08-02T02:23:21.227+0000] {processor.py:925} INFO - DAG(s) 'invoice_data_pipeline' retrieved from /opt/airflow/dags/invoice_data_pipeline_dag.py
[2026-08-02T02:23:21.249+0000] {logging_mixin.py:190} INFO - [2026-08-02T02:23:21.248+0000] {dag.py:3239} INFO - Sync 1 DAGs
[2026-08-02T02:23:21.268+0000] {logging_mixin.py:190} INFO - [2026-08-02T02:23:21.268+0000] {dag.py:4180} INFO - Setting next_dagrun for invoice_data_pipeline to 2026-08-02 00:00:00+00:00, run_after=2026-08-03 00:00:00+00:00
[2026-08-02T02:23:21.289+0000] {processor.py:208} INFO - Processing /opt/airflow/dags/invoice_data_pipeline_dag.py took 0.635 seconds
[2026-08-02T02:23:51.608+0000] {processor.py:186} INFO - Started process (PID=267) to work on /opt/airflow/dags/invoice_data_pipeline_dag.py
[2026-08-02T02:23:51.610+0000] {processor.py:914} INFO - Processing file /opt/airflow/dags/invoice_data_pipeline_dag.py for tasks to queue
[2026-08-02T02:23:51.616+0000] {logging_mixin.py:190} INFO - [2026-08-02T02:23:51.615+0000] {dagbag.py:588} INFO - Filling up the DagBag from /opt/airflow/dags/invoice_data_pipeline_dag.py
[2026-08-02T02:23:52.238+0000] {logging_mixin.py:190} INFO - Tables created successfully.
[2026-08-02T02:23:52.246+0000] {processor.py:925} INFO - DAG(s) 'invoice_data_pipeline' retrieved from /opt/airflow/dags/invoice_data_pipeline_dag.py
[2026-08-02T02:23:52.274+0000] {logging_mixin.py:190} INFO - [2026-08-02T02:23:52.273+0000] {dag.py:3239} INFO - Sync 1 DAGs
[2026-08-02T02:23:52.303+0000] {logging_mixin.py:190} INFO - [2026-08-02T02:23:52.303+0000] {dag.py:4180} INFO - Setting next_dagrun for invoice_data_pipeline to 2026-08-02 00:00:00+00:00, run_after=2026-08-03 00:00:00+00:00
[2026-08-02T02:23:52.332+0000] {processor.py:208} INFO - Processing /opt/airflow/dags/invoice_data_pipeline_dag.py took 0.730 seconds
[2026-08-02T02:24:22.679+0000] {processor.py:186} INFO - Started process (PID=273) to work on /opt/airflow/dags/invoice_data_pipeline_dag.py
[2026-08-02T02:24:22.682+0000] {processor.py:914} INFO - Processing file /opt/airflow/dags/invoice_data_pipeline_dag.py for tasks to queue
[2026-08-02T02:24:22.686+0000] {logging_mixin.py:190} INFO - [2026-08-02T02:24:22.685+0000] {dagbag.py:588} INFO - Filling up the DagBag from /opt/airflow/dags/invoice_data_pipeline_dag.py
[2026-08-02T02:24:23.316+0000] {logging_mixin.py:190} INFO - Tables created successfully.
[2026-08-02T02:24:23.324+0000] {processor.py:925} INFO - DAG(s) 'invoice_data_pipeline' retrieved from /opt/airflow/dags/invoice_data_pipeline_dag.py
[2026-08-02T02:24:23.352+0000] {logging_mixin.py:190} INFO - [2026-08-02T02:24:23.351+0000] {dag.py:3239} INFO - Sync 1 DAGs
[2026-08-02T02:24:23.375+0000] {logging_mixin.py:190} INFO - [2026-08-02T02:24:23.374+0000] {dag.py:4180} INFO - Setting next_dagrun for invoice_data_pipeline to 2026-08-02 00:00:00+00:00, run_after=2026-08-03 00:00:00+00:00
[2026-08-02T02:24:23.405+0000] {processor.py:208} INFO - Processing /opt/airflow/dags/invoice_data_pipeline_dag.py took 0.733 seconds
[2026-08-02T02:24:24.485+0000] {processor.py:186} INFO - Started process (PID=279) to work on /opt/airflow/dags/invoice_data_pipeline_dag.py
[2026-08-02T02:24:24.487+0000] {processor.py:914} INFO - Processing file /opt/airflow/dags/invoice_data_pipeline_dag.py for tasks to queue
[2026-08-02T02:24:24.490+0000] {logging_mixin.py:190} INFO - [2026-08-02T02:24:24.489+0000] {dagbag.py:588} INFO - Filling up the DagBag from /opt/airflow/dags/invoice_data_pipeline_dag.py
[2026-08-02T02:24:25.111+0000] {logging_mixin.py:190} INFO - Tables created successfully.
[2026-08-02T02:24:25.122+0000] {processor.py:925} INFO - DAG(s) 'invoice_data_pipeline' retrieved from /opt/airflow/dags/invoice_data_pipeline_dag.py
[2026-08-02T02:24:25.148+0000] {logging_mixin.py:190} INFO - [2026-08-02T02:24:25.147+0000] {dag.py:3239} INFO - Sync 1 DAGs
[2026-08-02T02:24:25.174+0000] {logging_mixin.py:190} INFO - [2026-08-02T02:24:25.174+0000] {dag.py:4180} INFO - Setting next_dagrun for invoice_data_pipeline to 2026-08-02 00:00:00+00:00, run_after=2026-08-03 00:00:00+00:00
[2026-08-02T02:24:25.205+0000] {processor.py:208} INFO - Processing /opt/airflow/dags/invoice_data_pipeline_dag.py took 0.725 seconds
[2026-08-02T02:24:55.575+0000] {processor.py:186} INFO - Started process (PID=305) to work on /opt/airflow/dags/invoice_data_pipeline_dag.py
[2026-08-02T02:24:55.578+0000] {processor.py:914} INFO - Processing file /opt/airflow/dags/invoice_data_pipeline_dag.py for tasks to queue
[2026-08-02T02:24:55.582+0000] {logging_mixin.py:190} INFO - [2026-08-02T02:24:55.582+0000] {dagbag.py:588} INFO - Filling up the DagBag from /opt/airflow/dags/invoice_data_pipeline_dag.py
[2026-08-02T02:24:56.495+0000] {logging_mixin.py:190} INFO - Tables created successfully.
[2026-08-02T02:24:56.509+0000] {processor.py:925} INFO - DAG(s) 'invoice_data_pipeline' retrieved from /opt/airflow/dags/invoice_data_pipeline_dag.py
[2026-08-02T02:24:56.536+0000] {logging_mixin.py:190} INFO - [2026-08-02T02:24:56.534+0000] {dag.py:3239} INFO - Sync 1 DAGs
[2026-08-02T02:24:56.561+0000] {logging_mixin.py:190} INFO - [2026-08-02T02:24:56.560+0000] {dag.py:4180} INFO - Setting next_dagrun for invoice_data_pipeline to 2026-08-02 00:00:00+00:00, run_after=2026-08-03 00:00:00+00:00
[2026-08-02T02:24:56.587+0000] {processor.py:208} INFO - Processing /opt/airflow/dags/invoice_data_pipeline_dag.py took 1.020 seconds
[2026-08-02T02:25:26.877+0000] {processor.py:186} INFO - Started process (PID=311) to work on /opt/airflow/dags/invoice_data_pipeline_dag.py
[2026-08-02T02:25:26.879+0000] {processor.py:914} INFO - Processing file /opt/airflow/dags/invoice_data_pipeline_dag.py for tasks to queue
[2026-08-02T02:25:26.884+0000] {logging_mixin.py:190} INFO - [2026-08-02T02:25:26.883+0000] {dagbag.py:588} INFO - Filling up the DagBag from /opt/airflow/dags/invoice_data_pipeline_dag.py
[2026-08-02T02:25:27.477+0000] {logging_mixin.py:190} INFO - Tables created successfully.
[2026-08-02T02:25:27.486+0000] {processor.py:925} INFO - DAG(s) 'invoice_data_pipeline' retrieved from /opt/airflow/dags/invoice_data_pipeline_dag.py
[2026-08-02T02:25:27.513+0000] {logging_mixin.py:190} INFO - [2026-08-02T02:25:27.513+0000] {dag.py:3239} INFO - Sync 1 DAGs
[2026-08-02T02:25:27.534+0000] {logging_mixin.py:190} INFO - [2026-08-02T02:25:27.534+0000] {dag.py:4180} INFO - Setting next_dagrun for invoice_data_pipeline to 2026-08-02 00:00:00+00:00, run_after=2026-08-03 00:00:00+00:00
[2026-08-02T02:25:27.558+0000] {processor.py:208} INFO - Processing /opt/airflow/dags/invoice_data_pipeline_dag.py took 0.689 seconds
[2026-08-02T02:25:57.943+0000] {processor.py:186} INFO - Started process (PID=317) to work on /opt/airflow/dags/invoice_data_pipeline_dag.py
[2026-08-02T02:25:57.946+0000] {processor.py:914} INFO - Processing file /opt/airflow/dags/invoice_data_pipeline_dag.py for tasks to queue
[2026-08-02T02:25:57.951+0000] {logging_mixin.py:190} INFO - [2026-08-02T02:25:57.950+0000] {dagbag.py:588} INFO - Filling up the DagBag from /opt/airflow/dags/invoice_data_pipeline_dag.py
[2026-08-02T02:25:58.634+0000] {logging_mixin.py:190} INFO - Tables created successfully.
[2026-08-02T02:25:58.644+0000] {processor.py:925} INFO - DAG(s) 'invoice_data_pipeline' retrieved from /opt/airflow/dags/invoice_data_pipeline_dag.py
[2026-08-02T02:25:58.671+0000] {logging_mixin.py:190} INFO - [2026-08-02T02:25:58.670+0000] {dag.py:3239} INFO - Sync 1 DAGs
[2026-08-02T02:25:58.697+0000] {logging_mixin.py:190} INFO - [2026-08-02T02:25:58.697+0000] {dag.py:4180} INFO - Setting next_dagrun for invoice_data_pipeline to 2026-08-02 00:00:00+00:00, run_after=2026-08-03 00:00:00+00:00
[2026-08-02T02:25:58.720+0000] {processor.py:208} INFO - Processing /opt/airflow/dags/invoice_data_pipeline_dag.py took 0.787 seconds
[2026-08-02T02:26:29.206+0000] {processor.py:186} INFO - Started process (PID=323) to work on /opt/airflow/dags/invoice_data_pipeline_dag.py
[2026-08-02T02:26:29.208+0000] {processor.py:914} INFO - Processing file /opt/airflow/dags/invoice_data_pipeline_dag.py for tasks to queue
[2026-08-02T02:26:29.213+0000] {logging_mixin.py:190} INFO - [2026-08-02T02:26:29.213+0000] {dagbag.py:588} INFO - Filling up the DagBag from /opt/airflow/dags/invoice_data_pipeline_dag.py
[2026-08-02T02:26:29.684+0000] {logging_mixin.py:190} INFO - Tables created successfully.
[2026-08-02T02:26:29.703+0000] {processor.py:925} INFO - DAG(s) 'invoice_data_pipeline' retrieved from /opt/airflow/dags/invoice_data_pipeline_dag.py
[2026-08-02T02:26:29.738+0000] {logging_mixin.py:190} INFO - [2026-08-02T02:26:29.737+0000] {dag.py:3239} INFO - Sync 1 DAGs
[2026-08-02T02:26:29.810+0000] {logging_mixin.py:190} INFO - [2026-08-02T02:26:29.810+0000] {dag.py:4180} INFO - Setting next_dagrun for invoice_data_pipeline to 2026-08-02 00:00:00+00:00, run_after=2026-08-03 00:00:00+00:00
[2026-08-02T02:26:29.852+0000] {processor.py:208} INFO - Processing /opt/airflow/dags/invoice_data_pipeline_dag.py took 0.654 seconds
[2026-08-02T02:26:30.933+0000] {processor.py:186} INFO - Started process (PID=329) to work on /opt/airflow/dags/invoice_data_pipeline_dag.py
[2026-08-02T02:26:30.936+0000] {processor.py:914} INFO - Processing file /opt/airflow/dags/invoice_data_pipeline_dag.py for tasks to queue
[2026-08-02T02:26:30.940+0000] {logging_mixin.py:190} INFO - [2026-08-02T02:26:30.940+0000] {dagbag.py:588} INFO - Filling up the DagBag from /opt/airflow/dags/invoice_data_pipeline_dag.py
[2026-08-02T02:26:31.343+0000] {logging_mixin.py:190} INFO - Tables created successfully.
[2026-08-02T02:26:31.353+0000] {processor.py:925} INFO - DAG(s) 'invoice_data_pipeline' retrieved from /opt/airflow/dags/invoice_data_pipeline_dag.py
[2026-08-02T02:26:31.380+0000] {logging_mixin.py:190} INFO - [2026-08-02T02:26:31.380+0000] {dag.py:3239} INFO - Sync 1 DAGs
[2026-08-02T02:26:31.406+0000] {logging_mixin.py:190} INFO - [2026-08-02T02:26:31.405+0000] {dag.py:4180} INFO - Setting next_dagrun for invoice_data_pipeline to 2026-08-02 00:00:00+00:00, run_after=2026-08-03 00:00:00+00:00
[2026-08-02T02:26:31.441+0000] {processor.py:208} INFO - Processing /opt/airflow/dags/invoice_data_pipeline_dag.py took 0.515 seconds
[2026-08-02T02:26:39.585+0000] {processor.py:186} INFO - Started process (PID=339) to work on /opt/airflow/dags/invoice_data_pipeline_dag.py
[2026-08-02T02:26:39.587+0000] {processor.py:914} INFO - Processing file /opt/airflow/dags/invoice_data_pipeline_dag.py for tasks to queue
[2026-08-02T02:26:39.590+0000] {logging_mixin.py:190} INFO - [2026-08-02T02:26:39.590+0000] {dagbag.py:588} INFO - Filling up the DagBag from /opt/airflow/dags/invoice_data_pipeline_dag.py
[2026-08-02T02:26:40.095+0000] {logging_mixin.py:190} INFO - Tables created successfully.
[2026-08-02T02:26:40.107+0000] {processor.py:925} INFO - DAG(s) 'invoice_data_pipeline' retrieved from /opt/airflow/dags/invoice_data_pipeline_dag.py
[2026-08-02T02:26:40.141+0000] {logging_mixin.py:190} INFO - [2026-08-02T02:26:40.140+0000] {dag.py:3239} INFO - Sync 1 DAGs
[2026-08-02T02:26:40.166+0000] {logging_mixin.py:190} INFO - [2026-08-02T02:26:40.165+0000] {dag.py:4180} INFO - Setting next_dagrun for invoice_data_pipeline to 2026-08-02 00:00:00+00:00, run_after=2026-08-03 00:00:00+00:00
[2026-08-02T02:26:40.195+0000] {processor.py:208} INFO - Processing /opt/airflow/dags/invoice_data_pipeline_dag.py took 0.616 seconds
[2026-08-02T02:27:10.336+0000] {processor.py:186} INFO - Started process (PID=357) to work on /opt/airflow/dags/invoice_data_pipeline_dag.py
[2026-08-02T02:27:10.337+0000] {processor.py:914} INFO - Processing file /opt/airflow/dags/invoice_data_pipeline_dag.py for tasks to queue
[2026-08-02T02:27:10.342+0000] {logging_mixin.py:190} INFO - [2026-08-02T02:27:10.341+0000] {dagbag.py:588} INFO - Filling up the DagBag from /opt/airflow/dags/invoice_data_pipeline_dag.py
[2026-08-02T02:27:10.738+0000] {logging_mixin.py:190} INFO - Tables created successfully.
[2026-08-02T02:27:10.748+0000] {processor.py:925} INFO - DAG(s) 'invoice_data_pipeline' retrieved from /opt/airflow/dags/invoice_data_pipeline_dag.py
[2026-08-02T02:27:10.780+0000] {logging_mixin.py:190} INFO - [2026-08-02T02:27:10.779+0000] {dag.py:3239} INFO - Sync 1 DAGs
[2026-08-02T02:27:10.804+0000] {logging_mixin.py:190} INFO - [2026-08-02T02:27:10.803+0000] {dag.py:4180} INFO - Setting next_dagrun for invoice_data_pipeline to 2026-08-02 00:00:00+00:00, run_after=2026-08-03 00:00:00+00:00
[2026-08-02T02:27:10.822+0000] {processor.py:208} INFO - Processing /opt/airflow/dags/invoice_data_pipeline_dag.py took 0.493 seconds
[2026-08-02T02:27:41.188+0000] {processor.py:186} INFO - Started process (PID=363) to work on /opt/airflow/dags/invoice_data_pipeline_dag.py
[2026-08-02T02:27:41.190+0000] {processor.py:914} INFO - Processing file /opt/airflow/dags/invoice_data_pipeline_dag.py for tasks to queue
[2026-08-02T02:27:41.195+0000] {logging_mixin.py:190} INFO - [2026-08-02T02:27:41.194+0000] {dagbag.py:588} INFO - Filling up the DagBag from /opt/airflow/dags/invoice_data_pipeline_dag.py
[2026-08-02T02:27:41.639+0000] {logging_mixin.py:190} INFO - Tables created successfully.
[2026-08-02T02:27:41.651+0000] {processor.py:925} INFO - DAG(s) 'invoice_data_pipeline' retrieved from /opt/airflow/dags/invoice_data_pipeline_dag.py
[2026-08-02T02:27:41.689+0000] {logging_mixin.py:190} INFO - [2026-08-02T02:27:41.688+0000] {dag.py:3239} INFO - Sync 1 DAGs
[2026-08-02T02:27:41.718+0000] {logging_mixin.py:190} INFO - [2026-08-02T02:27:41.718+0000] {dag.py:4180} INFO - Setting next_dagrun for invoice_data_pipeline to 2026-08-02 00:00:00+00:00, run_after=2026-08-03 00:00:00+00:00
[2026-08-02T02:27:41.744+0000] {processor.py:208} INFO - Processing /opt/airflow/dags/invoice_data_pipeline_dag.py took 0.566 seconds
[2026-08-02T02:28:12.129+0000] {processor.py:186} INFO - Started process (PID=369) to work on /opt/airflow/dags/invoice_data_pipeline_dag.py
[2026-08-02T02:28:12.132+0000] {processor.py:914} INFO - Processing file /opt/airflow/dags/invoice_data_pipeline_dag.py for tasks to queue
[2026-08-02T02:28:12.137+0000] {logging_mixin.py:190} INFO - [2026-08-02T02:28:12.136+0000] {dagbag.py:588} INFO - Filling up the DagBag from /opt/airflow/dags/invoice_data_pipeline_dag.py
[2026-08-02T02:28:12.656+0000] {logging_mixin.py:190} INFO - Tables created successfully.
[2026-08-02T02:28:12.666+0000] {processor.py:925} INFO - DAG(s) 'invoice_data_pipeline' retrieved from /opt/airflow/dags/invoice_data_pipeline_dag.py
[2026-08-02T02:28:12.701+0000] {logging_mixin.py:190} INFO - [2026-08-02T02:28:12.700+0000] {dag.py:3239} INFO - Sync 1 DAGs
[2026-08-02T02:28:12.731+0000] {logging_mixin.py:190} INFO - [2026-08-02T02:28:12.731+0000] {dag.py:4180} INFO - Setting next_dagrun for invoice_data_pipeline to 2026-08-02 00:00:00+00:00, run_after=2026-08-03 00:00:00+00:00
[2026-08-02T02:28:12.760+0000] {processor.py:208} INFO - Processing /opt/airflow/dags/invoice_data_pipeline_dag.py took 0.640 seconds
[2026-08-02T02:28:43.063+0000] {processor.py:186} INFO - Started process (PID=379) to work on /opt/airflow/dags/invoice_data_pipeline_dag.py
[2026-08-02T02:28:43.065+0000] {processor.py:914} INFO - Processing file /opt/airflow/dags/invoice_data_pipeline_dag.py for tasks to queue
[2026-08-02T02:28:43.069+0000] {logging_mixin.py:190} INFO - [2026-08-02T02:28:43.069+0000] {dagbag.py:588} INFO - Filling up the DagBag from /opt/airflow/dags/invoice_data_pipeline_dag.py
[2026-08-02T02:28:43.577+0000] {logging_mixin.py:190} INFO - Tables created successfully.
[2026-08-02T02:28:43.586+0000] {processor.py:925} INFO - DAG(s) 'invoice_data_pipeline' retrieved from /opt/airflow/dags/invoice_data_pipeline_dag.py
[2026-08-02T02:28:43.655+0000] {logging_mixin.py:190} INFO - [2026-08-02T02:28:43.654+0000] {dag.py:3239} INFO - Sync 1 DAGs
[2026-08-02T02:28:43.677+0000] {logging_mixin.py:190} INFO - [2026-08-02T02:28:43.677+0000] {dag.py:4180} INFO - Setting next_dagrun for invoice_data_pipeline to 2026-08-02 00:00:00+00:00, run_after=2026-08-03 00:00:00+00:00
[2026-08-02T02:28:43.705+0000] {processor.py:208} INFO - Processing /opt/airflow/dags/invoice_data_pipeline_dag.py took 0.651 seconds
[2026-08-02T02:29:14.055+0000] {processor.py:186} INFO - Started process (PID=389) to work on /opt/airflow/dags/invoice_data_pipeline_dag.py
[2026-08-02T02:29:14.058+0000] {processor.py:914} INFO - Processing file /opt/airflow/dags/invoice_data_pipeline_dag.py for tasks to queue
[2026-08-02T02:29:14.061+0000] {logging_mixin.py:190} INFO - [2026-08-02T02:29:14.060+0000] {dagbag.py:588} INFO - Filling up the DagBag from /opt/airflow/dags/invoice_data_pipeline_dag.py
[2026-08-02T02:29:14.425+0000] {logging_mixin.py:190} INFO - Tables created successfully.
[2026-08-02T02:29:14.437+0000] {processor.py:925} INFO - DAG(s) 'invoice_data_pipeline' retrieved from /opt/airflow/dags/invoice_data_pipeline_dag.py
[2026-08-02T02:29:14.477+0000] {logging_mixin.py:190} INFO - [2026-08-02T02:29:14.476+0000] {dag.py:3239} INFO - Sync 1 DAGs
[2026-08-02T02:29:14.504+0000] {logging_mixin.py:190} INFO - [2026-08-02T02:29:14.503+0000] {dag.py:4180} INFO - Setting next_dagrun for invoice_data_pipeline to 2026-08-02 00:00:00+00:00, run_after=2026-08-03 00:00:00+00:00
[2026-08-02T02:29:14.532+0000] {processor.py:208} INFO - Processing /opt/airflow/dags/invoice_data_pipeline_dag.py took 0.484 seconds
[2026-08-02T02:29:44.711+0000] {processor.py:186} INFO - Started process (PID=395) to work on /opt/airflow/dags/invoice_data_pipeline_dag.py
[2026-08-02T02:29:44.714+0000] {processor.py:914} INFO - Processing file /opt/airflow/dags/invoice_data_pipeline_dag.py for tasks to queue
[2026-08-02T02:29:44.718+0000] {logging_mixin.py:190} INFO - [2026-08-02T02:29:44.717+0000] {dagbag.py:588} INFO - Filling up the DagBag from /opt/airflow/dags/invoice_data_pipeline_dag.py
[2026-08-02T02:29:45.131+0000] {logging_mixin.py:190} INFO - Tables created successfully.
[2026-08-02T02:29:45.142+0000] {processor.py:925} INFO - DAG(s) 'invoice_data_pipeline' retrieved from /opt/airflow/dags/invoice_data_pipeline_dag.py
[2026-08-02T02:29:45.168+0000] {logging_mixin.py:190} INFO - [2026-08-02T02:29:45.167+0000] {dag.py:3239} INFO - Sync 1 DAGs
[2026-08-02T02:29:45.193+0000] {logging_mixin.py:190} INFO - [2026-08-02T02:29:45.192+0000] {dag.py:4180} INFO - Setting next_dagrun for invoice_data_pipeline to 2026-08-02 00:00:00+00:00, run_after=2026-08-03 00:00:00+00:00
[2026-08-02T02:29:45.210+0000] {processor.py:208} INFO - Processing /opt/airflow/dags/invoice_data_pipeline_dag.py took 0.508 seconds
[2026-08-02T02:30:15.576+0000] {processor.py:186} INFO - Started process (PID=401) to work on /opt/airflow/dags/invoice_data_pipeline_dag.py
[2026-08-02T02:30:15.579+0000] {processor.py:914} INFO - Processing file /opt/airflow/dags/invoice_data_pipeline_dag.py for tasks to queue
[2026-08-02T02:30:15.584+0000] {logging_mixin.py:190} INFO - [2026-08-02T02:30:15.583+0000] {dagbag.py:588} INFO - Filling up the DagBag from /opt/airflow/dags/invoice_data_pipeline_dag.py
[2026-08-02T02:30:16.257+0000] {logging_mixin.py:190} INFO - Tables created successfully.
[2026-08-02T02:30:16.280+0000] {processor.py:925} INFO - DAG(s) 'invoice_data_pipeline' retrieved from /opt/airflow/dags/invoice_data_pipeline_dag.py
[2026-08-02T02:30:16.360+0000] {logging_mixin.py:190} INFO - [2026-08-02T02:30:16.358+0000] {dag.py:3239} INFO - Sync 1 DAGs
[2026-08-02T02:30:16.397+0000] {logging_mixin.py:190} INFO - [2026-08-02T02:30:16.397+0000] {dag.py:4180} INFO - Setting next_dagrun for invoice_data_pipeline to 2026-08-02 00:00:00+00:00, run_after=2026-08-03 00:00:00+00:00
[2026-08-02T02:30:16.421+0000] {processor.py:208} INFO - Processing /opt/airflow/dags/invoice_data_pipeline_dag.py took 0.852 seconds
[2026-08-02T02:30:46.764+0000] {processor.py:186} INFO - Started process (PID=411) to work on /opt/airflow/dags/invoice_data_pipeline_dag.py
[2026-08-02T02:30:46.765+0000] {processor.py:914} INFO - Processing file /opt/airflow/dags/invoice_data_pipeline_dag.py for tasks to queue
[2026-08-02T02:30:46.769+0000] {logging_mixin.py:190} INFO - [2026-08-02T02:30:46.769+0000] {dagbag.py:588} INFO - Filling up the DagBag from /opt/airflow/dags/invoice_data_pipeline_dag.py
[2026-08-02T02:30:47.078+0000] {logging_mixin.py:190} INFO - Tables created successfully.
[2026-08-02T02:30:47.089+0000] {processor.py:925} INFO - DAG(s) 'invoice_data_pipeline' retrieved from /opt/airflow/dags/invoice_data_pipeline_dag.py
[2026-08-02T02:30:47.119+0000] {logging_mixin.py:190} INFO - [2026-08-02T02:30:47.119+0000] {dag.py:3239} INFO - Sync 1 DAGs
[2026-08-02T02:30:47.140+0000] {logging_mixin.py:190} INFO - [2026-08-02T02:30:47.139+0000] {dag.py:4180} INFO - Setting next_dagrun for invoice_data_pipeline to 2026-08-02 00:00:00+00:00, run_after=2026-08-03 00:00:00+00:00
[2026-08-02T02:30:47.163+0000] {processor.py:208} INFO - Processing /opt/airflow/dags/invoice_data_pipeline_dag.py took 0.406 seconds
[2026-08-02T02:31:17.472+0000] {processor.py:186} INFO - Started process (PID=421) to work on /opt/airflow/dags/invoice_data_pipeline_dag.py
[2026-08-02T02:31:17.474+0000] {processor.py:914} INFO - Processing file /opt/airflow/dags/invoice_data_pipeline_dag.py for tasks to queue
[2026-08-02T02:31:17.478+0000] {logging_mixin.py:190} INFO - [2026-08-02T02:31:17.477+0000] {dagbag.py:588} INFO - Filling up the DagBag from /opt/airflow/dags/invoice_data_pipeline_dag.py
[2026-08-02T02:31:17.803+0000] {logging_mixin.py:190} INFO - Tables created successfully.
[2026-08-02T02:31:17.813+0000] {processor.py:925} INFO - DAG(s) 'invoice_data_pipeline' retrieved from /opt/airflow/dags/invoice_data_pipeline_dag.py
[2026-08-02T02:31:17.841+0000] {logging_mixin.py:190} INFO - [2026-08-02T02:31:17.840+0000] {dag.py:3239} INFO - Sync 1 DAGs
[2026-08-02T02:31:17.861+0000] {logging_mixin.py:190} INFO - [2026-08-02T02:31:17.861+0000] {dag.py:4180} INFO - Setting next_dagrun for invoice_data_pipeline to 2026-08-02 00:00:00+00:00, run_after=2026-08-03 00:00:00+00:00
[2026-08-02T02:31:17.886+0000] {processor.py:208} INFO - Processing /opt/airflow/dags/invoice_data_pipeline_dag.py took 0.421 seconds
[2026-08-02T02:31:48.237+0000] {processor.py:186} INFO - Started process (PID=427) to work on /opt/airflow/dags/invoice_data_pipeline_dag.py
[2026-08-02T02:31:48.240+0000] {processor.py:914} INFO - Processing file /opt/airflow/dags/invoice_data_pipeline_dag.py for tasks to queue
[2026-08-02T02:31:48.247+0000] {logging_mixin.py:190} INFO - [2026-08-02T02:31:48.246+0000] {dagbag.py:588} INFO - Filling up the DagBag from /opt/airflow/dags/invoice_data_pipeline_dag.py
[2026-08-02T02:31:48.673+0000] {logging_mixin.py:190} INFO - Tables created successfully.
[2026-08-02T02:31:48.684+0000] {processor.py:925} INFO - DAG(s) 'invoice_data_pipeline' retrieved from /opt/airflow/dags/invoice_data_pipeline_dag.py
[2026-08-02T02:31:48.717+0000] {logging_mixin.py:190} INFO - [2026-08-02T02:31:48.716+0000] {dag.py:3239} INFO - Sync 1 DAGs
[2026-08-02T02:31:48.746+0000] {logging_mixin.py:190} INFO - [2026-08-02T02:31:48.746+0000] {dag.py:4180} INFO - Setting next_dagrun for invoice_data_pipeline to 2026-08-02 00:00:00+00:00, run_after=2026-08-03 00:00:00+00:00
[2026-08-02T02:31:48.772+0000] {processor.py:208} INFO - Processing /opt/airflow/dags/invoice_data_pipeline_dag.py took 0.554 seconds
[2026-08-02T02:31:57.869+0000] {processor.py:186} INFO - Started process (PID=433) to work on /opt/airflow/dags/invoice_data_pipeline_dag.py
[2026-08-02T02:31:57.871+0000] {processor.py:914} INFO - Processing file /opt/airflow/dags/invoice_data_pipeline_dag.py for tasks to queue
[2026-08-02T02:31:57.875+0000] {logging_mixin.py:190} INFO - [2026-08-02T02:31:57.875+0000] {dagbag.py:588} INFO - Filling up the DagBag from /opt/airflow/dags/invoice_data_pipeline_dag.py
[2026-08-02T02:31:58.429+0000] {logging_mixin.py:190} INFO - Tables created successfully.
[2026-08-02T02:31:58.439+0000] {processor.py:925} INFO - DAG(s) 'invoice_data_pipeline' retrieved from /opt/airflow/dags/invoice_data_pipeline_dag.py
[2026-08-02T02:31:58.480+0000] {logging_mixin.py:190} INFO - [2026-08-02T02:31:58.479+0000] {dag.py:3239} INFO - Sync 1 DAGs
[2026-08-02T02:31:58.510+0000] {logging_mixin.py:190} INFO - [2026-08-02T02:31:58.510+0000] {dag.py:4180} INFO - Setting next_dagrun for invoice_data_pipeline to 2026-08-02 00:00:00+00:00, run_after=2026-08-03 00:00:00+00:00
[2026-08-02T02:31:58.550+0000] {processor.py:208} INFO - Processing /opt/airflow/dags/invoice_data_pipeline_dag.py took 0.691 seconds
[2026-08-02T02:32:28.890+0000] {processor.py:186} INFO - Started process (PID=455) to work on /opt/airflow/dags/invoice_data_pipeline_dag.py
[2026-08-02T02:32:28.892+0000] {processor.py:914} INFO - Processing file /opt/airflow/dags/invoice_data_pipeline_dag.py for tasks to queue
[2026-08-02T02:32:28.897+0000] {logging_mixin.py:190} INFO - [2026-08-02T02:32:28.896+0000] {dagbag.py:588} INFO - Filling up the DagBag from /opt/airflow/dags/invoice_data_pipeline_dag.py
[2026-08-02T02:32:29.421+0000] {logging_mixin.py:190} INFO - Tables created successfully.
[2026-08-02T02:32:29.432+0000] {processor.py:925} INFO - DAG(s) 'invoice_data_pipeline' retrieved from /opt/airflow/dags/invoice_data_pipeline_dag.py
[2026-08-02T02:32:29.465+0000] {logging_mixin.py:190} INFO - [2026-08-02T02:32:29.465+0000] {dag.py:3239} INFO - Sync 1 DAGs
[2026-08-02T02:32:29.496+0000] {logging_mixin.py:190} INFO - [2026-08-02T02:32:29.495+0000] {dag.py:4180} INFO - Setting next_dagrun for invoice_data_pipeline to 2026-08-02 00:00:00+00:00, run_after=2026-08-03 00:00:00+00:00
[2026-08-02T02:32:29.522+0000] {processor.py:208} INFO - Processing /opt/airflow/dags/invoice_data_pipeline_dag.py took 0.640 seconds
[2026-08-02T02:32:59.886+0000] {processor.py:186} INFO - Started process (PID=469) to work on /opt/airflow/dags/invoice_data_pipeline_dag.py
[2026-08-02T02:32:59.887+0000] {processor.py:914} INFO - Processing file /opt/airflow/dags/invoice_data_pipeline_dag.py for tasks to queue
[2026-08-02T02:32:59.893+0000] {logging_mixin.py:190} INFO - [2026-08-02T02:32:59.892+0000] {dagbag.py:588} INFO - Filling up the DagBag from /opt/airflow/dags/invoice_data_pipeline_dag.py
[2026-08-02T02:33:00.310+0000] {logging_mixin.py:190} INFO - Tables created successfully.
[2026-08-02T02:33:00.319+0000] {processor.py:925} INFO - DAG(s) 'invoice_data_pipeline' retrieved from /opt/airflow/dags/invoice_data_pipeline_dag.py
[2026-08-02T02:33:00.347+0000] {logging_mixin.py:190} INFO - [2026-08-02T02:33:00.345+0000] {dag.py:3239} INFO - Sync 1 DAGs
[2026-08-02T02:33:00.372+0000] {logging_mixin.py:190} INFO - [2026-08-02T02:33:00.372+0000] {dag.py:4180} INFO - Setting next_dagrun for invoice_data_pipeline to 2026-08-02 00:00:00+00:00, run_after=2026-08-03 00:00:00+00:00
[2026-08-02T02:33:00.395+0000] {processor.py:208} INFO - Processing /opt/airflow/dags/invoice_data_pipeline_dag.py took 0.517 seconds
[2026-08-02T02:33:30.743+0000] {processor.py:186} INFO - Started process (PID=475) to work on /opt/airflow/dags/invoice_data_pipeline_dag.py
[2026-08-02T02:33:30.745+0000] {processor.py:914} INFO - Processing file /opt/airflow/dags/invoice_data_pipeline_dag.py for tasks to queue
[2026-08-02T02:33:30.748+0000] {logging_mixin.py:190} INFO - [2026-08-02T02:33:30.748+0000] {dagbag.py:588} INFO - Filling up the DagBag from /opt/airflow/dags/invoice_data_pipeline_dag.py
[2026-08-02T02:33:31.099+0000] {logging_mixin.py:190} INFO - Tables created successfully.
[2026-08-02T02:33:31.108+0000] {processor.py:925} INFO - DAG(s) 'invoice_data_pipeline' retrieved from /opt/airflow/dags/invoice_data_pipeline_dag.py
[2026-08-02T02:33:31.137+0000] {logging_mixin.py:190} INFO - [2026-08-02T02:33:31.136+0000] {dag.py:3239} INFO - Sync 1 DAGs
[2026-08-02T02:33:31.159+0000] {logging_mixin.py:190} INFO - [2026-08-02T02:33:31.159+0000] {dag.py:4180} INFO - Setting next_dagrun for invoice_data_pipeline to 2026-08-02 00:00:00+00:00, run_after=2026-08-03 00:00:00+00:00
[2026-08-02T02:33:31.182+0000] {processor.py:208} INFO - Processing /opt/airflow/dags/invoice_data_pipeline_dag.py took 0.448 seconds
[2026-08-02T02:34:01.719+0000] {processor.py:186} INFO - Started process (PID=481) to work on /opt/airflow/dags/invoice_data_pipeline_dag.py
[2026-08-02T02:34:01.721+0000] {processor.py:914} INFO - Processing file /opt/airflow/dags/invoice_data_pipeline_dag.py for tasks to queue
[2026-08-02T02:34:01.725+0000] {logging_mixin.py:190} INFO - [2026-08-02T02:34:01.725+0000] {dagbag.py:588} INFO - Filling up the DagBag from /opt/airflow/dags/invoice_data_pipeline_dag.py
[2026-08-02T02:34:02.075+0000] {logging_mixin.py:190} INFO - Tables created successfully.
[2026-08-02T02:34:02.085+0000] {processor.py:925} INFO - DAG(s) 'invoice_data_pipeline' retrieved from /opt/airflow/dags/invoice_data_pipeline_dag.py
[2026-08-02T02:34:02.116+0000] {logging_mixin.py:190} INFO - [2026-08-02T02:34:02.115+0000] {dag.py:3239} INFO - Sync 1 DAGs
[2026-08-02T02:34:02.141+0000] {logging_mixin.py:190} INFO - [2026-08-02T02:34:02.141+0000] {dag.py:4180} INFO - Setting next_dagrun for invoice_data_pipeline to 2026-08-02 00:00:00+00:00, run_after=2026-08-03 00:00:00+00:00
[2026-08-02T02:34:02.168+0000] {processor.py:208} INFO - Processing /opt/airflow/dags/invoice_data_pipeline_dag.py took 0.456 seconds
[2026-08-02T04:11:38.139+0000] {processor.py:186} INFO - Started process (PID=174) to work on /opt/airflow/dags/invoice_data_pipeline_dag.py
[2026-08-02T04:11:38.141+0000] {processor.py:914} INFO - Processing file /opt/airflow/dags/invoice_data_pipeline_dag.py for tasks to queue
[2026-08-02T04:11:38.145+0000] {logging_mixin.py:190} INFO - [2026-08-02T04:11:38.144+0000] {dagbag.py:588} INFO - Filling up the DagBag from /opt/airflow/dags/invoice_data_pipeline_dag.py
[2026-08-02T04:11:39.731+0000] {logging_mixin.py:190} INFO - Tables created successfully.
[2026-08-02T04:11:39.750+0000] {processor.py:925} INFO - DAG(s) 'invoice_data_pipeline' retrieved from /opt/airflow/dags/invoice_data_pipeline_dag.py
[2026-08-02T04:11:39.837+0000] {logging_mixin.py:190} INFO - [2026-08-02T04:11:39.836+0000] {dag.py:3239} INFO - Sync 1 DAGs
[2026-08-02T04:11:39.902+0000] {logging_mixin.py:190} INFO - [2026-08-02T04:11:39.902+0000] {dag.py:4180} INFO - Setting next_dagrun for invoice_data_pipeline to 2026-08-02 00:00:00+00:00, run_after=2026-08-03 00:00:00+00:00
[2026-08-02T04:11:39.962+0000] {processor.py:208} INFO - Processing /opt/airflow/dags/invoice_data_pipeline_dag.py took 1.834 seconds
[2026-08-02T04:12:10.321+0000] {processor.py:186} INFO - Started process (PID=220) to work on /opt/airflow/dags/invoice_data_pipeline_dag.py
[2026-08-02T04:12:10.323+0000] {processor.py:914} INFO - Processing file /opt/airflow/dags/invoice_data_pipeline_dag.py for tasks to queue
[2026-08-02T04:12:10.326+0000] {logging_mixin.py:190} INFO - [2026-08-02T04:12:10.326+0000] {dagbag.py:588} INFO - Filling up the DagBag from /opt/airflow/dags/invoice_data_pipeline_dag.py
[2026-08-02T04:12:10.838+0000] {logging_mixin.py:190} INFO - Tables created successfully.
[2026-08-02T04:12:10.846+0000] {processor.py:925} INFO - DAG(s) 'invoice_data_pipeline' retrieved from /opt/airflow/dags/invoice_data_pipeline_dag.py
[2026-08-02T04:12:10.879+0000] {logging_mixin.py:190} INFO - [2026-08-02T04:12:10.879+0000] {dag.py:3239} INFO - Sync 1 DAGs
[2026-08-02T04:12:10.902+0000] {logging_mixin.py:190} INFO - [2026-08-02T04:12:10.902+0000] {dag.py:4180} INFO - Setting next_dagrun for invoice_data_pipeline to 2026-08-02 00:00:00+00:00, run_after=2026-08-03 00:00:00+00:00
[2026-08-02T04:12:10.924+0000] {processor.py:208} INFO - Processing /opt/airflow/dags/invoice_data_pipeline_dag.py took 0.609 seconds
[2026-08-02T04:12:41.159+0000] {processor.py:186} INFO - Started process (PID=226) to work on /opt/airflow/dags/invoice_data_pipeline_dag.py
[2026-08-02T04:12:41.160+0000] {processor.py:914} INFO - Processing file /opt/airflow/dags/invoice_data_pipeline_dag.py for tasks to queue
[2026-08-02T04:12:41.163+0000] {logging_mixin.py:190} INFO - [2026-08-02T04:12:41.163+0000] {dagbag.py:588} INFO - Filling up the DagBag from /opt/airflow/dags/invoice_data_pipeline_dag.py
[2026-08-02T04:12:41.628+0000] {logging_mixin.py:190} INFO - Tables created successfully.
[2026-08-02T04:12:41.637+0000] {processor.py:925} INFO - DAG(s) 'invoice_data_pipeline' retrieved from /opt/airflow/dags/invoice_data_pipeline_dag.py
[2026-08-02T04:12:41.664+0000] {logging_mixin.py:190} INFO - [2026-08-02T04:12:41.662+0000] {dag.py:3239} INFO - Sync 1 DAGs
[2026-08-02T04:12:41.684+0000] {logging_mixin.py:190} INFO - [2026-08-02T04:12:41.684+0000] {dag.py:4180} INFO - Setting next_dagrun for invoice_data_pipeline to 2026-08-02 00:00:00+00:00, run_after=2026-08-03 00:00:00+00:00
[2026-08-02T04:12:41.705+0000] {processor.py:208} INFO - Processing /opt/airflow/dags/invoice_data_pipeline_dag.py took 0.551 seconds
[2026-08-02T04:13:11.939+0000] {processor.py:186} INFO - Started process (PID=232) to work on /opt/airflow/dags/invoice_data_pipeline_dag.py
[2026-08-02T04:13:11.941+0000] {processor.py:914} INFO - Processing file /opt/airflow/dags/invoice_data_pipeline_dag.py for tasks to queue
[2026-08-02T04:13:11.945+0000] {logging_mixin.py:190} INFO - [2026-08-02T04:13:11.945+0000] {dagbag.py:588} INFO - Filling up the DagBag from /opt/airflow/dags/invoice_data_pipeline_dag.py
[2026-08-02T04:13:12.450+0000] {logging_mixin.py:190} INFO - Tables created successfully.
[2026-08-02T04:13:12.459+0000] {processor.py:925} INFO - DAG(s) 'invoice_data_pipeline' retrieved from /opt/airflow/dags/invoice_data_pipeline_dag.py
[2026-08-02T04:13:12.485+0000] {logging_mixin.py:190} INFO - [2026-08-02T04:13:12.484+0000] {dag.py:3239} INFO - Sync 1 DAGs
[2026-08-02T04:13:12.505+0000] {logging_mixin.py:190} INFO - [2026-08-02T04:13:12.505+0000] {dag.py:4180} INFO - Setting next_dagrun for invoice_data_pipeline to 2026-08-02 00:00:00+00:00, run_after=2026-08-03 00:00:00+00:00
[2026-08-02T04:13:12.524+0000] {processor.py:208} INFO - Processing /opt/airflow/dags/invoice_data_pipeline_dag.py took 0.593 seconds
[2026-08-02T04:13:42.804+0000] {processor.py:186} INFO - Started process (PID=238) to work on /opt/airflow/dags/invoice_data_pipeline_dag.py
[2026-08-02T04:13:42.805+0000] {processor.py:914} INFO - Processing file /opt/airflow/dags/invoice_data_pipeline_dag.py for tasks to queue
[2026-08-02T04:13:42.809+0000] {logging_mixin.py:190} INFO - [2026-08-02T04:13:42.808+0000] {dagbag.py:588} INFO - Filling up the DagBag from /opt/airflow/dags/invoice_data_pipeline_dag.py
[2026-08-02T04:13:43.360+0000] {logging_mixin.py:190} INFO - Tables created successfully.
[2026-08-02T04:13:43.371+0000] {processor.py:925} INFO - DAG(s) 'invoice_data_pipeline' retrieved from /opt/airflow/dags/invoice_data_pipeline_dag.py
[2026-08-02T04:13:43.396+0000] {logging_mixin.py:190} INFO - [2026-08-02T04:13:43.396+0000] {dag.py:3239} INFO - Sync 1 DAGs
[2026-08-02T04:13:43.414+0000] {logging_mixin.py:190} INFO - [2026-08-02T04:13:43.414+0000] {dag.py:4180} INFO - Setting next_dagrun for invoice_data_pipeline to 2026-08-02 00:00:00+00:00, run_after=2026-08-03 00:00:00+00:00
[2026-08-02T04:13:43.432+0000] {processor.py:208} INFO - Processing /opt/airflow/dags/invoice_data_pipeline_dag.py took 0.635 seconds
[2026-08-02T04:14:13.702+0000] {processor.py:186} INFO - Started process (PID=256) to work on /opt/airflow/dags/invoice_data_pipeline_dag.py
[2026-08-02T04:14:13.704+0000] {processor.py:914} INFO - Processing file /opt/airflow/dags/invoice_data_pipeline_dag.py for tasks to queue
[2026-08-02T04:14:13.708+0000] {logging_mixin.py:190} INFO - [2026-08-02T04:14:13.707+0000] {dagbag.py:588} INFO - Filling up the DagBag from /opt/airflow/dags/invoice_data_pipeline_dag.py
[2026-08-02T04:14:14.415+0000] {logging_mixin.py:190} INFO - Tables created successfully.
[2026-08-02T04:14:14.425+0000] {processor.py:925} INFO - DAG(s) 'invoice_data_pipeline' retrieved from /opt/airflow/dags/invoice_data_pipeline_dag.py
[2026-08-02T04:14:14.458+0000] {logging_mixin.py:190} INFO - [2026-08-02T04:14:14.458+0000] {dag.py:3239} INFO - Sync 1 DAGs
[2026-08-02T04:14:14.485+0000] {logging_mixin.py:190} INFO - [2026-08-02T04:14:14.485+0000] {dag.py:4180} INFO - Setting next_dagrun for invoice_data_pipeline to 2026-08-02 00:00:00+00:00, run_after=2026-08-03 00:00:00+00:00
[2026-08-02T04:14:14.511+0000] {processor.py:208} INFO - Processing /opt/airflow/dags/invoice_data_pipeline_dag.py took 0.818 seconds
[2026-08-02T04:14:44.651+0000] {processor.py:186} INFO - Started process (PID=262) to work on /opt/airflow/dags/invoice_data_pipeline_dag.py
[2026-08-02T04:14:44.652+0000] {processor.py:914} INFO - Processing file /opt/airflow/dags/invoice_data_pipeline_dag.py for tasks to queue
[2026-08-02T04:14:44.655+0000] {logging_mixin.py:190} INFO - [2026-08-02T04:14:44.654+0000] {dagbag.py:588} INFO - Filling up the DagBag from /opt/airflow/dags/invoice_data_pipeline_dag.py
[2026-08-02T04:14:45.308+0000] {logging_mixin.py:190} INFO - Tables created successfully.
[2026-08-02T04:14:45.315+0000] {processor.py:925} INFO - DAG(s) 'invoice_data_pipeline' retrieved from /opt/airflow/dags/invoice_data_pipeline_dag.py
[2026-08-02T04:14:45.341+0000] {logging_mixin.py:190} INFO - [2026-08-02T04:14:45.340+0000] {dag.py:3239} INFO - Sync 1 DAGs
[2026-08-02T04:14:45.361+0000] {logging_mixin.py:190} INFO - [2026-08-02T04:14:45.361+0000] {dag.py:4180} INFO - Setting next_dagrun for invoice_data_pipeline to 2026-08-02 00:00:00+00:00, run_after=2026-08-03 00:00:00+00:00
[2026-08-02T04:14:45.380+0000] {processor.py:208} INFO - Processing /opt/airflow/dags/invoice_data_pipeline_dag.py took 0.735 seconds
[2026-08-02T04:15:15.652+0000] {processor.py:186} INFO - Started process (PID=268) to work on /opt/airflow/dags/invoice_data_pipeline_dag.py
[2026-08-02T04:15:15.653+0000] {processor.py:914} INFO - Processing file /opt/airflow/dags/invoice_data_pipeline_dag.py for tasks to queue
[2026-08-02T04:15:15.657+0000] {logging_mixin.py:190} INFO - [2026-08-02T04:15:15.656+0000] {dagbag.py:588} INFO - Filling up the DagBag from /opt/airflow/dags/invoice_data_pipeline_dag.py
[2026-08-02T04:15:16.176+0000] {logging_mixin.py:190} INFO - Tables created successfully.
[2026-08-02T04:15:16.184+0000] {processor.py:925} INFO - DAG(s) 'invoice_data_pipeline' retrieved from /opt/airflow/dags/invoice_data_pipeline_dag.py
[2026-08-02T04:15:16.208+0000] {logging_mixin.py:190} INFO - [2026-08-02T04:15:16.208+0000] {dag.py:3239} INFO - Sync 1 DAGs
[2026-08-02T04:15:16.230+0000] {logging_mixin.py:190} INFO - [2026-08-02T04:15:16.229+0000] {dag.py:4180} INFO - Setting next_dagrun for invoice_data_pipeline to 2026-08-02 00:00:00+00:00, run_after=2026-08-03 00:00:00+00:00
[2026-08-02T04:15:16.252+0000] {processor.py:208} INFO - Processing /opt/airflow/dags/invoice_data_pipeline_dag.py took 0.607 seconds
[2026-08-02T04:15:46.513+0000] {processor.py:186} INFO - Started process (PID=274) to work on /opt/airflow/dags/invoice_data_pipeline_dag.py
[2026-08-02T04:15:46.515+0000] {processor.py:914} INFO - Processing file /opt/airflow/dags/invoice_data_pipeline_dag.py for tasks to queue
[2026-08-02T04:15:46.519+0000] {logging_mixin.py:190} INFO - [2026-08-02T04:15:46.518+0000] {dagbag.py:588} INFO - Filling up the DagBag from /opt/airflow/dags/invoice_data_pipeline_dag.py
[2026-08-02T04:15:47.460+0000] {logging_mixin.py:190} INFO - Tables created successfully.
[2026-08-02T04:15:47.473+0000] {processor.py:925} INFO - DAG(s) 'invoice_data_pipeline' retrieved from /opt/airflow/dags/invoice_data_pipeline_dag.py
[2026-08-02T04:15:47.535+0000] {logging_mixin.py:190} INFO - [2026-08-02T04:15:47.534+0000] {dag.py:3239} INFO - Sync 1 DAGs
[2026-08-02T04:15:47.564+0000] {logging_mixin.py:190} INFO - [2026-08-02T04:15:47.564+0000] {dag.py:4180} INFO - Setting next_dagrun for invoice_data_pipeline to 2026-08-02 00:00:00+00:00, run_after=2026-08-03 00:00:00+00:00
[2026-08-02T04:15:47.588+0000] {processor.py:208} INFO - Processing /opt/airflow/dags/invoice_data_pipeline_dag.py took 1.081 seconds
[2026-08-02T04:16:17.787+0000] {processor.py:186} INFO - Started process (PID=292) to work on /opt/airflow/dags/invoice_data_pipeline_dag.py
[2026-08-02T04:16:17.789+0000] {processor.py:914} INFO - Processing file /opt/airflow/dags/invoice_data_pipeline_dag.py for tasks to queue
[2026-08-02T04:16:17.793+0000] {logging_mixin.py:190} INFO - [2026-08-02T04:16:17.792+0000] {dagbag.py:588} INFO - Filling up the DagBag from /opt/airflow/dags/invoice_data_pipeline_dag.py
[2026-08-02T04:16:18.302+0000] {logging_mixin.py:190} INFO - Tables created successfully.
[2026-08-02T04:16:18.310+0000] {processor.py:925} INFO - DAG(s) 'invoice_data_pipeline' retrieved from /opt/airflow/dags/invoice_data_pipeline_dag.py
[2026-08-02T04:16:18.334+0000] {logging_mixin.py:190} INFO - [2026-08-02T04:16:18.334+0000] {dag.py:3239} INFO - Sync 1 DAGs
[2026-08-02T04:16:18.354+0000] {logging_mixin.py:190} INFO - [2026-08-02T04:16:18.353+0000] {dag.py:4180} INFO - Setting next_dagrun for invoice_data_pipeline to 2026-08-02 00:00:00+00:00, run_after=2026-08-03 00:00:00+00:00
[2026-08-02T04:16:18.373+0000] {processor.py:208} INFO - Processing /opt/airflow/dags/invoice_data_pipeline_dag.py took 0.592 seconds
[2026-08-02T04:16:48.633+0000] {processor.py:186} INFO - Started process (PID=298) to work on /opt/airflow/dags/invoice_data_pipeline_dag.py
[2026-08-02T04:16:48.635+0000] {processor.py:914} INFO - Processing file /opt/airflow/dags/invoice_data_pipeline_dag.py for tasks to queue
[2026-08-02T04:16:48.638+0000] {logging_mixin.py:190} INFO - [2026-08-02T04:16:48.638+0000] {dagbag.py:588} INFO - Filling up the DagBag from /opt/airflow/dags/invoice_data_pipeline_dag.py
[2026-08-02T04:16:49.193+0000] {logging_mixin.py:190} INFO - Tables created successfully.
[2026-08-02T04:16:49.201+0000] {processor.py:925} INFO - DAG(s) 'invoice_data_pipeline' retrieved from /opt/airflow/dags/invoice_data_pipeline_dag.py
[2026-08-02T04:16:49.228+0000] {logging_mixin.py:190} INFO - [2026-08-02T04:16:49.227+0000] {dag.py:3239} INFO - Sync 1 DAGs
[2026-08-02T04:16:49.253+0000] {logging_mixin.py:190} INFO - [2026-08-02T04:16:49.252+0000] {dag.py:4180} INFO - Setting next_dagrun for invoice_data_pipeline to 2026-08-02 00:00:00+00:00, run_after=2026-08-03 00:00:00+00:00
[2026-08-02T04:16:49.274+0000] {processor.py:208} INFO - Processing /opt/airflow/dags/invoice_data_pipeline_dag.py took 0.647 seconds
[2026-08-02T04:17:19.504+0000] {processor.py:186} INFO - Started process (PID=304) to work on /opt/airflow/dags/invoice_data_pipeline_dag.py
[2026-08-02T04:17:19.506+0000] {processor.py:914} INFO - Processing file /opt/airflow/dags/invoice_data_pipeline_dag.py for tasks to queue
[2026-08-02T04:17:19.510+0000] {logging_mixin.py:190} INFO - [2026-08-02T04:17:19.510+0000] {dagbag.py:588} INFO - Filling up the DagBag from /opt/airflow/dags/invoice_data_pipeline_dag.py
[2026-08-02T04:17:20.029+0000] {logging_mixin.py:190} INFO - Tables created successfully.
[2026-08-02T04:17:20.039+0000] {processor.py:925} INFO - DAG(s) 'invoice_data_pipeline' retrieved from /opt/airflow/dags/invoice_data_pipeline_dag.py
[2026-08-02T04:17:20.069+0000] {logging_mixin.py:190} INFO - [2026-08-02T04:17:20.068+0000] {dag.py:3239} INFO - Sync 1 DAGs
[2026-08-02T04:17:20.098+0000] {logging_mixin.py:190} INFO - [2026-08-02T04:17:20.097+0000] {dag.py:4180} INFO - Setting next_dagrun for invoice_data_pipeline to 2026-08-02 00:00:00+00:00, run_after=2026-08-03 00:00:00+00:00
[2026-08-02T04:17:20.116+0000] {processor.py:208} INFO - Processing /opt/airflow/dags/invoice_data_pipeline_dag.py took 0.619 seconds
[2026-08-02T04:17:50.395+0000] {processor.py:186} INFO - Started process (PID=310) to work on /opt/airflow/dags/invoice_data_pipeline_dag.py
[2026-08-02T04:17:50.397+0000] {processor.py:914} INFO - Processing file /opt/airflow/dags/invoice_data_pipeline_dag.py for tasks to queue
[2026-08-02T04:17:50.401+0000] {logging_mixin.py:190} INFO - [2026-08-02T04:17:50.401+0000] {dagbag.py:588} INFO - Filling up the DagBag from /opt/airflow/dags/invoice_data_pipeline_dag.py
[2026-08-02T04:17:50.943+0000] {logging_mixin.py:190} INFO - Tables created successfully.
[2026-08-02T04:17:50.951+0000] {processor.py:925} INFO - DAG(s) 'invoice_data_pipeline' retrieved from /opt/airflow/dags/invoice_data_pipeline_dag.py
[2026-08-02T04:17:50.976+0000] {logging_mixin.py:190} INFO - [2026-08-02T04:17:50.976+0000] {dag.py:3239} INFO - Sync 1 DAGs
[2026-08-02T04:17:50.999+0000] {logging_mixin.py:190} INFO - [2026-08-02T04:17:50.998+0000] {dag.py:4180} INFO - Setting next_dagrun for invoice_data_pipeline to 2026-08-02 00:00:00+00:00, run_after=2026-08-03 00:00:00+00:00
[2026-08-02T04:17:51.018+0000] {processor.py:208} INFO - Processing /opt/airflow/dags/invoice_data_pipeline_dag.py took 0.632 seconds
[2026-08-02T04:18:21.306+0000] {processor.py:186} INFO - Started process (PID=328) to work on /opt/airflow/dags/invoice_data_pipeline_dag.py
[2026-08-02T04:18:21.308+0000] {processor.py:914} INFO - Processing file /opt/airflow/dags/invoice_data_pipeline_dag.py for tasks to queue
[2026-08-02T04:18:21.310+0000] {logging_mixin.py:190} INFO - [2026-08-02T04:18:21.310+0000] {dagbag.py:588} INFO - Filling up the DagBag from /opt/airflow/dags/invoice_data_pipeline_dag.py
[2026-08-02T04:18:21.867+0000] {logging_mixin.py:190} INFO - Tables created successfully.
[2026-08-02T04:18:21.875+0000] {processor.py:925} INFO - DAG(s) 'invoice_data_pipeline' retrieved from /opt/airflow/dags/invoice_data_pipeline_dag.py
[2026-08-02T04:18:21.899+0000] {logging_mixin.py:190} INFO - [2026-08-02T04:18:21.897+0000] {dag.py:3239} INFO - Sync 1 DAGs
[2026-08-02T04:18:21.918+0000] {logging_mixin.py:190} INFO - [2026-08-02T04:18:21.918+0000] {dag.py:4180} INFO - Setting next_dagrun for invoice_data_pipeline to 2026-08-02 00:00:00+00:00, run_after=2026-08-03 00:00:00+00:00
[2026-08-02T04:18:21.937+0000] {processor.py:208} INFO - Processing /opt/airflow/dags/invoice_data_pipeline_dag.py took 0.638 seconds
[2026-08-02T04:18:52.227+0000] {processor.py:186} INFO - Started process (PID=358) to work on /opt/airflow/dags/invoice_data_pipeline_dag.py
[2026-08-02T04:18:52.229+0000] {processor.py:914} INFO - Processing file /opt/airflow/dags/invoice_data_pipeline_dag.py for tasks to queue
[2026-08-02T04:18:52.231+0000] {logging_mixin.py:190} INFO - [2026-08-02T04:18:52.231+0000] {dagbag.py:588} INFO - Filling up the DagBag from /opt/airflow/dags/invoice_data_pipeline_dag.py
[2026-08-02T04:18:52.752+0000] {logging_mixin.py:190} INFO - Tables created successfully.
[2026-08-02T04:18:52.763+0000] {processor.py:925} INFO - DAG(s) 'invoice_data_pipeline' retrieved from /opt/airflow/dags/invoice_data_pipeline_dag.py
[2026-08-02T04:18:52.791+0000] {logging_mixin.py:190} INFO - [2026-08-02T04:18:52.791+0000] {dag.py:3239} INFO - Sync 1 DAGs
[2026-08-02T04:18:52.813+0000] {logging_mixin.py:190} INFO - [2026-08-02T04:18:52.813+0000] {dag.py:4180} INFO - Setting next_dagrun for invoice_data_pipeline to 2026-08-02 00:00:00+00:00, run_after=2026-08-03 00:00:00+00:00
[2026-08-02T04:18:52.834+0000] {processor.py:208} INFO - Processing /opt/airflow/dags/invoice_data_pipeline_dag.py took 0.612 seconds
[2026-08-02T04:19:23.101+0000] {processor.py:186} INFO - Started process (PID=364) to work on /opt/airflow/dags/invoice_data_pipeline_dag.py
[2026-08-02T04:19:23.103+0000] {processor.py:914} INFO - Processing file /opt/airflow/dags/invoice_data_pipeline_dag.py for tasks to queue
[2026-08-02T04:19:23.106+0000] {logging_mixin.py:190} INFO - [2026-08-02T04:19:23.106+0000] {dagbag.py:588} INFO - Filling up the DagBag from /opt/airflow/dags/invoice_data_pipeline_dag.py
[2026-08-02T04:19:23.691+0000] {logging_mixin.py:190} INFO - Tables created successfully.
[2026-08-02T04:19:23.700+0000] {processor.py:925} INFO - DAG(s) 'invoice_data_pipeline' retrieved from /opt/airflow/dags/invoice_data_pipeline_dag.py
[2026-08-02T04:19:23.734+0000] {logging_mixin.py:190} INFO - [2026-08-02T04:19:23.734+0000] {dag.py:3239} INFO - Sync 1 DAGs
[2026-08-02T04:19:23.758+0000] {logging_mixin.py:190} INFO - [2026-08-02T04:19:23.758+0000] {dag.py:4180} INFO - Setting next_dagrun for invoice_data_pipeline to 2026-08-02 00:00:00+00:00, run_after=2026-08-03 00:00:00+00:00
[2026-08-02T04:19:23.787+0000] {processor.py:208} INFO - Processing /opt/airflow/dags/invoice_data_pipeline_dag.py took 0.693 seconds
[2026-08-02T04:19:53.940+0000] {processor.py:186} INFO - Started process (PID=370) to work on /opt/airflow/dags/invoice_data_pipeline_dag.py
[2026-08-02T04:19:53.942+0000] {processor.py:914} INFO - Processing file /opt/airflow/dags/invoice_data_pipeline_dag.py for tasks to queue
[2026-08-02T04:19:53.945+0000] {logging_mixin.py:190} INFO - [2026-08-02T04:19:53.945+0000] {dagbag.py:588} INFO - Filling up the DagBag from /opt/airflow/dags/invoice_data_pipeline_dag.py
[2026-08-02T04:19:54.340+0000] {logging_mixin.py:190} INFO - Tables created successfully.
[2026-08-02T04:19:54.350+0000] {processor.py:925} INFO - DAG(s) 'invoice_data_pipeline' retrieved from /opt/airflow/dags/invoice_data_pipeline_dag.py
[2026-08-02T04:19:54.381+0000] {logging_mixin.py:190} INFO - [2026-08-02T04:19:54.381+0000] {dag.py:3239} INFO - Sync 1 DAGs
[2026-08-02T04:19:54.414+0000] {logging_mixin.py:190} INFO - [2026-08-02T04:19:54.414+0000] {dag.py:4180} INFO - Setting next_dagrun for invoice_data_pipeline to 2026-08-02 00:00:00+00:00, run_after=2026-08-03 00:00:00+00:00
[2026-08-02T04:19:54.440+0000] {processor.py:208} INFO - Processing /opt/airflow/dags/invoice_data_pipeline_dag.py took 0.509 seconds
[2026-08-02T04:20:24.705+0000] {processor.py:186} INFO - Started process (PID=376) to work on /opt/airflow/dags/invoice_data_pipeline_dag.py
[2026-08-02T04:20:24.707+0000] {processor.py:914} INFO - Processing file /opt/airflow/dags/invoice_data_pipeline_dag.py for tasks to queue
[2026-08-02T04:20:24.710+0000] {logging_mixin.py:190} INFO - [2026-08-02T04:20:24.709+0000] {dagbag.py:588} INFO - Filling up the DagBag from /opt/airflow/dags/invoice_data_pipeline_dag.py
[2026-08-02T04:20:25.163+0000] {logging_mixin.py:190} INFO - Tables created successfully.
[2026-08-02T04:20:25.189+0000] {processor.py:925} INFO - DAG(s) 'invoice_data_pipeline' retrieved from /opt/airflow/dags/invoice_data_pipeline_dag.py
[2026-08-02T04:20:25.260+0000] {logging_mixin.py:190} INFO - [2026-08-02T04:20:25.259+0000] {dag.py:3239} INFO - Sync 1 DAGs
[2026-08-02T04:20:25.288+0000] {logging_mixin.py:190} INFO - [2026-08-02T04:20:25.288+0000] {dag.py:4180} INFO - Setting next_dagrun for invoice_data_pipeline to 2026-08-02 00:00:00+00:00, run_after=2026-08-03 00:00:00+00:00
[2026-08-02T04:20:25.310+0000] {processor.py:208} INFO - Processing /opt/airflow/dags/invoice_data_pipeline_dag.py took 0.612 seconds
[2026-08-02T04:20:55.521+0000] {processor.py:186} INFO - Started process (PID=386) to work on /opt/airflow/dags/invoice_data_pipeline_dag.py
[2026-08-02T04:20:55.523+0000] {processor.py:914} INFO - Processing file /opt/airflow/dags/invoice_data_pipeline_dag.py for tasks to queue
[2026-08-02T04:20:55.528+0000] {logging_mixin.py:190} INFO - [2026-08-02T04:20:55.527+0000] {dagbag.py:588} INFO - Filling up the DagBag from /opt/airflow/dags/invoice_data_pipeline_dag.py
[2026-08-02T04:20:55.900+0000] {logging_mixin.py:190} INFO - Tables created successfully.
[2026-08-02T04:20:55.911+0000] {processor.py:925} INFO - DAG(s) 'invoice_data_pipeline' retrieved from /opt/airflow/dags/invoice_data_pipeline_dag.py
[2026-08-02T04:20:55.946+0000] {logging_mixin.py:190} INFO - [2026-08-02T04:20:55.945+0000] {dag.py:3239} INFO - Sync 1 DAGs
[2026-08-02T04:20:55.983+0000] {logging_mixin.py:190} INFO - [2026-08-02T04:20:55.983+0000] {dag.py:4180} INFO - Setting next_dagrun for invoice_data_pipeline to 2026-08-02 00:00:00+00:00, run_after=2026-08-03 00:00:00+00:00
[2026-08-02T04:20:56.021+0000] {processor.py:208} INFO - Processing /opt/airflow/dags/invoice_data_pipeline_dag.py took 0.509 seconds
[2026-08-02T04:21:26.292+0000] {processor.py:186} INFO - Started process (PID=392) to work on /opt/airflow/dags/invoice_data_pipeline_dag.py
[2026-08-02T04:21:26.294+0000] {processor.py:914} INFO - Processing file /opt/airflow/dags/invoice_data_pipeline_dag.py for tasks to queue
[2026-08-02T04:21:26.297+0000] {logging_mixin.py:190} INFO - [2026-08-02T04:21:26.297+0000] {dagbag.py:588} INFO - Filling up the DagBag from /opt/airflow/dags/invoice_data_pipeline_dag.py
[2026-08-02T04:21:26.684+0000] {logging_mixin.py:190} INFO - Tables created successfully.
[2026-08-02T04:21:26.697+0000] {processor.py:925} INFO - DAG(s) 'invoice_data_pipeline' retrieved from /opt/airflow/dags/invoice_data_pipeline_dag.py
[2026-08-02T04:21:26.732+0000] {logging_mixin.py:190} INFO - [2026-08-02T04:21:26.731+0000] {dag.py:3239} INFO - Sync 1 DAGs
[2026-08-02T04:21:26.764+0000] {logging_mixin.py:190} INFO - [2026-08-02T04:21:26.763+0000] {dag.py:4180} INFO - Setting next_dagrun for invoice_data_pipeline to 2026-08-02 00:00:00+00:00, run_after=2026-08-03 00:00:00+00:00
[2026-08-02T04:21:26.790+0000] {processor.py:208} INFO - Processing /opt/airflow/dags/invoice_data_pipeline_dag.py took 0.504 seconds
[2026-08-02T04:21:57.185+0000] {processor.py:186} INFO - Started process (PID=422) to work on /opt/airflow/dags/invoice_data_pipeline_dag.py
[2026-08-02T04:21:57.187+0000] {processor.py:914} INFO - Processing file /opt/airflow/dags/invoice_data_pipeline_dag.py for tasks to queue
[2026-08-02T04:21:57.191+0000] {logging_mixin.py:190} INFO - [2026-08-02T04:21:57.191+0000] {dagbag.py:588} INFO - Filling up the DagBag from /opt/airflow/dags/invoice_data_pipeline_dag.py
[2026-08-02T04:21:57.619+0000] {logging_mixin.py:190} INFO - Tables created successfully.
[2026-08-02T04:21:57.632+0000] {processor.py:925} INFO - DAG(s) 'invoice_data_pipeline' retrieved from /opt/airflow/dags/invoice_data_pipeline_dag.py
[2026-08-02T04:21:57.684+0000] {logging_mixin.py:190} INFO - [2026-08-02T04:21:57.684+0000] {dag.py:3239} INFO - Sync 1 DAGs
[2026-08-02T04:21:57.709+0000] {logging_mixin.py:190} INFO - [2026-08-02T04:21:57.709+0000] {dag.py:4180} INFO - Setting next_dagrun for invoice_data_pipeline to 2026-08-02 00:00:00+00:00, run_after=2026-08-03 00:00:00+00:00
[2026-08-02T04:21:57.732+0000] {processor.py:208} INFO - Processing /opt/airflow/dags/invoice_data_pipeline_dag.py took 0.554 seconds
[2026-08-02T04:22:28.002+0000] {processor.py:186} INFO - Started process (PID=428) to work on /opt/airflow/dags/invoice_data_pipeline_dag.py
[2026-08-02T04:22:28.003+0000] {processor.py:914} INFO - Processing file /opt/airflow/dags/invoice_data_pipeline_dag.py for tasks to queue
[2026-08-02T04:22:28.007+0000] {logging_mixin.py:190} INFO - [2026-08-02T04:22:28.007+0000] {dagbag.py:588} INFO - Filling up the DagBag from /opt/airflow/dags/invoice_data_pipeline_dag.py
[2026-08-02T04:22:28.409+0000] {logging_mixin.py:190} INFO - Tables created successfully.
[2026-08-02T04:22:28.420+0000] {processor.py:925} INFO - DAG(s) 'invoice_data_pipeline' retrieved from /opt/airflow/dags/invoice_data_pipeline_dag.py
[2026-08-02T04:22:28.451+0000] {logging_mixin.py:190} INFO - [2026-08-02T04:22:28.451+0000] {dag.py:3239} INFO - Sync 1 DAGs
[2026-08-02T04:22:28.480+0000] {logging_mixin.py:190} INFO - [2026-08-02T04:22:28.480+0000] {dag.py:4180} INFO - Setting next_dagrun for invoice_data_pipeline to 2026-08-02 00:00:00+00:00, run_after=2026-08-03 00:00:00+00:00
[2026-08-02T04:22:28.503+0000] {processor.py:208} INFO - Processing /opt/airflow/dags/invoice_data_pipeline_dag.py took 0.509 seconds
[2026-08-02T04:22:58.674+0000] {processor.py:186} INFO - Started process (PID=462) to work on /opt/airflow/dags/invoice_data_pipeline_dag.py
[2026-08-02T04:22:58.675+0000] {processor.py:914} INFO - Processing file /opt/airflow/dags/invoice_data_pipeline_dag.py for tasks to queue
[2026-08-02T04:22:58.679+0000] {logging_mixin.py:190} INFO - [2026-08-02T04:22:58.678+0000] {dagbag.py:588} INFO - Filling up the DagBag from /opt/airflow/dags/invoice_data_pipeline_dag.py
[2026-08-02T04:22:59.059+0000] {logging_mixin.py:190} INFO - Tables created successfully.
[2026-08-02T04:22:59.069+0000] {processor.py:925} INFO - DAG(s) 'invoice_data_pipeline' retrieved from /opt/airflow/dags/invoice_data_pipeline_dag.py
[2026-08-02T04:22:59.097+0000] {logging_mixin.py:190} INFO - [2026-08-02T04:22:59.096+0000] {dag.py:3239} INFO - Sync 1 DAGs
[2026-08-02T04:22:59.122+0000] {logging_mixin.py:190} INFO - [2026-08-02T04:22:59.122+0000] {dag.py:4180} INFO - Setting next_dagrun for invoice_data_pipeline to 2026-08-02 00:00:00+00:00, run_after=2026-08-03 00:00:00+00:00
[2026-08-02T04:22:59.145+0000] {processor.py:208} INFO - Processing /opt/airflow/dags/invoice_data_pipeline_dag.py took 0.480 seconds
[2026-08-02T04:23:29.417+0000] {processor.py:186} INFO - Started process (PID=468) to work on /opt/airflow/dags/invoice_data_pipeline_dag.py
[2026-08-02T04:23:29.419+0000] {processor.py:914} INFO - Processing file /opt/airflow/dags/invoice_data_pipeline_dag.py for tasks to queue
[2026-08-02T04:23:29.422+0000] {logging_mixin.py:190} INFO - [2026-08-02T04:23:29.422+0000] {dagbag.py:588} INFO - Filling up the DagBag from /opt/airflow/dags/invoice_data_pipeline_dag.py
[2026-08-02T04:23:29.795+0000] {logging_mixin.py:190} INFO - Tables created successfully.
[2026-08-02T04:23:29.809+0000] {processor.py:925} INFO - DAG(s) 'invoice_data_pipeline' retrieved from /opt/airflow/dags/invoice_data_pipeline_dag.py
[2026-08-02T04:23:29.856+0000] {logging_mixin.py:190} INFO - [2026-08-02T04:23:29.856+0000] {dag.py:3239} INFO - Sync 1 DAGs
[2026-08-02T04:23:29.888+0000] {logging_mixin.py:190} INFO - [2026-08-02T04:23:29.888+0000] {dag.py:4180} INFO - Setting next_dagrun for invoice_data_pipeline to 2026-08-02 00:00:00+00:00, run_after=2026-08-03 00:00:00+00:00
[2026-08-02T04:23:29.912+0000] {processor.py:208} INFO - Processing /opt/airflow/dags/invoice_data_pipeline_dag.py took 0.504 seconds
[2026-08-02T04:24:00.196+0000] {processor.py:186} INFO - Started process (PID=478) to work on /opt/airflow/dags/invoice_data_pipeline_dag.py
[2026-08-02T04:24:00.198+0000] {processor.py:914} INFO - Processing file /opt/airflow/dags/invoice_data_pipeline_dag.py for tasks to queue
[2026-08-02T04:24:00.204+0000] {logging_mixin.py:190} INFO - [2026-08-02T04:24:00.201+0000] {dagbag.py:588} INFO - Filling up the DagBag from /opt/airflow/dags/invoice_data_pipeline_dag.py
[2026-08-02T04:24:00.643+0000] {logging_mixin.py:190} INFO - Tables created successfully.
[2026-08-02T04:24:00.655+0000] {processor.py:925} INFO - DAG(s) 'invoice_data_pipeline' retrieved from /opt/airflow/dags/invoice_data_pipeline_dag.py
[2026-08-02T04:24:00.692+0000] {logging_mixin.py:190} INFO - [2026-08-02T04:24:00.691+0000] {dag.py:3239} INFO - Sync 1 DAGs
[2026-08-02T04:24:00.718+0000] {logging_mixin.py:190} INFO - [2026-08-02T04:24:00.718+0000] {dag.py:4180} INFO - Setting next_dagrun for invoice_data_pipeline to 2026-08-02 00:00:00+00:00, run_after=2026-08-03 00:00:00+00:00
[2026-08-02T04:24:00.743+0000] {processor.py:208} INFO - Processing /opt/airflow/dags/invoice_data_pipeline_dag.py took 0.554 seconds
[2026-08-02T04:24:30.893+0000] {processor.py:186} INFO - Started process (PID=484) to work on /opt/airflow/dags/invoice_data_pipeline_dag.py
[2026-08-02T04:24:30.895+0000] {processor.py:914} INFO - Processing file /opt/airflow/dags/invoice_data_pipeline_dag.py for tasks to queue
[2026-08-02T04:24:30.898+0000] {logging_mixin.py:190} INFO - [2026-08-02T04:24:30.898+0000] {dagbag.py:588} INFO - Filling up the DagBag from /opt/airflow/dags/invoice_data_pipeline_dag.py
[2026-08-02T04:24:31.236+0000] {logging_mixin.py:190} INFO - Tables created successfully.
[2026-08-02T04:24:31.246+0000] {processor.py:925} INFO - DAG(s) 'invoice_data_pipeline' retrieved from /opt/airflow/dags/invoice_data_pipeline_dag.py
[2026-08-02T04:24:31.274+0000] {logging_mixin.py:190} INFO - [2026-08-02T04:24:31.274+0000] {dag.py:3239} INFO - Sync 1 DAGs
[2026-08-02T04:24:31.298+0000] {logging_mixin.py:190} INFO - [2026-08-02T04:24:31.297+0000] {dag.py:4180} INFO - Setting next_dagrun for invoice_data_pipeline to 2026-08-02 00:00:00+00:00, run_after=2026-08-03 00:00:00+00:00
[2026-08-02T04:24:31.320+0000] {processor.py:208} INFO - Processing /opt/airflow/dags/invoice_data_pipeline_dag.py took 0.434 seconds
[2026-08-02T04:25:01.605+0000] {processor.py:186} INFO - Started process (PID=498) to work on /opt/airflow/dags/invoice_data_pipeline_dag.py
[2026-08-02T04:25:01.607+0000] {processor.py:914} INFO - Processing file /opt/airflow/dags/invoice_data_pipeline_dag.py for tasks to queue
[2026-08-02T04:25:01.611+0000] {logging_mixin.py:190} INFO - [2026-08-02T04:25:01.611+0000] {dagbag.py:588} INFO - Filling up the DagBag from /opt/airflow/dags/invoice_data_pipeline_dag.py
[2026-08-02T04:25:02.001+0000] {logging_mixin.py:190} INFO - Tables created successfully.
[2026-08-02T04:25:02.011+0000] {processor.py:925} INFO - DAG(s) 'invoice_data_pipeline' retrieved from /opt/airflow/dags/invoice_data_pipeline_dag.py
[2026-08-02T04:25:02.042+0000] {logging_mixin.py:190} INFO - [2026-08-02T04:25:02.041+0000] {dag.py:3239} INFO - Sync 1 DAGs
[2026-08-02T04:25:02.069+0000] {logging_mixin.py:190} INFO - [2026-08-02T04:25:02.069+0000] {dag.py:4180} INFO - Setting next_dagrun for invoice_data_pipeline to 2026-08-02 00:00:00+00:00, run_after=2026-08-03 00:00:00+00:00
[2026-08-02T04:25:02.095+0000] {processor.py:208} INFO - Processing /opt/airflow/dags/invoice_data_pipeline_dag.py took 0.500 seconds
[2026-08-02T04:25:32.378+0000] {processor.py:186} INFO - Started process (PID=504) to work on /opt/airflow/dags/invoice_data_pipeline_dag.py
[2026-08-02T04:25:32.380+0000] {processor.py:914} INFO - Processing file /opt/airflow/dags/invoice_data_pipeline_dag.py for tasks to queue
[2026-08-02T04:25:32.383+0000] {logging_mixin.py:190} INFO - [2026-08-02T04:25:32.383+0000] {dagbag.py:588} INFO - Filling up the DagBag from /opt/airflow/dags/invoice_data_pipeline_dag.py
[2026-08-02T04:25:32.751+0000] {logging_mixin.py:190} INFO - Tables created successfully.
[2026-08-02T04:25:32.761+0000] {processor.py:925} INFO - DAG(s) 'invoice_data_pipeline' retrieved from /opt/airflow/dags/invoice_data_pipeline_dag.py
[2026-08-02T04:25:32.791+0000] {logging_mixin.py:190} INFO - [2026-08-02T04:25:32.790+0000] {dag.py:3239} INFO - Sync 1 DAGs
[2026-08-02T04:25:32.817+0000] {logging_mixin.py:190} INFO - [2026-08-02T04:25:32.816+0000] {dag.py:4180} INFO - Setting next_dagrun for invoice_data_pipeline to 2026-08-02 00:00:00+00:00, run_after=2026-08-03 00:00:00+00:00
[2026-08-02T04:25:32.838+0000] {processor.py:208} INFO - Processing /opt/airflow/dags/invoice_data_pipeline_dag.py took 0.469 seconds
[2026-08-02T04:26:03.065+0000] {processor.py:186} INFO - Started process (PID=514) to work on /opt/airflow/dags/invoice_data_pipeline_dag.py
[2026-08-02T04:26:03.066+0000] {processor.py:914} INFO - Processing file /opt/airflow/dags/invoice_data_pipeline_dag.py for tasks to queue
[2026-08-02T04:26:03.070+0000] {logging_mixin.py:190} INFO - [2026-08-02T04:26:03.070+0000] {dagbag.py:588} INFO - Filling up the DagBag from /opt/airflow/dags/invoice_data_pipeline_dag.py
[2026-08-02T04:26:03.423+0000] {logging_mixin.py:190} INFO - Tables created successfully.
[2026-08-02T04:26:03.436+0000] {processor.py:925} INFO - DAG(s) 'invoice_data_pipeline' retrieved from /opt/airflow/dags/invoice_data_pipeline_dag.py
[2026-08-02T04:26:03.467+0000] {logging_mixin.py:190} INFO - [2026-08-02T04:26:03.466+0000] {dag.py:3239} INFO - Sync 1 DAGs
[2026-08-02T04:26:03.495+0000] {logging_mixin.py:190} INFO - [2026-08-02T04:26:03.494+0000] {dag.py:4180} INFO - Setting next_dagrun for invoice_data_pipeline to 2026-08-02 00:00:00+00:00, run_after=2026-08-03 00:00:00+00:00
[2026-08-02T04:26:03.514+0000] {processor.py:208} INFO - Processing /opt/airflow/dags/invoice_data_pipeline_dag.py took 0.457 seconds
[2026-08-02T04:26:33.795+0000] {processor.py:186} INFO - Started process (PID=520) to work on /opt/airflow/dags/invoice_data_pipeline_dag.py
[2026-08-02T04:26:33.797+0000] {processor.py:914} INFO - Processing file /opt/airflow/dags/invoice_data_pipeline_dag.py for tasks to queue
[2026-08-02T04:26:33.803+0000] {logging_mixin.py:190} INFO - [2026-08-02T04:26:33.802+0000] {dagbag.py:588} INFO - Filling up the DagBag from /opt/airflow/dags/invoice_data_pipeline_dag.py
[2026-08-02T04:26:34.201+0000] {logging_mixin.py:190} INFO - Tables created successfully.
[2026-08-02T04:26:34.211+0000] {processor.py:925} INFO - DAG(s) 'invoice_data_pipeline' retrieved from /opt/airflow/dags/invoice_data_pipeline_dag.py
[2026-08-02T04:26:34.242+0000] {logging_mixin.py:190} INFO - [2026-08-02T04:26:34.241+0000] {dag.py:3239} INFO - Sync 1 DAGs
[2026-08-02T04:26:34.267+0000] {logging_mixin.py:190} INFO - [2026-08-02T04:26:34.266+0000] {dag.py:4180} INFO - Setting next_dagrun for invoice_data_pipeline to 2026-08-02 00:00:00+00:00, run_after=2026-08-03 00:00:00+00:00
[2026-08-02T04:26:34.287+0000] {processor.py:208} INFO - Processing /opt/airflow/dags/invoice_data_pipeline_dag.py took 0.501 seconds
[2026-08-02T04:27:04.736+0000] {processor.py:186} INFO - Started process (PID=530) to work on /opt/airflow/dags/invoice_data_pipeline_dag.py
[2026-08-02T04:27:04.738+0000] {processor.py:914} INFO - Processing file /opt/airflow/dags/invoice_data_pipeline_dag.py for tasks to queue
[2026-08-02T04:27:04.743+0000] {logging_mixin.py:190} INFO - [2026-08-02T04:27:04.742+0000] {dagbag.py:588} INFO - Filling up the DagBag from /opt/airflow/dags/invoice_data_pipeline_dag.py
[2026-08-02T04:27:05.064+0000] {logging_mixin.py:190} INFO - Tables created successfully.
[2026-08-02T04:27:05.074+0000] {processor.py:925} INFO - DAG(s) 'invoice_data_pipeline' retrieved from /opt/airflow/dags/invoice_data_pipeline_dag.py
[2026-08-02T04:27:05.101+0000] {logging_mixin.py:190} INFO - [2026-08-02T04:27:05.100+0000] {dag.py:3239} INFO - Sync 1 DAGs
[2026-08-02T04:27:05.125+0000] {logging_mixin.py:190} INFO - [2026-08-02T04:27:05.125+0000] {dag.py:4180} INFO - Setting next_dagrun for invoice_data_pipeline to 2026-08-02 00:00:00+00:00, run_after=2026-08-03 00:00:00+00:00
[2026-08-02T04:27:05.145+0000] {processor.py:208} INFO - Processing /opt/airflow/dags/invoice_data_pipeline_dag.py took 0.416 seconds
[2026-08-02T04:27:35.449+0000] {processor.py:186} INFO - Started process (PID=536) to work on /opt/airflow/dags/invoice_data_pipeline_dag.py
[2026-08-02T04:27:35.452+0000] {processor.py:914} INFO - Processing file /opt/airflow/dags/invoice_data_pipeline_dag.py for tasks to queue
[2026-08-02T04:27:35.458+0000] {logging_mixin.py:190} INFO - [2026-08-02T04:27:35.457+0000] {dagbag.py:588} INFO - Filling up the DagBag from /opt/airflow/dags/invoice_data_pipeline_dag.py
[2026-08-02T04:27:35.938+0000] {logging_mixin.py:190} INFO - Tables created successfully.
[2026-08-02T04:27:35.949+0000] {processor.py:925} INFO - DAG(s) 'invoice_data_pipeline' retrieved from /opt/airflow/dags/invoice_data_pipeline_dag.py
[2026-08-02T04:27:35.982+0000] {logging_mixin.py:190} INFO - [2026-08-02T04:27:35.982+0000] {dag.py:3239} INFO - Sync 1 DAGs
[2026-08-02T04:27:36.004+0000] {logging_mixin.py:190} INFO - [2026-08-02T04:27:36.004+0000] {dag.py:4180} INFO - Setting next_dagrun for invoice_data_pipeline to 2026-08-02 00:00:00+00:00, run_after=2026-08-03 00:00:00+00:00
[2026-08-02T04:27:36.026+0000] {processor.py:208} INFO - Processing /opt/airflow/dags/invoice_data_pipeline_dag.py took 0.593 seconds
[2026-08-02T04:28:06.225+0000] {processor.py:186} INFO - Started process (PID=546) to work on /opt/airflow/dags/invoice_data_pipeline_dag.py
[2026-08-02T04:28:06.227+0000] {processor.py:914} INFO - Processing file /opt/airflow/dags/invoice_data_pipeline_dag.py for tasks to queue
[2026-08-02T04:28:06.231+0000] {logging_mixin.py:190} INFO - [2026-08-02T04:28:06.231+0000] {dagbag.py:588} INFO - Filling up the DagBag from /opt/airflow/dags/invoice_data_pipeline_dag.py
[2026-08-02T04:28:06.614+0000] {logging_mixin.py:190} INFO - Tables created successfully.
[2026-08-02T04:28:06.630+0000] {processor.py:925} INFO - DAG(s) 'invoice_data_pipeline' retrieved from /opt/airflow/dags/invoice_data_pipeline_dag.py
[2026-08-02T04:28:06.668+0000] {logging_mixin.py:190} INFO - [2026-08-02T04:28:06.667+0000] {dag.py:3239} INFO - Sync 1 DAGs
[2026-08-02T04:28:06.700+0000] {logging_mixin.py:190} INFO - [2026-08-02T04:28:06.700+0000] {dag.py:4180} INFO - Setting next_dagrun for invoice_data_pipeline to 2026-08-02 00:00:00+00:00, run_after=2026-08-03 00:00:00+00:00
[2026-08-02T04:28:06.727+0000] {processor.py:208} INFO - Processing /opt/airflow/dags/invoice_data_pipeline_dag.py took 0.511 seconds
[2026-08-02T04:28:36.999+0000] {processor.py:186} INFO - Started process (PID=552) to work on /opt/airflow/dags/invoice_data_pipeline_dag.py
[2026-08-02T04:28:37.001+0000] {processor.py:914} INFO - Processing file /opt/airflow/dags/invoice_data_pipeline_dag.py for tasks to queue
[2026-08-02T04:28:37.004+0000] {logging_mixin.py:190} INFO - [2026-08-02T04:28:37.004+0000] {dagbag.py:588} INFO - Filling up the DagBag from /opt/airflow/dags/invoice_data_pipeline_dag.py
[2026-08-02T04:28:37.341+0000] {logging_mixin.py:190} INFO - Tables created successfully.
[2026-08-02T04:28:37.352+0000] {processor.py:925} INFO - DAG(s) 'invoice_data_pipeline' retrieved from /opt/airflow/dags/invoice_data_pipeline_dag.py
[2026-08-02T04:28:37.382+0000] {logging_mixin.py:190} INFO - [2026-08-02T04:28:37.381+0000] {dag.py:3239} INFO - Sync 1 DAGs
[2026-08-02T04:28:37.406+0000] {logging_mixin.py:190} INFO - [2026-08-02T04:28:37.405+0000] {dag.py:4180} INFO - Setting next_dagrun for invoice_data_pipeline to 2026-08-02 00:00:00+00:00, run_after=2026-08-03 00:00:00+00:00
[2026-08-02T04:28:37.435+0000] {processor.py:208} INFO - Processing /opt/airflow/dags/invoice_data_pipeline_dag.py took 0.442 seconds
[2026-08-02T04:29:07.710+0000] {processor.py:186} INFO - Started process (PID=562) to work on /opt/airflow/dags/invoice_data_pipeline_dag.py
[2026-08-02T04:29:07.711+0000] {processor.py:914} INFO - Processing file /opt/airflow/dags/invoice_data_pipeline_dag.py for tasks to queue
[2026-08-02T04:29:07.715+0000] {logging_mixin.py:190} INFO - [2026-08-02T04:29:07.715+0000] {dagbag.py:588} INFO - Filling up the DagBag from /opt/airflow/dags/invoice_data_pipeline_dag.py
[2026-08-02T04:29:08.080+0000] {logging_mixin.py:190} INFO - Tables created successfully.
[2026-08-02T04:29:08.090+0000] {processor.py:925} INFO - DAG(s) 'invoice_data_pipeline' retrieved from /opt/airflow/dags/invoice_data_pipeline_dag.py
[2026-08-02T04:29:08.136+0000] {logging_mixin.py:190} INFO - [2026-08-02T04:29:08.135+0000] {dag.py:3239} INFO - Sync 1 DAGs
[2026-08-02T04:29:08.172+0000] {logging_mixin.py:190} INFO - [2026-08-02T04:29:08.171+0000] {dag.py:4180} INFO - Setting next_dagrun for invoice_data_pipeline to 2026-08-02 00:00:00+00:00, run_after=2026-08-03 00:00:00+00:00
[2026-08-02T04:29:08.193+0000] {processor.py:208} INFO - Processing /opt/airflow/dags/invoice_data_pipeline_dag.py took 0.490 seconds
[2026-08-02T04:29:38.474+0000] {processor.py:186} INFO - Started process (PID=568) to work on /opt/airflow/dags/invoice_data_pipeline_dag.py
[2026-08-02T04:29:38.477+0000] {processor.py:914} INFO - Processing file /opt/airflow/dags/invoice_data_pipeline_dag.py for tasks to queue
[2026-08-02T04:29:38.481+0000] {logging_mixin.py:190} INFO - [2026-08-02T04:29:38.480+0000] {dagbag.py:588} INFO - Filling up the DagBag from /opt/airflow/dags/invoice_data_pipeline_dag.py
[2026-08-02T04:29:38.915+0000] {logging_mixin.py:190} INFO - Tables created successfully.
[2026-08-02T04:29:38.932+0000] {processor.py:925} INFO - DAG(s) 'invoice_data_pipeline' retrieved from /opt/airflow/dags/invoice_data_pipeline_dag.py
[2026-08-02T04:29:38.964+0000] {logging_mixin.py:190} INFO - [2026-08-02T04:29:38.963+0000] {dag.py:3239} INFO - Sync 1 DAGs
[2026-08-02T04:29:38.991+0000] {logging_mixin.py:190} INFO - [2026-08-02T04:29:38.991+0000] {dag.py:4180} INFO - Setting next_dagrun for invoice_data_pipeline to 2026-08-02 00:00:00+00:00, run_after=2026-08-03 00:00:00+00:00
[2026-08-02T04:29:39.014+0000] {processor.py:208} INFO - Processing /opt/airflow/dags/invoice_data_pipeline_dag.py took 0.550 seconds
[2026-08-02T04:30:09.175+0000] {processor.py:186} INFO - Started process (PID=574) to work on /opt/airflow/dags/invoice_data_pipeline_dag.py
[2026-08-02T04:30:09.177+0000] {processor.py:914} INFO - Processing file /opt/airflow/dags/invoice_data_pipeline_dag.py for tasks to queue
[2026-08-02T04:30:09.180+0000] {logging_mixin.py:190} INFO - [2026-08-02T04:30:09.180+0000] {dagbag.py:588} INFO - Filling up the DagBag from /opt/airflow/dags/invoice_data_pipeline_dag.py
[2026-08-02T04:30:09.531+0000] {logging_mixin.py:190} INFO - Tables created successfully.
[2026-08-02T04:30:09.542+0000] {processor.py:925} INFO - DAG(s) 'invoice_data_pipeline' retrieved from /opt/airflow/dags/invoice_data_pipeline_dag.py
[2026-08-02T04:30:09.569+0000] {logging_mixin.py:190} INFO - [2026-08-02T04:30:09.569+0000] {dag.py:3239} INFO - Sync 1 DAGs
[2026-08-02T04:30:09.593+0000] {logging_mixin.py:190} INFO - [2026-08-02T04:30:09.593+0000] {dag.py:4180} INFO - Setting next_dagrun for invoice_data_pipeline to 2026-08-02 00:00:00+00:00, run_after=2026-08-03 00:00:00+00:00
[2026-08-02T04:30:09.614+0000] {processor.py:208} INFO - Processing /opt/airflow/dags/invoice_data_pipeline_dag.py took 0.446 seconds
[2026-08-02T04:30:39.889+0000] {processor.py:186} INFO - Started process (PID=588) to work on /opt/airflow/dags/invoice_data_pipeline_dag.py
[2026-08-02T04:30:39.890+0000] {processor.py:914} INFO - Processing file /opt/airflow/dags/invoice_data_pipeline_dag.py for tasks to queue
[2026-08-02T04:30:39.893+0000] {logging_mixin.py:190} INFO - [2026-08-02T04:30:39.893+0000] {dagbag.py:588} INFO - Filling up the DagBag from /opt/airflow/dags/invoice_data_pipeline_dag.py
[2026-08-02T04:30:40.364+0000] {logging_mixin.py:190} INFO - Tables created successfully.
[2026-08-02T04:30:40.374+0000] {processor.py:925} INFO - DAG(s) 'invoice_data_pipeline' retrieved from /opt/airflow/dags/invoice_data_pipeline_dag.py
[2026-08-02T04:30:40.404+0000] {logging_mixin.py:190} INFO - [2026-08-02T04:30:40.404+0000] {dag.py:3239} INFO - Sync 1 DAGs
[2026-08-02T04:30:40.433+0000] {logging_mixin.py:190} INFO - [2026-08-02T04:30:40.433+0000] {dag.py:4180} INFO - Setting next_dagrun for invoice_data_pipeline to 2026-08-02 00:00:00+00:00, run_after=2026-08-03 00:00:00+00:00
[2026-08-02T04:30:40.466+0000] {processor.py:208} INFO - Processing /opt/airflow/dags/invoice_data_pipeline_dag.py took 0.585 seconds
[2026-08-02T04:31:10.740+0000] {processor.py:186} INFO - Started process (PID=610) to work on /opt/airflow/dags/invoice_data_pipeline_dag.py
[2026-08-02T04:31:10.742+0000] {processor.py:914} INFO - Processing file /opt/airflow/dags/invoice_data_pipeline_dag.py for tasks to queue
[2026-08-02T04:31:10.749+0000] {logging_mixin.py:190} INFO - [2026-08-02T04:31:10.747+0000] {dagbag.py:588} INFO - Filling up the DagBag from /opt/airflow/dags/invoice_data_pipeline_dag.py
[2026-08-02T04:31:11.216+0000] {logging_mixin.py:190} INFO - Tables created successfully.
[2026-08-02T04:31:11.229+0000] {processor.py:925} INFO - DAG(s) 'invoice_data_pipeline' retrieved from /opt/airflow/dags/invoice_data_pipeline_dag.py
[2026-08-02T04:31:11.261+0000] {logging_mixin.py:190} INFO - [2026-08-02T04:31:11.260+0000] {dag.py:3239} INFO - Sync 1 DAGs
[2026-08-02T04:31:11.293+0000] {logging_mixin.py:190} INFO - [2026-08-02T04:31:11.292+0000] {dag.py:4180} INFO - Setting next_dagrun for invoice_data_pipeline to 2026-08-02 00:00:00+00:00, run_after=2026-08-03 00:00:00+00:00
[2026-08-02T04:31:11.317+0000] {processor.py:208} INFO - Processing /opt/airflow/dags/invoice_data_pipeline_dag.py took 0.586 seconds
[2026-08-02T04:31:41.775+0000] {processor.py:186} INFO - Started process (PID=640) to work on /opt/airflow/dags/invoice_data_pipeline_dag.py
[2026-08-02T04:31:41.777+0000] {processor.py:914} INFO - Processing file /opt/airflow/dags/invoice_data_pipeline_dag.py for tasks to queue
[2026-08-02T04:31:41.781+0000] {logging_mixin.py:190} INFO - [2026-08-02T04:31:41.781+0000] {dagbag.py:588} INFO - Filling up the DagBag from /opt/airflow/dags/invoice_data_pipeline_dag.py
[2026-08-02T04:31:42.213+0000] {logging_mixin.py:190} INFO - Tables created successfully.
[2026-08-02T04:31:42.223+0000] {processor.py:925} INFO - DAG(s) 'invoice_data_pipeline' retrieved from /opt/airflow/dags/invoice_data_pipeline_dag.py
[2026-08-02T04:31:42.253+0000] {logging_mixin.py:190} INFO - [2026-08-02T04:31:42.252+0000] {dag.py:3239} INFO - Sync 1 DAGs
[2026-08-02T04:31:42.276+0000] {logging_mixin.py:190} INFO - [2026-08-02T04:31:42.275+0000] {dag.py:4180} INFO - Setting next_dagrun for invoice_data_pipeline to 2026-08-02 00:00:00+00:00, run_after=2026-08-03 00:00:00+00:00
[2026-08-02T04:31:42.300+0000] {processor.py:208} INFO - Processing /opt/airflow/dags/invoice_data_pipeline_dag.py took 0.535 seconds
[2026-08-02T04:32:12.560+0000] {processor.py:186} INFO - Started process (PID=646) to work on /opt/airflow/dags/invoice_data_pipeline_dag.py
[2026-08-02T04:32:12.562+0000] {processor.py:914} INFO - Processing file /opt/airflow/dags/invoice_data_pipeline_dag.py for tasks to queue
[2026-08-02T04:32:12.567+0000] {logging_mixin.py:190} INFO - [2026-08-02T04:32:12.566+0000] {dagbag.py:588} INFO - Filling up the DagBag from /opt/airflow/dags/invoice_data_pipeline_dag.py
[2026-08-02T04:32:12.935+0000] {logging_mixin.py:190} INFO - Tables created successfully.
[2026-08-02T04:32:12.945+0000] {processor.py:925} INFO - DAG(s) 'invoice_data_pipeline' retrieved from /opt/airflow/dags/invoice_data_pipeline_dag.py
[2026-08-02T04:32:12.980+0000] {logging_mixin.py:190} INFO - [2026-08-02T04:32:12.980+0000] {dag.py:3239} INFO - Sync 1 DAGs
[2026-08-02T04:32:13.006+0000] {logging_mixin.py:190} INFO - [2026-08-02T04:32:13.006+0000] {dag.py:4180} INFO - Setting next_dagrun for invoice_data_pipeline to 2026-08-02 00:00:00+00:00, run_after=2026-08-03 00:00:00+00:00
[2026-08-02T04:32:13.029+0000] {processor.py:208} INFO - Processing /opt/airflow/dags/invoice_data_pipeline_dag.py took 0.478 seconds
[2026-08-02T04:32:43.363+0000] {processor.py:186} INFO - Started process (PID=652) to work on /opt/airflow/dags/invoice_data_pipeline_dag.py
[2026-08-02T04:32:43.365+0000] {processor.py:914} INFO - Processing file /opt/airflow/dags/invoice_data_pipeline_dag.py for tasks to queue
[2026-08-02T04:32:43.368+0000] {logging_mixin.py:190} INFO - [2026-08-02T04:32:43.368+0000] {dagbag.py:588} INFO - Filling up the DagBag from /opt/airflow/dags/invoice_data_pipeline_dag.py
[2026-08-02T04:32:43.734+0000] {logging_mixin.py:190} INFO - Tables created successfully.
[2026-08-02T04:32:43.744+0000] {processor.py:925} INFO - DAG(s) 'invoice_data_pipeline' retrieved from /opt/airflow/dags/invoice_data_pipeline_dag.py
[2026-08-02T04:32:43.778+0000] {logging_mixin.py:190} INFO - [2026-08-02T04:32:43.777+0000] {dag.py:3239} INFO - Sync 1 DAGs
[2026-08-02T04:32:43.803+0000] {logging_mixin.py:190} INFO - [2026-08-02T04:32:43.803+0000] {dag.py:4180} INFO - Setting next_dagrun for invoice_data_pipeline to 2026-08-02 00:00:00+00:00, run_after=2026-08-03 00:00:00+00:00
[2026-08-02T04:32:43.825+0000] {processor.py:208} INFO - Processing /opt/airflow/dags/invoice_data_pipeline_dag.py took 0.470 seconds
[2026-08-02T04:33:14.124+0000] {processor.py:186} INFO - Started process (PID=662) to work on /opt/airflow/dags/invoice_data_pipeline_dag.py
[2026-08-02T04:33:14.126+0000] {processor.py:914} INFO - Processing file /opt/airflow/dags/invoice_data_pipeline_dag.py for tasks to queue
[2026-08-02T04:33:14.129+0000] {logging_mixin.py:190} INFO - [2026-08-02T04:33:14.129+0000] {dagbag.py:588} INFO - Filling up the DagBag from /opt/airflow/dags/invoice_data_pipeline_dag.py
[2026-08-02T04:33:14.521+0000] {logging_mixin.py:190} INFO - Tables created successfully.
[2026-08-02T04:33:14.532+0000] {processor.py:925} INFO - DAG(s) 'invoice_data_pipeline' retrieved from /opt/airflow/dags/invoice_data_pipeline_dag.py
[2026-08-02T04:33:14.561+0000] {logging_mixin.py:190} INFO - [2026-08-02T04:33:14.561+0000] {dag.py:3239} INFO - Sync 1 DAGs
[2026-08-02T04:33:14.586+0000] {logging_mixin.py:190} INFO - [2026-08-02T04:33:14.586+0000] {dag.py:4180} INFO - Setting next_dagrun for invoice_data_pipeline to 2026-08-02 00:00:00+00:00, run_after=2026-08-03 00:00:00+00:00
[2026-08-02T04:33:14.610+0000] {processor.py:208} INFO - Processing /opt/airflow/dags/invoice_data_pipeline_dag.py took 0.493 seconds
[2026-08-02T04:33:44.881+0000] {processor.py:186} INFO - Started process (PID=672) to work on /opt/airflow/dags/invoice_data_pipeline_dag.py
[2026-08-02T04:33:44.883+0000] {processor.py:914} INFO - Processing file /opt/airflow/dags/invoice_data_pipeline_dag.py for tasks to queue
[2026-08-02T04:33:44.886+0000] {logging_mixin.py:190} INFO - [2026-08-02T04:33:44.885+0000] {dagbag.py:588} INFO - Filling up the DagBag from /opt/airflow/dags/invoice_data_pipeline_dag.py
[2026-08-02T04:33:45.239+0000] {logging_mixin.py:190} INFO - Tables created successfully.
[2026-08-02T04:33:45.250+0000] {processor.py:925} INFO - DAG(s) 'invoice_data_pipeline' retrieved from /opt/airflow/dags/invoice_data_pipeline_dag.py
[2026-08-02T04:33:45.279+0000] {logging_mixin.py:190} INFO - [2026-08-02T04:33:45.278+0000] {dag.py:3239} INFO - Sync 1 DAGs
[2026-08-02T04:33:45.308+0000] {logging_mixin.py:190} INFO - [2026-08-02T04:33:45.308+0000] {dag.py:4180} INFO - Setting next_dagrun for invoice_data_pipeline to 2026-08-02 00:00:00+00:00, run_after=2026-08-03 00:00:00+00:00
[2026-08-02T04:33:45.331+0000] {processor.py:208} INFO - Processing /opt/airflow/dags/invoice_data_pipeline_dag.py took 0.458 seconds
[2026-08-02T04:34:15.600+0000] {processor.py:186} INFO - Started process (PID=678) to work on /opt/airflow/dags/invoice_data_pipeline_dag.py
[2026-08-02T04:34:15.602+0000] {processor.py:914} INFO - Processing file /opt/airflow/dags/invoice_data_pipeline_dag.py for tasks to queue
[2026-08-02T04:34:15.606+0000] {logging_mixin.py:190} INFO - [2026-08-02T04:34:15.605+0000] {dagbag.py:588} INFO - Filling up the DagBag from /opt/airflow/dags/invoice_data_pipeline_dag.py
[2026-08-02T04:34:16.081+0000] {logging_mixin.py:190} INFO - Tables created successfully.
[2026-08-02T04:34:16.091+0000] {processor.py:925} INFO - DAG(s) 'invoice_data_pipeline' retrieved from /opt/airflow/dags/invoice_data_pipeline_dag.py
[2026-08-02T04:34:16.119+0000] {logging_mixin.py:190} INFO - [2026-08-02T04:34:16.118+0000] {dag.py:3239} INFO - Sync 1 DAGs
[2026-08-02T04:34:16.145+0000] {logging_mixin.py:190} INFO - [2026-08-02T04:34:16.145+0000] {dag.py:4180} INFO - Setting next_dagrun for invoice_data_pipeline to 2026-08-02 00:00:00+00:00, run_after=2026-08-03 00:00:00+00:00
[2026-08-02T04:34:16.171+0000] {processor.py:208} INFO - Processing /opt/airflow/dags/invoice_data_pipeline_dag.py took 0.580 seconds
[2026-08-02T04:34:46.378+0000] {processor.py:186} INFO - Started process (PID=684) to work on /opt/airflow/dags/invoice_data_pipeline_dag.py
[2026-08-02T04:34:46.380+0000] {processor.py:914} INFO - Processing file /opt/airflow/dags/invoice_data_pipeline_dag.py for tasks to queue
[2026-08-02T04:34:46.385+0000] {logging_mixin.py:190} INFO - [2026-08-02T04:34:46.385+0000] {dagbag.py:588} INFO - Filling up the DagBag from /opt/airflow/dags/invoice_data_pipeline_dag.py
[2026-08-02T04:34:46.857+0000] {logging_mixin.py:190} INFO - Tables created successfully.
[2026-08-02T04:34:46.869+0000] {processor.py:925} INFO - DAG(s) 'invoice_data_pipeline' retrieved from /opt/airflow/dags/invoice_data_pipeline_dag.py
[2026-08-02T04:34:46.905+0000] {logging_mixin.py:190} INFO - [2026-08-02T04:34:46.904+0000] {dag.py:3239} INFO - Sync 1 DAGs
[2026-08-02T04:34:46.944+0000] {logging_mixin.py:190} INFO - [2026-08-02T04:34:46.944+0000] {dag.py:4180} INFO - Setting next_dagrun for invoice_data_pipeline to 2026-08-02 00:00:00+00:00, run_after=2026-08-03 00:00:00+00:00
[2026-08-02T04:34:46.969+0000] {processor.py:208} INFO - Processing /opt/airflow/dags/invoice_data_pipeline_dag.py took 0.598 seconds
[2026-08-02T04:35:17.268+0000] {processor.py:186} INFO - Started process (PID=694) to work on /opt/airflow/dags/invoice_data_pipeline_dag.py
[2026-08-02T04:35:17.270+0000] {processor.py:914} INFO - Processing file /opt/airflow/dags/invoice_data_pipeline_dag.py for tasks to queue
[2026-08-02T04:35:17.275+0000] {logging_mixin.py:190} INFO - [2026-08-02T04:35:17.274+0000] {dagbag.py:588} INFO - Filling up the DagBag from /opt/airflow/dags/invoice_data_pipeline_dag.py
[2026-08-02T04:35:17.712+0000] {logging_mixin.py:190} INFO - Tables created successfully.
[2026-08-02T04:35:17.721+0000] {processor.py:925} INFO - DAG(s) 'invoice_data_pipeline' retrieved from /opt/airflow/dags/invoice_data_pipeline_dag.py
[2026-08-02T04:35:17.749+0000] {logging_mixin.py:190} INFO - [2026-08-02T04:35:17.749+0000] {dag.py:3239} INFO - Sync 1 DAGs
[2026-08-02T04:35:17.771+0000] {logging_mixin.py:190} INFO - [2026-08-02T04:35:17.771+0000] {dag.py:4180} INFO - Setting next_dagrun for invoice_data_pipeline to 2026-08-02 00:00:00+00:00, run_after=2026-08-03 00:00:00+00:00
[2026-08-02T04:35:17.793+0000] {processor.py:208} INFO - Processing /opt/airflow/dags/invoice_data_pipeline_dag.py took 0.537 seconds
[2026-08-02T04:35:47.901+0000] {processor.py:186} INFO - Started process (PID=704) to work on /opt/airflow/dags/invoice_data_pipeline_dag.py
[2026-08-02T04:35:47.903+0000] {processor.py:914} INFO - Processing file /opt/airflow/dags/invoice_data_pipeline_dag.py for tasks to queue
[2026-08-02T04:35:47.906+0000] {logging_mixin.py:190} INFO - [2026-08-02T04:35:47.906+0000] {dagbag.py:588} INFO - Filling up the DagBag from /opt/airflow/dags/invoice_data_pipeline_dag.py
[2026-08-02T04:35:48.368+0000] {logging_mixin.py:190} INFO - Tables created successfully.
[2026-08-02T04:35:48.378+0000] {processor.py:925} INFO - DAG(s) 'invoice_data_pipeline' retrieved from /opt/airflow/dags/invoice_data_pipeline_dag.py
[2026-08-02T04:35:48.413+0000] {logging_mixin.py:190} INFO - [2026-08-02T04:35:48.412+0000] {dag.py:3239} INFO - Sync 1 DAGs
[2026-08-02T04:35:48.442+0000] {logging_mixin.py:190} INFO - [2026-08-02T04:35:48.442+0000] {dag.py:4180} INFO - Setting next_dagrun for invoice_data_pipeline to 2026-08-02 00:00:00+00:00, run_after=2026-08-03 00:00:00+00:00
[2026-08-02T04:35:48.472+0000] {processor.py:208} INFO - Processing /opt/airflow/dags/invoice_data_pipeline_dag.py took 0.581 seconds
[2026-08-02T04:36:18.750+0000] {processor.py:186} INFO - Started process (PID=710) to work on /opt/airflow/dags/invoice_data_pipeline_dag.py
[2026-08-02T04:36:18.751+0000] {processor.py:914} INFO - Processing file /opt/airflow/dags/invoice_data_pipeline_dag.py for tasks to queue
[2026-08-02T04:36:18.755+0000] {logging_mixin.py:190} INFO - [2026-08-02T04:36:18.754+0000] {dagbag.py:588} INFO - Filling up the DagBag from /opt/airflow/dags/invoice_data_pipeline_dag.py
[2026-08-02T04:36:19.109+0000] {logging_mixin.py:190} INFO - Tables created successfully.
[2026-08-02T04:36:19.121+0000] {processor.py:925} INFO - DAG(s) 'invoice_data_pipeline' retrieved from /opt/airflow/dags/invoice_data_pipeline_dag.py
[2026-08-02T04:36:19.159+0000] {logging_mixin.py:190} INFO - [2026-08-02T04:36:19.159+0000] {dag.py:3239} INFO - Sync 1 DAGs
[2026-08-02T04:36:19.189+0000] {logging_mixin.py:190} INFO - [2026-08-02T04:36:19.188+0000] {dag.py:4180} INFO - Setting next_dagrun for invoice_data_pipeline to 2026-08-02 00:00:00+00:00, run_after=2026-08-03 00:00:00+00:00
[2026-08-02T04:36:19.210+0000] {processor.py:208} INFO - Processing /opt/airflow/dags/invoice_data_pipeline_dag.py took 0.467 seconds
[2026-08-02T04:36:49.481+0000] {processor.py:186} INFO - Started process (PID=716) to work on /opt/airflow/dags/invoice_data_pipeline_dag.py
[2026-08-02T04:36:49.483+0000] {processor.py:914} INFO - Processing file /opt/airflow/dags/invoice_data_pipeline_dag.py for tasks to queue
[2026-08-02T04:36:49.486+0000] {logging_mixin.py:190} INFO - [2026-08-02T04:36:49.486+0000] {dagbag.py:588} INFO - Filling up the DagBag from /opt/airflow/dags/invoice_data_pipeline_dag.py
[2026-08-02T04:36:49.834+0000] {logging_mixin.py:190} INFO - Tables created successfully.
[2026-08-02T04:36:49.846+0000] {processor.py:925} INFO - DAG(s) 'invoice_data_pipeline' retrieved from /opt/airflow/dags/invoice_data_pipeline_dag.py
[2026-08-02T04:36:49.875+0000] {logging_mixin.py:190} INFO - [2026-08-02T04:36:49.874+0000] {dag.py:3239} INFO - Sync 1 DAGs
[2026-08-02T04:36:49.904+0000] {logging_mixin.py:190} INFO - [2026-08-02T04:36:49.904+0000] {dag.py:4180} INFO - Setting next_dagrun for invoice_data_pipeline to 2026-08-02 00:00:00+00:00, run_after=2026-08-03 00:00:00+00:00
[2026-08-02T04:36:49.930+0000] {processor.py:208} INFO - Processing /opt/airflow/dags/invoice_data_pipeline_dag.py took 0.457 seconds
[2026-08-02T04:37:20.222+0000] {processor.py:186} INFO - Started process (PID=726) to work on /opt/airflow/dags/invoice_data_pipeline_dag.py
[2026-08-02T04:37:20.224+0000] {processor.py:914} INFO - Processing file /opt/airflow/dags/invoice_data_pipeline_dag.py for tasks to queue
[2026-08-02T04:37:20.228+0000] {logging_mixin.py:190} INFO - [2026-08-02T04:37:20.227+0000] {dagbag.py:588} INFO - Filling up the DagBag from /opt/airflow/dags/invoice_data_pipeline_dag.py
[2026-08-02T04:37:20.678+0000] {logging_mixin.py:190} INFO - Tables created successfully.
[2026-08-02T04:37:20.691+0000] {processor.py:925} INFO - DAG(s) 'invoice_data_pipeline' retrieved from /opt/airflow/dags/invoice_data_pipeline_dag.py
[2026-08-02T04:37:20.719+0000] {logging_mixin.py:190} INFO - [2026-08-02T04:37:20.719+0000] {dag.py:3239} INFO - Sync 1 DAGs
[2026-08-02T04:37:20.741+0000] {logging_mixin.py:190} INFO - [2026-08-02T04:37:20.741+0000] {dag.py:4180} INFO - Setting next_dagrun for invoice_data_pipeline to 2026-08-02 00:00:00+00:00, run_after=2026-08-03 00:00:00+00:00
[2026-08-02T04:37:20.763+0000] {processor.py:208} INFO - Processing /opt/airflow/dags/invoice_data_pipeline_dag.py took 0.549 seconds
[2026-08-02T04:37:50.944+0000] {processor.py:186} INFO - Started process (PID=736) to work on /opt/airflow/dags/invoice_data_pipeline_dag.py
[2026-08-02T04:37:50.946+0000] {processor.py:914} INFO - Processing file /opt/airflow/dags/invoice_data_pipeline_dag.py for tasks to queue
[2026-08-02T04:37:50.950+0000] {logging_mixin.py:190} INFO - [2026-08-02T04:37:50.949+0000] {dagbag.py:588} INFO - Filling up the DagBag from /opt/airflow/dags/invoice_data_pipeline_dag.py
[2026-08-02T04:37:51.319+0000] {logging_mixin.py:190} INFO - Tables created successfully.
[2026-08-02T04:37:51.332+0000] {processor.py:925} INFO - DAG(s) 'invoice_data_pipeline' retrieved from /opt/airflow/dags/invoice_data_pipeline_dag.py
[2026-08-02T04:37:51.372+0000] {logging_mixin.py:190} INFO - [2026-08-02T04:37:51.370+0000] {dag.py:3239} INFO - Sync 1 DAGs
[2026-08-02T04:37:51.397+0000] {logging_mixin.py:190} INFO - [2026-08-02T04:37:51.397+0000] {dag.py:4180} INFO - Setting next_dagrun for invoice_data_pipeline to 2026-08-02 00:00:00+00:00, run_after=2026-08-03 00:00:00+00:00
[2026-08-02T04:37:51.419+0000] {processor.py:208} INFO - Processing /opt/airflow/dags/invoice_data_pipeline_dag.py took 0.482 seconds
[2026-08-02T04:38:05.136+0000] {processor.py:186} INFO - Started process (PID=742) to work on /opt/airflow/dags/invoice_data_pipeline_dag.py
[2026-08-02T04:38:05.138+0000] {processor.py:914} INFO - Processing file /opt/airflow/dags/invoice_data_pipeline_dag.py for tasks to queue
[2026-08-02T04:38:05.140+0000] {logging_mixin.py:190} INFO - [2026-08-02T04:38:05.140+0000] {dagbag.py:588} INFO - Filling up the DagBag from /opt/airflow/dags/invoice_data_pipeline_dag.py
[2026-08-02T04:38:05.587+0000] {logging_mixin.py:190} INFO - Tables created successfully.
[2026-08-02T04:38:05.597+0000] {processor.py:925} INFO - DAG(s) 'invoice_data_pipeline' retrieved from /opt/airflow/dags/invoice_data_pipeline_dag.py
[2026-08-02T04:38:05.628+0000] {logging_mixin.py:190} INFO - [2026-08-02T04:38:05.628+0000] {dag.py:3239} INFO - Sync 1 DAGs
[2026-08-02T04:38:05.655+0000] {logging_mixin.py:190} INFO - [2026-08-02T04:38:05.655+0000] {dag.py:4180} INFO - Setting next_dagrun for invoice_data_pipeline to 2026-08-02 00:00:00+00:00, run_after=2026-08-03 00:00:00+00:00
[2026-08-02T04:38:05.681+0000] {processor.py:208} INFO - Processing /opt/airflow/dags/invoice_data_pipeline_dag.py took 0.553 seconds
[2026-08-02T04:38:11.635+0000] {processor.py:186} INFO - Started process (PID=748) to work on /opt/airflow/dags/invoice_data_pipeline_dag.py
[2026-08-02T04:38:11.637+0000] {processor.py:914} INFO - Processing file /opt/airflow/dags/invoice_data_pipeline_dag.py for tasks to queue
[2026-08-02T04:38:11.639+0000] {logging_mixin.py:190} INFO - [2026-08-02T04:38:11.639+0000] {dagbag.py:588} INFO - Filling up the DagBag from /opt/airflow/dags/invoice_data_pipeline_dag.py
[2026-08-02T04:38:12.007+0000] {logging_mixin.py:190} INFO - Tables created successfully.
[2026-08-02T04:38:12.018+0000] {processor.py:925} INFO - DAG(s) 'invoice_data_pipeline' retrieved from /opt/airflow/dags/invoice_data_pipeline_dag.py
[2026-08-02T04:38:12.045+0000] {logging_mixin.py:190} INFO - [2026-08-02T04:38:12.044+0000] {dag.py:3239} INFO - Sync 1 DAGs
[2026-08-02T04:38:12.067+0000] {logging_mixin.py:190} INFO - [2026-08-02T04:38:12.067+0000] {dag.py:4180} INFO - Setting next_dagrun for invoice_data_pipeline to 2026-08-02 00:00:00+00:00, run_after=2026-08-03 00:00:00+00:00
[2026-08-02T04:38:12.093+0000] {processor.py:208} INFO - Processing /opt/airflow/dags/invoice_data_pipeline_dag.py took 0.464 seconds
[2026-08-02T04:38:42.363+0000] {processor.py:186} INFO - Started process (PID=770) to work on /opt/airflow/dags/invoice_data_pipeline_dag.py
[2026-08-02T04:38:42.365+0000] {processor.py:914} INFO - Processing file /opt/airflow/dags/invoice_data_pipeline_dag.py for tasks to queue
[2026-08-02T04:38:42.368+0000] {logging_mixin.py:190} INFO - [2026-08-02T04:38:42.368+0000] {dagbag.py:588} INFO - Filling up the DagBag from /opt/airflow/dags/invoice_data_pipeline_dag.py
[2026-08-02T04:38:42.715+0000] {logging_mixin.py:190} INFO - Tables created successfully.
[2026-08-02T04:38:42.726+0000] {processor.py:925} INFO - DAG(s) 'invoice_data_pipeline' retrieved from /opt/airflow/dags/invoice_data_pipeline_dag.py
[2026-08-02T04:38:42.753+0000] {logging_mixin.py:190} INFO - [2026-08-02T04:38:42.753+0000] {dag.py:3239} INFO - Sync 1 DAGs
[2026-08-02T04:38:42.776+0000] {logging_mixin.py:190} INFO - [2026-08-02T04:38:42.776+0000] {dag.py:4180} INFO - Setting next_dagrun for invoice_data_pipeline to 2026-08-02 00:00:00+00:00, run_after=2026-08-03 00:00:00+00:00
[2026-08-02T04:38:42.799+0000] {processor.py:208} INFO - Processing /opt/airflow/dags/invoice_data_pipeline_dag.py took 0.444 seconds
[2026-08-02T04:39:13.078+0000] {processor.py:186} INFO - Started process (PID=780) to work on /opt/airflow/dags/invoice_data_pipeline_dag.py
[2026-08-02T04:39:13.079+0000] {processor.py:914} INFO - Processing file /opt/airflow/dags/invoice_data_pipeline_dag.py for tasks to queue
[2026-08-02T04:39:13.083+0000] {logging_mixin.py:190} INFO - [2026-08-02T04:39:13.083+0000] {dagbag.py:588} INFO - Filling up the DagBag from /opt/airflow/dags/invoice_data_pipeline_dag.py
[2026-08-02T04:39:13.545+0000] {logging_mixin.py:190} INFO - Tables created successfully.
[2026-08-02T04:39:13.563+0000] {processor.py:925} INFO - DAG(s) 'invoice_data_pipeline' retrieved from /opt/airflow/dags/invoice_data_pipeline_dag.py
[2026-08-02T04:39:13.599+0000] {logging_mixin.py:190} INFO - [2026-08-02T04:39:13.599+0000] {dag.py:3239} INFO - Sync 1 DAGs
[2026-08-02T04:39:13.629+0000] {logging_mixin.py:190} INFO - [2026-08-02T04:39:13.628+0000] {dag.py:4180} INFO - Setting next_dagrun for invoice_data_pipeline to 2026-08-02 00:00:00+00:00, run_after=2026-08-03 00:00:00+00:00
[2026-08-02T04:39:13.653+0000] {processor.py:208} INFO - Processing /opt/airflow/dags/invoice_data_pipeline_dag.py took 0.582 seconds
[2026-08-02T04:39:43.884+0000] {processor.py:186} INFO - Started process (PID=786) to work on /opt/airflow/dags/invoice_data_pipeline_dag.py
[2026-08-02T04:39:43.887+0000] {processor.py:914} INFO - Processing file /opt/airflow/dags/invoice_data_pipeline_dag.py for tasks to queue
[2026-08-02T04:39:43.891+0000] {logging_mixin.py:190} INFO - [2026-08-02T04:39:43.891+0000] {dagbag.py:588} INFO - Filling up the DagBag from /opt/airflow/dags/invoice_data_pipeline_dag.py
[2026-08-02T04:39:44.382+0000] {logging_mixin.py:190} INFO - Tables created successfully.
[2026-08-02T04:39:44.392+0000] {processor.py:925} INFO - DAG(s) 'invoice_data_pipeline' retrieved from /opt/airflow/dags/invoice_data_pipeline_dag.py
[2026-08-02T04:39:44.421+0000] {logging_mixin.py:190} INFO - [2026-08-02T04:39:44.421+0000] {dag.py:3239} INFO - Sync 1 DAGs
[2026-08-02T04:39:44.449+0000] {logging_mixin.py:190} INFO - [2026-08-02T04:39:44.449+0000] {dag.py:4180} INFO - Setting next_dagrun for invoice_data_pipeline to 2026-08-02 00:00:00+00:00, run_after=2026-08-03 00:00:00+00:00
[2026-08-02T04:39:44.471+0000] {processor.py:208} INFO - Processing /opt/airflow/dags/invoice_data_pipeline_dag.py took 0.596 seconds
[2026-08-02T04:40:14.782+0000] {processor.py:186} INFO - Started process (PID=800) to work on /opt/airflow/dags/invoice_data_pipeline_dag.py
[2026-08-02T04:40:14.784+0000] {processor.py:914} INFO - Processing file /opt/airflow/dags/invoice_data_pipeline_dag.py for tasks to queue
[2026-08-02T04:40:14.788+0000] {logging_mixin.py:190} INFO - [2026-08-02T04:40:14.788+0000] {dagbag.py:588} INFO - Filling up the DagBag from /opt/airflow/dags/invoice_data_pipeline_dag.py
[2026-08-02T04:40:15.333+0000] {logging_mixin.py:190} INFO - Tables created successfully.
[2026-08-02T04:40:15.347+0000] {processor.py:925} INFO - DAG(s) 'invoice_data_pipeline' retrieved from /opt/airflow/dags/invoice_data_pipeline_dag.py
[2026-08-02T04:40:15.387+0000] {logging_mixin.py:190} INFO - [2026-08-02T04:40:15.386+0000] {dag.py:3239} INFO - Sync 1 DAGs
[2026-08-02T04:40:15.420+0000] {logging_mixin.py:190} INFO - [2026-08-02T04:40:15.419+0000] {dag.py:4180} INFO - Setting next_dagrun for invoice_data_pipeline to 2026-08-02 00:00:00+00:00, run_after=2026-08-03 00:00:00+00:00
[2026-08-02T04:40:15.454+0000] {processor.py:208} INFO - Processing /opt/airflow/dags/invoice_data_pipeline_dag.py took 0.681 seconds
[2026-08-02T04:40:45.757+0000] {processor.py:186} INFO - Started process (PID=824) to work on /opt/airflow/dags/invoice_data_pipeline_dag.py
[2026-08-02T04:40:45.760+0000] {processor.py:914} INFO - Processing file /opt/airflow/dags/invoice_data_pipeline_dag.py for tasks to queue
[2026-08-02T04:40:45.764+0000] {logging_mixin.py:190} INFO - [2026-08-02T04:40:45.764+0000] {dagbag.py:588} INFO - Filling up the DagBag from /opt/airflow/dags/invoice_data_pipeline_dag.py
[2026-08-02T04:40:46.385+0000] {logging_mixin.py:190} INFO - Tables created successfully.
[2026-08-02T04:40:46.399+0000] {processor.py:925} INFO - DAG(s) 'invoice_data_pipeline' retrieved from /opt/airflow/dags/invoice_data_pipeline_dag.py
[2026-08-02T04:40:46.441+0000] {logging_mixin.py:190} INFO - [2026-08-02T04:40:46.440+0000] {dag.py:3239} INFO - Sync 1 DAGs
[2026-08-02T04:40:46.470+0000] {logging_mixin.py:190} INFO - [2026-08-02T04:40:46.470+0000] {dag.py:4180} INFO - Setting next_dagrun for invoice_data_pipeline to 2026-08-02 00:00:00+00:00, run_after=2026-08-03 00:00:00+00:00
[2026-08-02T04:40:46.493+0000] {processor.py:208} INFO - Processing /opt/airflow/dags/invoice_data_pipeline_dag.py took 0.747 seconds
[2026-08-02T04:41:16.621+0000] {processor.py:186} INFO - Started process (PID=836) to work on /opt/airflow/dags/invoice_data_pipeline_dag.py
[2026-08-02T04:41:16.623+0000] {processor.py:914} INFO - Processing file /opt/airflow/dags/invoice_data_pipeline_dag.py for tasks to queue
[2026-08-02T04:41:16.627+0000] {logging_mixin.py:190} INFO - [2026-08-02T04:41:16.626+0000] {dagbag.py:588} INFO - Filling up the DagBag from /opt/airflow/dags/invoice_data_pipeline_dag.py
[2026-08-02T04:41:16.985+0000] {logging_mixin.py:190} INFO - Tables created successfully.
[2026-08-02T04:41:16.995+0000] {processor.py:925} INFO - DAG(s) 'invoice_data_pipeline' retrieved from /opt/airflow/dags/invoice_data_pipeline_dag.py
[2026-08-02T04:41:17.022+0000] {logging_mixin.py:190} INFO - [2026-08-02T04:41:17.021+0000] {dag.py:3239} INFO - Sync 1 DAGs
[2026-08-02T04:41:17.044+0000] {logging_mixin.py:190} INFO - [2026-08-02T04:41:17.043+0000] {dag.py:4180} INFO - Setting next_dagrun for invoice_data_pipeline to 2026-08-02 00:00:00+00:00, run_after=2026-08-03 00:00:00+00:00
[2026-08-02T04:41:17.064+0000] {processor.py:208} INFO - Processing /opt/airflow/dags/invoice_data_pipeline_dag.py took 0.450 seconds
[2026-08-02T04:41:47.510+0000] {processor.py:186} INFO - Started process (PID=842) to work on /opt/airflow/dags/invoice_data_pipeline_dag.py
[2026-08-02T04:41:47.511+0000] {processor.py:914} INFO - Processing file /opt/airflow/dags/invoice_data_pipeline_dag.py for tasks to queue
[2026-08-02T04:41:47.515+0000] {logging_mixin.py:190} INFO - [2026-08-02T04:41:47.514+0000] {dagbag.py:588} INFO - Filling up the DagBag from /opt/airflow/dags/invoice_data_pipeline_dag.py
[2026-08-02T04:41:47.857+0000] {logging_mixin.py:190} INFO - Tables created successfully.
[2026-08-02T04:41:47.868+0000] {processor.py:925} INFO - DAG(s) 'invoice_data_pipeline' retrieved from /opt/airflow/dags/invoice_data_pipeline_dag.py
[2026-08-02T04:41:47.898+0000] {logging_mixin.py:190} INFO - [2026-08-02T04:41:47.897+0000] {dag.py:3239} INFO - Sync 1 DAGs
[2026-08-02T04:41:47.923+0000] {logging_mixin.py:190} INFO - [2026-08-02T04:41:47.923+0000] {dag.py:4180} INFO - Setting next_dagrun for invoice_data_pipeline to 2026-08-02 00:00:00+00:00, run_after=2026-08-03 00:00:00+00:00
[2026-08-02T04:41:47.943+0000] {processor.py:208} INFO - Processing /opt/airflow/dags/invoice_data_pipeline_dag.py took 0.441 seconds
[2026-08-02T04:42:18.217+0000] {processor.py:186} INFO - Started process (PID=848) to work on /opt/airflow/dags/invoice_data_pipeline_dag.py
[2026-08-02T04:42:18.219+0000] {processor.py:914} INFO - Processing file /opt/airflow/dags/invoice_data_pipeline_dag.py for tasks to queue
[2026-08-02T04:42:18.224+0000] {logging_mixin.py:190} INFO - [2026-08-02T04:42:18.223+0000] {dagbag.py:588} INFO - Filling up the DagBag from /opt/airflow/dags/invoice_data_pipeline_dag.py
[2026-08-02T04:42:18.623+0000] {logging_mixin.py:190} INFO - Tables created successfully.
[2026-08-02T04:42:18.633+0000] {processor.py:925} INFO - DAG(s) 'invoice_data_pipeline' retrieved from /opt/airflow/dags/invoice_data_pipeline_dag.py
[2026-08-02T04:42:18.661+0000] {logging_mixin.py:190} INFO - [2026-08-02T04:42:18.660+0000] {dag.py:3239} INFO - Sync 1 DAGs
[2026-08-02T04:42:18.688+0000] {logging_mixin.py:190} INFO - [2026-08-02T04:42:18.688+0000] {dag.py:4180} INFO - Setting next_dagrun for invoice_data_pipeline to 2026-08-02 00:00:00+00:00, run_after=2026-08-03 00:00:00+00:00
[2026-08-02T04:42:18.710+0000] {processor.py:208} INFO - Processing /opt/airflow/dags/invoice_data_pipeline_dag.py took 0.501 seconds
[2026-08-02T04:42:49.018+0000] {processor.py:186} INFO - Started process (PID=854) to work on /opt/airflow/dags/invoice_data_pipeline_dag.py
[2026-08-02T04:42:49.020+0000] {processor.py:914} INFO - Processing file /opt/airflow/dags/invoice_data_pipeline_dag.py for tasks to queue
[2026-08-02T04:42:49.024+0000] {logging_mixin.py:190} INFO - [2026-08-02T04:42:49.024+0000] {dagbag.py:588} INFO - Filling up the DagBag from /opt/airflow/dags/invoice_data_pipeline_dag.py
[2026-08-02T04:42:49.382+0000] {logging_mixin.py:190} INFO - Tables created successfully.
[2026-08-02T04:42:49.393+0000] {processor.py:925} INFO - DAG(s) 'invoice_data_pipeline' retrieved from /opt/airflow/dags/invoice_data_pipeline_dag.py
[2026-08-02T04:42:49.426+0000] {logging_mixin.py:190} INFO - [2026-08-02T04:42:49.425+0000] {dag.py:3239} INFO - Sync 1 DAGs
[2026-08-02T04:42:49.454+0000] {logging_mixin.py:190} INFO - [2026-08-02T04:42:49.454+0000] {dag.py:4180} INFO - Setting next_dagrun for invoice_data_pipeline to 2026-08-02 00:00:00+00:00, run_after=2026-08-03 00:00:00+00:00
[2026-08-02T04:42:49.478+0000] {processor.py:208} INFO - Processing /opt/airflow/dags/invoice_data_pipeline_dag.py took 0.467 seconds
[2026-08-02T04:43:19.693+0000] {processor.py:186} INFO - Started process (PID=860) to work on /opt/airflow/dags/invoice_data_pipeline_dag.py
[2026-08-02T04:43:19.695+0000] {processor.py:914} INFO - Processing file /opt/airflow/dags/invoice_data_pipeline_dag.py for tasks to queue
[2026-08-02T04:43:19.700+0000] {logging_mixin.py:190} INFO - [2026-08-02T04:43:19.699+0000] {dagbag.py:588} INFO - Filling up the DagBag from /opt/airflow/dags/invoice_data_pipeline_dag.py
[2026-08-02T04:43:20.068+0000] {logging_mixin.py:190} INFO - Tables created successfully.
[2026-08-02T04:43:20.080+0000] {processor.py:925} INFO - DAG(s) 'invoice_data_pipeline' retrieved from /opt/airflow/dags/invoice_data_pipeline_dag.py
[2026-08-02T04:43:20.109+0000] {logging_mixin.py:190} INFO - [2026-08-02T04:43:20.108+0000] {dag.py:3239} INFO - Sync 1 DAGs
[2026-08-02T04:43:20.134+0000] {logging_mixin.py:190} INFO - [2026-08-02T04:43:20.134+0000] {dag.py:4180} INFO - Setting next_dagrun for invoice_data_pipeline to 2026-08-02 00:00:00+00:00, run_after=2026-08-03 00:00:00+00:00
[2026-08-02T04:43:20.165+0000] {processor.py:208} INFO - Processing /opt/airflow/dags/invoice_data_pipeline_dag.py took 0.480 seconds
[2026-08-02T04:43:50.454+0000] {processor.py:186} INFO - Started process (PID=866) to work on /opt/airflow/dags/invoice_data_pipeline_dag.py
[2026-08-02T04:43:50.456+0000] {processor.py:914} INFO - Processing file /opt/airflow/dags/invoice_data_pipeline_dag.py for tasks to queue
[2026-08-02T04:43:50.460+0000] {logging_mixin.py:190} INFO - [2026-08-02T04:43:50.459+0000] {dagbag.py:588} INFO - Filling up the DagBag from /opt/airflow/dags/invoice_data_pipeline_dag.py
[2026-08-02T04:43:50.847+0000] {logging_mixin.py:190} INFO - Tables created successfully.
[2026-08-02T04:43:50.859+0000] {processor.py:925} INFO - DAG(s) 'invoice_data_pipeline' retrieved from /opt/airflow/dags/invoice_data_pipeline_dag.py
[2026-08-02T04:43:50.890+0000] {logging_mixin.py:190} INFO - [2026-08-02T04:43:50.890+0000] {dag.py:3239} INFO - Sync 1 DAGs
[2026-08-02T04:43:50.913+0000] {logging_mixin.py:190} INFO - [2026-08-02T04:43:50.913+0000] {dag.py:4180} INFO - Setting next_dagrun for invoice_data_pipeline to 2026-08-02 00:00:00+00:00, run_after=2026-08-03 00:00:00+00:00
[2026-08-02T04:43:50.936+0000] {processor.py:208} INFO - Processing /opt/airflow/dags/invoice_data_pipeline_dag.py took 0.491 seconds
[2026-08-02T04:44:21.195+0000] {processor.py:186} INFO - Started process (PID=872) to work on /opt/airflow/dags/invoice_data_pipeline_dag.py
[2026-08-02T04:44:21.197+0000] {processor.py:914} INFO - Processing file /opt/airflow/dags/invoice_data_pipeline_dag.py for tasks to queue
[2026-08-02T04:44:21.201+0000] {logging_mixin.py:190} INFO - [2026-08-02T04:44:21.200+0000] {dagbag.py:588} INFO - Filling up the DagBag from /opt/airflow/dags/invoice_data_pipeline_dag.py
[2026-08-02T04:44:21.559+0000] {logging_mixin.py:190} INFO - Tables created successfully.
[2026-08-02T04:44:21.570+0000] {processor.py:925} INFO - DAG(s) 'invoice_data_pipeline' retrieved from /opt/airflow/dags/invoice_data_pipeline_dag.py
[2026-08-02T04:44:21.609+0000] {logging_mixin.py:190} INFO - [2026-08-02T04:44:21.608+0000] {dag.py:3239} INFO - Sync 1 DAGs
[2026-08-02T04:44:21.650+0000] {logging_mixin.py:190} INFO - [2026-08-02T04:44:21.650+0000] {dag.py:4180} INFO - Setting next_dagrun for invoice_data_pipeline to 2026-08-02 00:00:00+00:00, run_after=2026-08-03 00:00:00+00:00
[2026-08-02T04:44:21.676+0000] {processor.py:208} INFO - Processing /opt/airflow/dags/invoice_data_pipeline_dag.py took 0.487 seconds
[2026-08-02T04:44:51.946+0000] {processor.py:186} INFO - Started process (PID=878) to work on /opt/airflow/dags/invoice_data_pipeline_dag.py
[2026-08-02T04:44:51.948+0000] {processor.py:914} INFO - Processing file /opt/airflow/dags/invoice_data_pipeline_dag.py for tasks to queue
[2026-08-02T04:44:51.953+0000] {logging_mixin.py:190} INFO - [2026-08-02T04:44:51.952+0000] {dagbag.py:588} INFO - Filling up the DagBag from /opt/airflow/dags/invoice_data_pipeline_dag.py
[2026-08-02T04:44:52.313+0000] {logging_mixin.py:190} INFO - Tables created successfully.
[2026-08-02T04:44:52.323+0000] {processor.py:925} INFO - DAG(s) 'invoice_data_pipeline' retrieved from /opt/airflow/dags/invoice_data_pipeline_dag.py
[2026-08-02T04:44:52.353+0000] {logging_mixin.py:190} INFO - [2026-08-02T04:44:52.352+0000] {dag.py:3239} INFO - Sync 1 DAGs
[2026-08-02T04:44:52.376+0000] {logging_mixin.py:190} INFO - [2026-08-02T04:44:52.376+0000] {dag.py:4180} INFO - Setting next_dagrun for invoice_data_pipeline to 2026-08-02 00:00:00+00:00, run_after=2026-08-03 00:00:00+00:00
[2026-08-02T04:44:52.401+0000] {processor.py:208} INFO - Processing /opt/airflow/dags/invoice_data_pipeline_dag.py took 0.462 seconds
[2026-08-02T04:45:22.705+0000] {processor.py:186} INFO - Started process (PID=884) to work on /opt/airflow/dags/invoice_data_pipeline_dag.py
[2026-08-02T04:45:22.707+0000] {processor.py:914} INFO - Processing file /opt/airflow/dags/invoice_data_pipeline_dag.py for tasks to queue
[2026-08-02T04:45:22.710+0000] {logging_mixin.py:190} INFO - [2026-08-02T04:45:22.710+0000] {dagbag.py:588} INFO - Filling up the DagBag from /opt/airflow/dags/invoice_data_pipeline_dag.py
[2026-08-02T04:45:23.079+0000] {logging_mixin.py:190} INFO - Tables created successfully.
[2026-08-02T04:45:23.089+0000] {processor.py:925} INFO - DAG(s) 'invoice_data_pipeline' retrieved from /opt/airflow/dags/invoice_data_pipeline_dag.py
[2026-08-02T04:45:23.118+0000] {logging_mixin.py:190} INFO - [2026-08-02T04:45:23.116+0000] {dag.py:3239} INFO - Sync 1 DAGs
[2026-08-02T04:45:23.141+0000] {logging_mixin.py:190} INFO - [2026-08-02T04:45:23.141+0000] {dag.py:4180} INFO - Setting next_dagrun for invoice_data_pipeline to 2026-08-02 00:00:00+00:00, run_after=2026-08-03 00:00:00+00:00
[2026-08-02T04:45:23.162+0000] {processor.py:208} INFO - Processing /opt/airflow/dags/invoice_data_pipeline_dag.py took 0.464 seconds
[2026-08-02T04:45:53.445+0000] {processor.py:186} INFO - Started process (PID=890) to work on /opt/airflow/dags/invoice_data_pipeline_dag.py
[2026-08-02T04:45:53.447+0000] {processor.py:914} INFO - Processing file /opt/airflow/dags/invoice_data_pipeline_dag.py for tasks to queue
[2026-08-02T04:45:53.451+0000] {logging_mixin.py:190} INFO - [2026-08-02T04:45:53.450+0000] {dagbag.py:588} INFO - Filling up the DagBag from /opt/airflow/dags/invoice_data_pipeline_dag.py
[2026-08-02T04:45:53.835+0000] {logging_mixin.py:190} INFO - Tables created successfully.
[2026-08-02T04:45:53.846+0000] {processor.py:925} INFO - DAG(s) 'invoice_data_pipeline' retrieved from /opt/airflow/dags/invoice_data_pipeline_dag.py
[2026-08-02T04:45:53.878+0000] {logging_mixin.py:190} INFO - [2026-08-02T04:45:53.877+0000] {dag.py:3239} INFO - Sync 1 DAGs
[2026-08-02T04:45:53.906+0000] {logging_mixin.py:190} INFO - [2026-08-02T04:45:53.906+0000] {dag.py:4180} INFO - Setting next_dagrun for invoice_data_pipeline to 2026-08-02 00:00:00+00:00, run_after=2026-08-03 00:00:00+00:00
[2026-08-02T04:45:53.928+0000] {processor.py:208} INFO - Processing /opt/airflow/dags/invoice_data_pipeline_dag.py took 0.492 seconds
[2026-08-02T04:46:24.179+0000] {processor.py:186} INFO - Started process (PID=896) to work on /opt/airflow/dags/invoice_data_pipeline_dag.py
[2026-08-02T04:46:24.181+0000] {processor.py:914} INFO - Processing file /opt/airflow/dags/invoice_data_pipeline_dag.py for tasks to queue
[2026-08-02T04:46:24.185+0000] {logging_mixin.py:190} INFO - [2026-08-02T04:46:24.185+0000] {dagbag.py:588} INFO - Filling up the DagBag from /opt/airflow/dags/invoice_data_pipeline_dag.py
[2026-08-02T04:46:24.563+0000] {logging_mixin.py:190} INFO - Tables created successfully.
[2026-08-02T04:46:24.575+0000] {processor.py:925} INFO - DAG(s) 'invoice_data_pipeline' retrieved from /opt/airflow/dags/invoice_data_pipeline_dag.py
[2026-08-02T04:46:24.610+0000] {logging_mixin.py:190} INFO - [2026-08-02T04:46:24.610+0000] {dag.py:3239} INFO - Sync 1 DAGs
[2026-08-02T04:46:24.636+0000] {logging_mixin.py:190} INFO - [2026-08-02T04:46:24.636+0000] {dag.py:4180} INFO - Setting next_dagrun for invoice_data_pipeline to 2026-08-02 00:00:00+00:00, run_after=2026-08-03 00:00:00+00:00
[2026-08-02T04:46:24.659+0000] {processor.py:208} INFO - Processing /opt/airflow/dags/invoice_data_pipeline_dag.py took 0.487 seconds
[2026-08-02T04:46:54.924+0000] {processor.py:186} INFO - Started process (PID=902) to work on /opt/airflow/dags/invoice_data_pipeline_dag.py
[2026-08-02T04:46:54.926+0000] {processor.py:914} INFO - Processing file /opt/airflow/dags/invoice_data_pipeline_dag.py for tasks to queue
[2026-08-02T04:46:54.929+0000] {logging_mixin.py:190} INFO - [2026-08-02T04:46:54.928+0000] {dagbag.py:588} INFO - Filling up the DagBag from /opt/airflow/dags/invoice_data_pipeline_dag.py
[2026-08-02T04:46:55.302+0000] {logging_mixin.py:190} INFO - Tables created successfully.
[2026-08-02T04:46:55.312+0000] {processor.py:925} INFO - DAG(s) 'invoice_data_pipeline' retrieved from /opt/airflow/dags/invoice_data_pipeline_dag.py
[2026-08-02T04:46:55.342+0000] {logging_mixin.py:190} INFO - [2026-08-02T04:46:55.341+0000] {dag.py:3239} INFO - Sync 1 DAGs
[2026-08-02T04:46:55.366+0000] {logging_mixin.py:190} INFO - [2026-08-02T04:46:55.366+0000] {dag.py:4180} INFO - Setting next_dagrun for invoice_data_pipeline to 2026-08-02 00:00:00+00:00, run_after=2026-08-03 00:00:00+00:00
[2026-08-02T04:46:55.388+0000] {processor.py:208} INFO - Processing /opt/airflow/dags/invoice_data_pipeline_dag.py took 0.472 seconds
