[2026-07-30T15:14:55.582+0000] {processor.py:186} INFO - Started process (PID=167) to work on /opt/airflow/dags/invoice_data_pipeline_dag.py
[2026-07-30T15:14:55.586+0000] {processor.py:914} INFO - Processing file /opt/airflow/dags/invoice_data_pipeline_dag.py for tasks to queue
[2026-07-30T15:14:55.593+0000] {logging_mixin.py:190} INFO - [2026-07-30T15:14:55.592+0000] {dagbag.py:588} INFO - Filling up the DagBag from /opt/airflow/dags/invoice_data_pipeline_dag.py
[2026-07-30T15:14:56.778+0000] {processor.py:925} INFO - DAG(s) 'invoice_data_pipeline' retrieved from /opt/airflow/dags/invoice_data_pipeline_dag.py
[2026-07-30T15:14:56.974+0000] {logging_mixin.py:190} INFO - [2026-07-30T15:14:56.973+0000] {dag.py:3239} INFO - Sync 1 DAGs
[2026-07-30T15:14:57.005+0000] {logging_mixin.py:190} INFO - [2026-07-30T15:14:57.004+0000] {dag.py:4180} INFO - Setting next_dagrun for invoice_data_pipeline to 2026-07-29 00:00:00+00:00, run_after=2026-07-30 00:00:00+00:00
[2026-07-30T15:14:57.037+0000] {processor.py:208} INFO - Processing /opt/airflow/dags/invoice_data_pipeline_dag.py took 1.468 seconds
[2026-07-30T15:15:27.340+0000] {processor.py:186} INFO - Started process (PID=173) to work on /opt/airflow/dags/invoice_data_pipeline_dag.py
[2026-07-30T15:15:27.342+0000] {processor.py:914} INFO - Processing file /opt/airflow/dags/invoice_data_pipeline_dag.py for tasks to queue
[2026-07-30T15:15:27.345+0000] {logging_mixin.py:190} INFO - [2026-07-30T15:15:27.345+0000] {dagbag.py:588} INFO - Filling up the DagBag from /opt/airflow/dags/invoice_data_pipeline_dag.py
[2026-07-30T15:15:27.842+0000] {processor.py:925} INFO - DAG(s) 'invoice_data_pipeline' retrieved from /opt/airflow/dags/invoice_data_pipeline_dag.py
[2026-07-30T15:15:27.875+0000] {logging_mixin.py:190} INFO - [2026-07-30T15:15:27.874+0000] {dag.py:3239} INFO - Sync 1 DAGs
[2026-07-30T15:15:27.897+0000] {logging_mixin.py:190} INFO - [2026-07-30T15:15:27.897+0000] {dag.py:4180} INFO - Setting next_dagrun for invoice_data_pipeline to 2026-07-29 00:00:00+00:00, run_after=2026-07-30 00:00:00+00:00
[2026-07-30T15:15:27.916+0000] {processor.py:208} INFO - Processing /opt/airflow/dags/invoice_data_pipeline_dag.py took 0.583 seconds
[2026-07-30T15:15:58.248+0000] {processor.py:186} INFO - Started process (PID=179) to work on /opt/airflow/dags/invoice_data_pipeline_dag.py
[2026-07-30T15:15:58.252+0000] {processor.py:914} INFO - Processing file /opt/airflow/dags/invoice_data_pipeline_dag.py for tasks to queue
[2026-07-30T15:15:58.263+0000] {logging_mixin.py:190} INFO - [2026-07-30T15:15:58.262+0000] {dagbag.py:588} INFO - Filling up the DagBag from /opt/airflow/dags/invoice_data_pipeline_dag.py
[2026-07-30T15:16:00.244+0000] {processor.py:925} INFO - DAG(s) 'invoice_data_pipeline' retrieved from /opt/airflow/dags/invoice_data_pipeline_dag.py
[2026-07-30T15:16:00.382+0000] {logging_mixin.py:190} INFO - [2026-07-30T15:16:00.382+0000] {dag.py:3239} INFO - Sync 1 DAGs
[2026-07-30T15:16:00.429+0000] {logging_mixin.py:190} INFO - [2026-07-30T15:16:00.429+0000] {dag.py:4180} INFO - Setting next_dagrun for invoice_data_pipeline to 2026-07-29 00:00:00+00:00, run_after=2026-07-30 00:00:00+00:00
[2026-07-30T15:16:00.463+0000] {processor.py:208} INFO - Processing /opt/airflow/dags/invoice_data_pipeline_dag.py took 2.237 seconds
[2026-07-30T15:16:30.802+0000] {processor.py:186} INFO - Started process (PID=185) to work on /opt/airflow/dags/invoice_data_pipeline_dag.py
[2026-07-30T15:16:30.806+0000] {processor.py:914} INFO - Processing file /opt/airflow/dags/invoice_data_pipeline_dag.py for tasks to queue
[2026-07-30T15:16:30.819+0000] {logging_mixin.py:190} INFO - [2026-07-30T15:16:30.818+0000] {dagbag.py:588} INFO - Filling up the DagBag from /opt/airflow/dags/invoice_data_pipeline_dag.py
[2026-07-30T15:16:34.683+0000] {processor.py:925} INFO - DAG(s) 'invoice_data_pipeline' retrieved from /opt/airflow/dags/invoice_data_pipeline_dag.py
[2026-07-30T15:16:34.783+0000] {logging_mixin.py:190} INFO - [2026-07-30T15:16:34.782+0000] {dag.py:3239} INFO - Sync 1 DAGs
[2026-07-30T15:16:34.830+0000] {logging_mixin.py:190} INFO - [2026-07-30T15:16:34.830+0000] {dag.py:4180} INFO - Setting next_dagrun for invoice_data_pipeline to 2026-07-29 00:00:00+00:00, run_after=2026-07-30 00:00:00+00:00
[2026-07-30T15:16:34.863+0000] {processor.py:208} INFO - Processing /opt/airflow/dags/invoice_data_pipeline_dag.py took 4.088 seconds
[2026-07-30T15:17:05.389+0000] {processor.py:186} INFO - Started process (PID=191) to work on /opt/airflow/dags/invoice_data_pipeline_dag.py
[2026-07-30T15:17:05.393+0000] {processor.py:914} INFO - Processing file /opt/airflow/dags/invoice_data_pipeline_dag.py for tasks to queue
[2026-07-30T15:17:05.408+0000] {logging_mixin.py:190} INFO - [2026-07-30T15:17:05.407+0000] {dagbag.py:588} INFO - Filling up the DagBag from /opt/airflow/dags/invoice_data_pipeline_dag.py
[2026-07-30T15:17:07.142+0000] {processor.py:925} INFO - DAG(s) 'invoice_data_pipeline' retrieved from /opt/airflow/dags/invoice_data_pipeline_dag.py
[2026-07-30T15:17:07.221+0000] {logging_mixin.py:190} INFO - [2026-07-30T15:17:07.220+0000] {dag.py:3239} INFO - Sync 1 DAGs
[2026-07-30T15:17:07.257+0000] {logging_mixin.py:190} INFO - [2026-07-30T15:17:07.257+0000] {dag.py:4180} INFO - Setting next_dagrun for invoice_data_pipeline to 2026-07-29 00:00:00+00:00, run_after=2026-07-30 00:00:00+00:00
[2026-07-30T15:17:07.284+0000] {processor.py:208} INFO - Processing /opt/airflow/dags/invoice_data_pipeline_dag.py took 1.926 seconds
[2026-07-30T15:17:37.633+0000] {processor.py:186} INFO - Started process (PID=197) to work on /opt/airflow/dags/invoice_data_pipeline_dag.py
[2026-07-30T15:17:37.639+0000] {processor.py:914} INFO - Processing file /opt/airflow/dags/invoice_data_pipeline_dag.py for tasks to queue
[2026-07-30T15:17:37.652+0000] {logging_mixin.py:190} INFO - [2026-07-30T15:17:37.651+0000] {dagbag.py:588} INFO - Filling up the DagBag from /opt/airflow/dags/invoice_data_pipeline_dag.py
[2026-07-30T15:17:38.332+0000] {processor.py:925} INFO - DAG(s) 'invoice_data_pipeline' retrieved from /opt/airflow/dags/invoice_data_pipeline_dag.py
[2026-07-30T15:17:38.369+0000] {logging_mixin.py:190} INFO - [2026-07-30T15:17:38.369+0000] {dag.py:3239} INFO - Sync 1 DAGs
[2026-07-30T15:17:38.400+0000] {logging_mixin.py:190} INFO - [2026-07-30T15:17:38.400+0000] {dag.py:4180} INFO - Setting next_dagrun for invoice_data_pipeline to 2026-07-29 00:00:00+00:00, run_after=2026-07-30 00:00:00+00:00
[2026-07-30T15:17:38.420+0000] {processor.py:208} INFO - Processing /opt/airflow/dags/invoice_data_pipeline_dag.py took 0.817 seconds
[2026-07-30T15:18:08.868+0000] {processor.py:186} INFO - Started process (PID=203) to work on /opt/airflow/dags/invoice_data_pipeline_dag.py
[2026-07-30T15:18:08.879+0000] {processor.py:914} INFO - Processing file /opt/airflow/dags/invoice_data_pipeline_dag.py for tasks to queue
[2026-07-30T15:18:08.923+0000] {logging_mixin.py:190} INFO - [2026-07-30T15:18:08.920+0000] {dagbag.py:588} INFO - Filling up the DagBag from /opt/airflow/dags/invoice_data_pipeline_dag.py
[2026-07-30T15:18:11.642+0000] {processor.py:925} INFO - DAG(s) 'invoice_data_pipeline' retrieved from /opt/airflow/dags/invoice_data_pipeline_dag.py
[2026-07-30T15:18:11.732+0000] {logging_mixin.py:190} INFO - [2026-07-30T15:18:11.730+0000] {dag.py:3239} INFO - Sync 1 DAGs
[2026-07-30T15:18:11.766+0000] {logging_mixin.py:190} INFO - [2026-07-30T15:18:11.766+0000] {dag.py:4180} INFO - Setting next_dagrun for invoice_data_pipeline to 2026-07-29 00:00:00+00:00, run_after=2026-07-30 00:00:00+00:00
[2026-07-30T15:18:11.792+0000] {processor.py:208} INFO - Processing /opt/airflow/dags/invoice_data_pipeline_dag.py took 2.995 seconds
[2026-07-30T15:18:42.151+0000] {processor.py:186} INFO - Started process (PID=209) to work on /opt/airflow/dags/invoice_data_pipeline_dag.py
[2026-07-30T15:18:42.156+0000] {processor.py:914} INFO - Processing file /opt/airflow/dags/invoice_data_pipeline_dag.py for tasks to queue
[2026-07-30T15:18:42.172+0000] {logging_mixin.py:190} INFO - [2026-07-30T15:18:42.169+0000] {dagbag.py:588} INFO - Filling up the DagBag from /opt/airflow/dags/invoice_data_pipeline_dag.py
[2026-07-30T15:18:44.523+0000] {processor.py:925} INFO - DAG(s) 'invoice_data_pipeline' retrieved from /opt/airflow/dags/invoice_data_pipeline_dag.py
[2026-07-30T15:18:44.643+0000] {logging_mixin.py:190} INFO - [2026-07-30T15:18:44.642+0000] {dag.py:3239} INFO - Sync 1 DAGs
[2026-07-30T15:18:44.694+0000] {logging_mixin.py:190} INFO - [2026-07-30T15:18:44.693+0000] {dag.py:4180} INFO - Setting next_dagrun for invoice_data_pipeline to 2026-07-29 00:00:00+00:00, run_after=2026-07-30 00:00:00+00:00
[2026-07-30T15:18:44.727+0000] {processor.py:208} INFO - Processing /opt/airflow/dags/invoice_data_pipeline_dag.py took 2.608 seconds
[2026-07-30T15:19:33.123+0000] {processor.py:186} INFO - Started process (PID=215) to work on /opt/airflow/dags/invoice_data_pipeline_dag.py
[2026-07-30T15:19:33.128+0000] {processor.py:914} INFO - Processing file /opt/airflow/dags/invoice_data_pipeline_dag.py for tasks to queue
[2026-07-30T15:19:33.156+0000] {logging_mixin.py:190} INFO - [2026-07-30T15:19:33.152+0000] {dagbag.py:588} INFO - Filling up the DagBag from /opt/airflow/dags/invoice_data_pipeline_dag.py
[2026-07-30T15:19:37.074+0000] {processor.py:925} INFO - DAG(s) 'invoice_data_pipeline' retrieved from /opt/airflow/dags/invoice_data_pipeline_dag.py
[2026-07-30T15:19:37.178+0000] {logging_mixin.py:190} INFO - [2026-07-30T15:19:37.177+0000] {dag.py:3239} INFO - Sync 1 DAGs
[2026-07-30T15:19:37.226+0000] {logging_mixin.py:190} INFO - [2026-07-30T15:19:37.226+0000] {dag.py:4180} INFO - Setting next_dagrun for invoice_data_pipeline to 2026-07-29 00:00:00+00:00, run_after=2026-07-30 00:00:00+00:00
[2026-07-30T15:19:37.263+0000] {processor.py:208} INFO - Processing /opt/airflow/dags/invoice_data_pipeline_dag.py took 4.278 seconds
[2026-07-30T15:20:07.693+0000] {processor.py:186} INFO - Started process (PID=221) to work on /opt/airflow/dags/invoice_data_pipeline_dag.py
[2026-07-30T15:20:07.696+0000] {processor.py:914} INFO - Processing file /opt/airflow/dags/invoice_data_pipeline_dag.py for tasks to queue
[2026-07-30T15:20:07.705+0000] {logging_mixin.py:190} INFO - [2026-07-30T15:20:07.704+0000] {dagbag.py:588} INFO - Filling up the DagBag from /opt/airflow/dags/invoice_data_pipeline_dag.py
[2026-07-30T15:20:08.587+0000] {processor.py:925} INFO - DAG(s) 'invoice_data_pipeline' retrieved from /opt/airflow/dags/invoice_data_pipeline_dag.py
[2026-07-30T15:20:08.661+0000] {logging_mixin.py:190} INFO - [2026-07-30T15:20:08.661+0000] {dag.py:3239} INFO - Sync 1 DAGs
[2026-07-30T15:20:08.696+0000] {logging_mixin.py:190} INFO - [2026-07-30T15:20:08.696+0000] {dag.py:4180} INFO - Setting next_dagrun for invoice_data_pipeline to 2026-07-29 00:00:00+00:00, run_after=2026-07-30 00:00:00+00:00
[2026-07-30T15:20:08.726+0000] {processor.py:208} INFO - Processing /opt/airflow/dags/invoice_data_pipeline_dag.py took 1.050 seconds
[2026-07-30T15:20:39.063+0000] {processor.py:186} INFO - Started process (PID=227) to work on /opt/airflow/dags/invoice_data_pipeline_dag.py
[2026-07-30T15:20:39.068+0000] {processor.py:914} INFO - Processing file /opt/airflow/dags/invoice_data_pipeline_dag.py for tasks to queue
[2026-07-30T15:20:39.078+0000] {logging_mixin.py:190} INFO - [2026-07-30T15:20:39.076+0000] {dagbag.py:588} INFO - Filling up the DagBag from /opt/airflow/dags/invoice_data_pipeline_dag.py
[2026-07-30T15:20:40.628+0000] {processor.py:925} INFO - DAG(s) 'invoice_data_pipeline' retrieved from /opt/airflow/dags/invoice_data_pipeline_dag.py
[2026-07-30T15:20:40.691+0000] {logging_mixin.py:190} INFO - [2026-07-30T15:20:40.690+0000] {dag.py:3239} INFO - Sync 1 DAGs
[2026-07-30T15:20:40.724+0000] {logging_mixin.py:190} INFO - [2026-07-30T15:20:40.724+0000] {dag.py:4180} INFO - Setting next_dagrun for invoice_data_pipeline to 2026-07-29 00:00:00+00:00, run_after=2026-07-30 00:00:00+00:00
[2026-07-30T15:20:40.748+0000] {processor.py:208} INFO - Processing /opt/airflow/dags/invoice_data_pipeline_dag.py took 1.711 seconds
[2026-07-30T15:21:11.117+0000] {processor.py:186} INFO - Started process (PID=233) to work on /opt/airflow/dags/invoice_data_pipeline_dag.py
[2026-07-30T15:21:11.119+0000] {processor.py:914} INFO - Processing file /opt/airflow/dags/invoice_data_pipeline_dag.py for tasks to queue
[2026-07-30T15:21:11.130+0000] {logging_mixin.py:190} INFO - [2026-07-30T15:21:11.128+0000] {dagbag.py:588} INFO - Filling up the DagBag from /opt/airflow/dags/invoice_data_pipeline_dag.py
[2026-07-30T15:21:12.412+0000] {processor.py:925} INFO - DAG(s) 'invoice_data_pipeline' retrieved from /opt/airflow/dags/invoice_data_pipeline_dag.py
[2026-07-30T15:21:12.487+0000] {logging_mixin.py:190} INFO - [2026-07-30T15:21:12.486+0000] {dag.py:3239} INFO - Sync 1 DAGs
[2026-07-30T15:21:12.539+0000] {logging_mixin.py:190} INFO - [2026-07-30T15:21:12.539+0000] {dag.py:4180} INFO - Setting next_dagrun for invoice_data_pipeline to 2026-07-29 00:00:00+00:00, run_after=2026-07-30 00:00:00+00:00
[2026-07-30T15:21:12.568+0000] {processor.py:208} INFO - Processing /opt/airflow/dags/invoice_data_pipeline_dag.py took 1.475 seconds
[2026-07-30T15:21:42.674+0000] {processor.py:186} INFO - Started process (PID=239) to work on /opt/airflow/dags/invoice_data_pipeline_dag.py
[2026-07-30T15:21:42.677+0000] {processor.py:914} INFO - Processing file /opt/airflow/dags/invoice_data_pipeline_dag.py for tasks to queue
[2026-07-30T15:21:42.683+0000] {logging_mixin.py:190} INFO - [2026-07-30T15:21:42.682+0000] {dagbag.py:588} INFO - Filling up the DagBag from /opt/airflow/dags/invoice_data_pipeline_dag.py
[2026-07-30T15:21:43.605+0000] {processor.py:925} INFO - DAG(s) 'invoice_data_pipeline' retrieved from /opt/airflow/dags/invoice_data_pipeline_dag.py
[2026-07-30T15:21:43.645+0000] {logging_mixin.py:190} INFO - [2026-07-30T15:21:43.643+0000] {dag.py:3239} INFO - Sync 1 DAGs
[2026-07-30T15:21:43.667+0000] {logging_mixin.py:190} INFO - [2026-07-30T15:21:43.666+0000] {dag.py:4180} INFO - Setting next_dagrun for invoice_data_pipeline to 2026-07-29 00:00:00+00:00, run_after=2026-07-30 00:00:00+00:00
[2026-07-30T15:21:43.692+0000] {processor.py:208} INFO - Processing /opt/airflow/dags/invoice_data_pipeline_dag.py took 1.027 seconds
[2026-07-30T15:22:14.087+0000] {processor.py:186} INFO - Started process (PID=245) to work on /opt/airflow/dags/invoice_data_pipeline_dag.py
[2026-07-30T15:22:14.091+0000] {processor.py:914} INFO - Processing file /opt/airflow/dags/invoice_data_pipeline_dag.py for tasks to queue
[2026-07-30T15:22:14.107+0000] {logging_mixin.py:190} INFO - [2026-07-30T15:22:14.103+0000] {dagbag.py:588} INFO - Filling up the DagBag from /opt/airflow/dags/invoice_data_pipeline_dag.py
[2026-07-30T15:22:16.240+0000] {processor.py:925} INFO - DAG(s) 'invoice_data_pipeline' retrieved from /opt/airflow/dags/invoice_data_pipeline_dag.py
[2026-07-30T15:22:16.385+0000] {logging_mixin.py:190} INFO - [2026-07-30T15:22:16.384+0000] {dag.py:3239} INFO - Sync 1 DAGs
[2026-07-30T15:22:16.419+0000] {logging_mixin.py:190} INFO - [2026-07-30T15:22:16.419+0000] {dag.py:4180} INFO - Setting next_dagrun for invoice_data_pipeline to 2026-07-29 00:00:00+00:00, run_after=2026-07-30 00:00:00+00:00
[2026-07-30T15:22:16.459+0000] {processor.py:208} INFO - Processing /opt/airflow/dags/invoice_data_pipeline_dag.py took 2.421 seconds
[2026-07-30T15:22:46.833+0000] {processor.py:186} INFO - Started process (PID=251) to work on /opt/airflow/dags/invoice_data_pipeline_dag.py
[2026-07-30T15:22:46.836+0000] {processor.py:914} INFO - Processing file /opt/airflow/dags/invoice_data_pipeline_dag.py for tasks to queue
[2026-07-30T15:22:46.840+0000] {logging_mixin.py:190} INFO - [2026-07-30T15:22:46.839+0000] {dagbag.py:588} INFO - Filling up the DagBag from /opt/airflow/dags/invoice_data_pipeline_dag.py
[2026-07-30T15:22:47.747+0000] {processor.py:925} INFO - DAG(s) 'invoice_data_pipeline' retrieved from /opt/airflow/dags/invoice_data_pipeline_dag.py
[2026-07-30T15:22:47.779+0000] {logging_mixin.py:190} INFO - [2026-07-30T15:22:47.778+0000] {dag.py:3239} INFO - Sync 1 DAGs
[2026-07-30T15:22:47.803+0000] {logging_mixin.py:190} INFO - [2026-07-30T15:22:47.803+0000] {dag.py:4180} INFO - Setting next_dagrun for invoice_data_pipeline to 2026-07-29 00:00:00+00:00, run_after=2026-07-30 00:00:00+00:00
[2026-07-30T15:22:47.823+0000] {processor.py:208} INFO - Processing /opt/airflow/dags/invoice_data_pipeline_dag.py took 1.007 seconds
[2026-07-30T15:23:18.410+0000] {processor.py:186} INFO - Started process (PID=257) to work on /opt/airflow/dags/invoice_data_pipeline_dag.py
[2026-07-30T15:23:18.416+0000] {processor.py:914} INFO - Processing file /opt/airflow/dags/invoice_data_pipeline_dag.py for tasks to queue
[2026-07-30T15:23:18.427+0000] {logging_mixin.py:190} INFO - [2026-07-30T15:23:18.425+0000] {dagbag.py:588} INFO - Filling up the DagBag from /opt/airflow/dags/invoice_data_pipeline_dag.py
[2026-07-30T15:23:19.494+0000] {processor.py:925} INFO - DAG(s) 'invoice_data_pipeline' retrieved from /opt/airflow/dags/invoice_data_pipeline_dag.py
[2026-07-30T15:23:19.580+0000] {logging_mixin.py:190} INFO - [2026-07-30T15:23:19.579+0000] {dag.py:3239} INFO - Sync 1 DAGs
[2026-07-30T15:23:19.620+0000] {logging_mixin.py:190} INFO - [2026-07-30T15:23:19.619+0000] {dag.py:4180} INFO - Setting next_dagrun for invoice_data_pipeline to 2026-07-29 00:00:00+00:00, run_after=2026-07-30 00:00:00+00:00
[2026-07-30T15:23:19.647+0000] {processor.py:208} INFO - Processing /opt/airflow/dags/invoice_data_pipeline_dag.py took 1.267 seconds
[2026-07-30T15:23:49.986+0000] {processor.py:186} INFO - Started process (PID=263) to work on /opt/airflow/dags/invoice_data_pipeline_dag.py
[2026-07-30T15:23:49.992+0000] {processor.py:914} INFO - Processing file /opt/airflow/dags/invoice_data_pipeline_dag.py for tasks to queue
[2026-07-30T15:23:50.012+0000] {logging_mixin.py:190} INFO - [2026-07-30T15:23:50.009+0000] {dagbag.py:588} INFO - Filling up the DagBag from /opt/airflow/dags/invoice_data_pipeline_dag.py
[2026-07-30T15:23:50.688+0000] {processor.py:925} INFO - DAG(s) 'invoice_data_pipeline' retrieved from /opt/airflow/dags/invoice_data_pipeline_dag.py
[2026-07-30T15:23:50.729+0000] {logging_mixin.py:190} INFO - [2026-07-30T15:23:50.729+0000] {dag.py:3239} INFO - Sync 1 DAGs
[2026-07-30T15:23:50.764+0000] {logging_mixin.py:190} INFO - [2026-07-30T15:23:50.763+0000] {dag.py:4180} INFO - Setting next_dagrun for invoice_data_pipeline to 2026-07-29 00:00:00+00:00, run_after=2026-07-30 00:00:00+00:00
[2026-07-30T15:23:50.789+0000] {processor.py:208} INFO - Processing /opt/airflow/dags/invoice_data_pipeline_dag.py took 0.846 seconds
[2026-07-30T15:24:20.993+0000] {processor.py:186} INFO - Started process (PID=269) to work on /opt/airflow/dags/invoice_data_pipeline_dag.py
[2026-07-30T15:24:20.995+0000] {processor.py:914} INFO - Processing file /opt/airflow/dags/invoice_data_pipeline_dag.py for tasks to queue
[2026-07-30T15:24:21.006+0000] {logging_mixin.py:190} INFO - [2026-07-30T15:24:21.004+0000] {dagbag.py:588} INFO - Filling up the DagBag from /opt/airflow/dags/invoice_data_pipeline_dag.py
[2026-07-30T15:24:21.495+0000] {processor.py:925} INFO - DAG(s) 'invoice_data_pipeline' retrieved from /opt/airflow/dags/invoice_data_pipeline_dag.py
[2026-07-30T15:24:21.561+0000] {logging_mixin.py:190} INFO - [2026-07-30T15:24:21.559+0000] {dag.py:3239} INFO - Sync 1 DAGs
[2026-07-30T15:24:21.620+0000] {logging_mixin.py:190} INFO - [2026-07-30T15:24:21.620+0000] {dag.py:4180} INFO - Setting next_dagrun for invoice_data_pipeline to 2026-07-29 00:00:00+00:00, run_after=2026-07-30 00:00:00+00:00
[2026-07-30T15:24:21.656+0000] {processor.py:208} INFO - Processing /opt/airflow/dags/invoice_data_pipeline_dag.py took 0.681 seconds
[2026-07-30T15:24:52.007+0000] {processor.py:186} INFO - Started process (PID=275) to work on /opt/airflow/dags/invoice_data_pipeline_dag.py
[2026-07-30T15:24:52.009+0000] {processor.py:914} INFO - Processing file /opt/airflow/dags/invoice_data_pipeline_dag.py for tasks to queue
[2026-07-30T15:24:52.014+0000] {logging_mixin.py:190} INFO - [2026-07-30T15:24:52.013+0000] {dagbag.py:588} INFO - Filling up the DagBag from /opt/airflow/dags/invoice_data_pipeline_dag.py
[2026-07-30T15:24:52.626+0000] {processor.py:925} INFO - DAG(s) 'invoice_data_pipeline' retrieved from /opt/airflow/dags/invoice_data_pipeline_dag.py
[2026-07-30T15:24:52.688+0000] {logging_mixin.py:190} INFO - [2026-07-30T15:24:52.687+0000] {dag.py:3239} INFO - Sync 1 DAGs
[2026-07-30T15:24:52.714+0000] {logging_mixin.py:190} INFO - [2026-07-30T15:24:52.713+0000] {dag.py:4180} INFO - Setting next_dagrun for invoice_data_pipeline to 2026-07-29 00:00:00+00:00, run_after=2026-07-30 00:00:00+00:00
[2026-07-30T15:24:52.738+0000] {processor.py:208} INFO - Processing /opt/airflow/dags/invoice_data_pipeline_dag.py took 0.743 seconds
[2026-07-30T15:25:23.102+0000] {processor.py:186} INFO - Started process (PID=281) to work on /opt/airflow/dags/invoice_data_pipeline_dag.py
[2026-07-30T15:25:23.104+0000] {processor.py:914} INFO - Processing file /opt/airflow/dags/invoice_data_pipeline_dag.py for tasks to queue
[2026-07-30T15:25:23.110+0000] {logging_mixin.py:190} INFO - [2026-07-30T15:25:23.109+0000] {dagbag.py:588} INFO - Filling up the DagBag from /opt/airflow/dags/invoice_data_pipeline_dag.py
[2026-07-30T15:25:23.516+0000] {processor.py:925} INFO - DAG(s) 'invoice_data_pipeline' retrieved from /opt/airflow/dags/invoice_data_pipeline_dag.py
[2026-07-30T15:25:23.580+0000] {logging_mixin.py:190} INFO - [2026-07-30T15:25:23.579+0000] {dag.py:3239} INFO - Sync 1 DAGs
[2026-07-30T15:25:23.632+0000] {logging_mixin.py:190} INFO - [2026-07-30T15:25:23.631+0000] {dag.py:4180} INFO - Setting next_dagrun for invoice_data_pipeline to 2026-07-29 00:00:00+00:00, run_after=2026-07-30 00:00:00+00:00
[2026-07-30T15:25:23.667+0000] {processor.py:208} INFO - Processing /opt/airflow/dags/invoice_data_pipeline_dag.py took 0.573 seconds
[2026-07-30T15:25:53.988+0000] {processor.py:186} INFO - Started process (PID=287) to work on /opt/airflow/dags/invoice_data_pipeline_dag.py
[2026-07-30T15:25:53.990+0000] {processor.py:914} INFO - Processing file /opt/airflow/dags/invoice_data_pipeline_dag.py for tasks to queue
[2026-07-30T15:25:53.996+0000] {logging_mixin.py:190} INFO - [2026-07-30T15:25:53.995+0000] {dagbag.py:588} INFO - Filling up the DagBag from /opt/airflow/dags/invoice_data_pipeline_dag.py
[2026-07-30T15:25:54.337+0000] {processor.py:925} INFO - DAG(s) 'invoice_data_pipeline' retrieved from /opt/airflow/dags/invoice_data_pipeline_dag.py
[2026-07-30T15:25:54.368+0000] {logging_mixin.py:190} INFO - [2026-07-30T15:25:54.367+0000] {dag.py:3239} INFO - Sync 1 DAGs
[2026-07-30T15:25:54.391+0000] {logging_mixin.py:190} INFO - [2026-07-30T15:25:54.391+0000] {dag.py:4180} INFO - Setting next_dagrun for invoice_data_pipeline to 2026-07-29 00:00:00+00:00, run_after=2026-07-30 00:00:00+00:00
[2026-07-30T15:25:54.411+0000] {processor.py:208} INFO - Processing /opt/airflow/dags/invoice_data_pipeline_dag.py took 0.431 seconds
[2026-07-30T15:26:24.701+0000] {processor.py:186} INFO - Started process (PID=293) to work on /opt/airflow/dags/invoice_data_pipeline_dag.py
[2026-07-30T15:26:24.704+0000] {processor.py:914} INFO - Processing file /opt/airflow/dags/invoice_data_pipeline_dag.py for tasks to queue
[2026-07-30T15:26:24.707+0000] {logging_mixin.py:190} INFO - [2026-07-30T15:26:24.707+0000] {dagbag.py:588} INFO - Filling up the DagBag from /opt/airflow/dags/invoice_data_pipeline_dag.py
[2026-07-30T15:26:25.067+0000] {processor.py:925} INFO - DAG(s) 'invoice_data_pipeline' retrieved from /opt/airflow/dags/invoice_data_pipeline_dag.py
[2026-07-30T15:26:25.096+0000] {logging_mixin.py:190} INFO - [2026-07-30T15:26:25.095+0000] {dag.py:3239} INFO - Sync 1 DAGs
[2026-07-30T15:26:25.117+0000] {logging_mixin.py:190} INFO - [2026-07-30T15:26:25.117+0000] {dag.py:4180} INFO - Setting next_dagrun for invoice_data_pipeline to 2026-07-29 00:00:00+00:00, run_after=2026-07-30 00:00:00+00:00
[2026-07-30T15:26:25.138+0000] {processor.py:208} INFO - Processing /opt/airflow/dags/invoice_data_pipeline_dag.py took 0.446 seconds
[2026-07-30T15:26:55.533+0000] {processor.py:186} INFO - Started process (PID=307) to work on /opt/airflow/dags/invoice_data_pipeline_dag.py
[2026-07-30T15:26:55.537+0000] {processor.py:914} INFO - Processing file /opt/airflow/dags/invoice_data_pipeline_dag.py for tasks to queue
[2026-07-30T15:26:55.553+0000] {logging_mixin.py:190} INFO - [2026-07-30T15:26:55.550+0000] {dagbag.py:588} INFO - Filling up the DagBag from /opt/airflow/dags/invoice_data_pipeline_dag.py
[2026-07-30T15:26:56.222+0000] {processor.py:925} INFO - DAG(s) 'invoice_data_pipeline' retrieved from /opt/airflow/dags/invoice_data_pipeline_dag.py
[2026-07-30T15:26:56.290+0000] {logging_mixin.py:190} INFO - [2026-07-30T15:26:56.288+0000] {dag.py:3239} INFO - Sync 1 DAGs
[2026-07-30T15:26:56.344+0000] {logging_mixin.py:190} INFO - [2026-07-30T15:26:56.344+0000] {dag.py:4180} INFO - Setting next_dagrun for invoice_data_pipeline to 2026-07-30 00:00:00+00:00, run_after=2026-07-31 00:00:00+00:00
[2026-07-30T15:26:56.374+0000] {processor.py:208} INFO - Processing /opt/airflow/dags/invoice_data_pipeline_dag.py took 0.873 seconds
[2026-07-30T15:27:26.703+0000] {processor.py:186} INFO - Started process (PID=313) to work on /opt/airflow/dags/invoice_data_pipeline_dag.py
[2026-07-30T15:27:26.705+0000] {processor.py:914} INFO - Processing file /opt/airflow/dags/invoice_data_pipeline_dag.py for tasks to queue
[2026-07-30T15:27:26.709+0000] {logging_mixin.py:190} INFO - [2026-07-30T15:27:26.708+0000] {dagbag.py:588} INFO - Filling up the DagBag from /opt/airflow/dags/invoice_data_pipeline_dag.py
[2026-07-30T15:27:27.215+0000] {processor.py:925} INFO - DAG(s) 'invoice_data_pipeline' retrieved from /opt/airflow/dags/invoice_data_pipeline_dag.py
[2026-07-30T15:27:27.261+0000] {logging_mixin.py:190} INFO - [2026-07-30T15:27:27.261+0000] {dag.py:3239} INFO - Sync 1 DAGs
[2026-07-30T15:27:27.287+0000] {logging_mixin.py:190} INFO - [2026-07-30T15:27:27.286+0000] {dag.py:4180} INFO - Setting next_dagrun for invoice_data_pipeline to 2026-07-30 00:00:00+00:00, run_after=2026-07-31 00:00:00+00:00
[2026-07-30T15:27:27.308+0000] {processor.py:208} INFO - Processing /opt/airflow/dags/invoice_data_pipeline_dag.py took 0.616 seconds
[2026-07-30T15:27:57.646+0000] {processor.py:186} INFO - Started process (PID=319) to work on /opt/airflow/dags/invoice_data_pipeline_dag.py
[2026-07-30T15:27:57.653+0000] {processor.py:914} INFO - Processing file /opt/airflow/dags/invoice_data_pipeline_dag.py for tasks to queue
[2026-07-30T15:27:57.673+0000] {logging_mixin.py:190} INFO - [2026-07-30T15:27:57.670+0000] {dagbag.py:588} INFO - Filling up the DagBag from /opt/airflow/dags/invoice_data_pipeline_dag.py
[2026-07-30T15:27:58.558+0000] {processor.py:925} INFO - DAG(s) 'invoice_data_pipeline' retrieved from /opt/airflow/dags/invoice_data_pipeline_dag.py
[2026-07-30T15:27:58.720+0000] {logging_mixin.py:190} INFO - [2026-07-30T15:27:58.719+0000] {dag.py:3239} INFO - Sync 1 DAGs
[2026-07-30T15:27:58.902+0000] {logging_mixin.py:190} INFO - [2026-07-30T15:27:58.901+0000] {dag.py:4180} INFO - Setting next_dagrun for invoice_data_pipeline to 2026-07-30 00:00:00+00:00, run_after=2026-07-31 00:00:00+00:00
[2026-07-30T15:27:58.965+0000] {processor.py:208} INFO - Processing /opt/airflow/dags/invoice_data_pipeline_dag.py took 1.370 seconds
[2026-07-30T15:28:29.314+0000] {processor.py:186} INFO - Started process (PID=325) to work on /opt/airflow/dags/invoice_data_pipeline_dag.py
[2026-07-30T15:28:29.316+0000] {processor.py:914} INFO - Processing file /opt/airflow/dags/invoice_data_pipeline_dag.py for tasks to queue
[2026-07-30T15:28:29.320+0000] {logging_mixin.py:190} INFO - [2026-07-30T15:28:29.320+0000] {dagbag.py:588} INFO - Filling up the DagBag from /opt/airflow/dags/invoice_data_pipeline_dag.py
[2026-07-30T15:28:30.593+0000] {processor.py:925} INFO - DAG(s) 'invoice_data_pipeline' retrieved from /opt/airflow/dags/invoice_data_pipeline_dag.py
[2026-07-30T15:28:30.681+0000] {logging_mixin.py:190} INFO - [2026-07-30T15:28:30.681+0000] {dag.py:3239} INFO - Sync 1 DAGs
[2026-07-30T15:28:30.739+0000] {logging_mixin.py:190} INFO - [2026-07-30T15:28:30.739+0000] {dag.py:4180} INFO - Setting next_dagrun for invoice_data_pipeline to 2026-07-30 00:00:00+00:00, run_after=2026-07-31 00:00:00+00:00
[2026-07-30T15:28:30.785+0000] {processor.py:208} INFO - Processing /opt/airflow/dags/invoice_data_pipeline_dag.py took 1.481 seconds
[2026-07-30T15:29:01.175+0000] {processor.py:186} INFO - Started process (PID=339) to work on /opt/airflow/dags/invoice_data_pipeline_dag.py
[2026-07-30T15:29:01.180+0000] {processor.py:914} INFO - Processing file /opt/airflow/dags/invoice_data_pipeline_dag.py for tasks to queue
[2026-07-30T15:29:01.190+0000] {logging_mixin.py:190} INFO - [2026-07-30T15:29:01.189+0000] {dagbag.py:588} INFO - Filling up the DagBag from /opt/airflow/dags/invoice_data_pipeline_dag.py
[2026-07-30T15:29:02.076+0000] {processor.py:925} INFO - DAG(s) 'invoice_data_pipeline' retrieved from /opt/airflow/dags/invoice_data_pipeline_dag.py
[2026-07-30T15:29:02.205+0000] {logging_mixin.py:190} INFO - [2026-07-30T15:29:02.204+0000] {dag.py:3239} INFO - Sync 1 DAGs
[2026-07-30T15:29:02.248+0000] {logging_mixin.py:190} INFO - [2026-07-30T15:29:02.248+0000] {dag.py:4180} INFO - Setting next_dagrun for invoice_data_pipeline to 2026-07-30 00:00:00+00:00, run_after=2026-07-31 00:00:00+00:00
[2026-07-30T15:29:02.277+0000] {processor.py:208} INFO - Processing /opt/airflow/dags/invoice_data_pipeline_dag.py took 1.124 seconds
[2026-07-30T15:29:32.488+0000] {processor.py:186} INFO - Started process (PID=345) to work on /opt/airflow/dags/invoice_data_pipeline_dag.py
[2026-07-30T15:29:32.492+0000] {processor.py:914} INFO - Processing file /opt/airflow/dags/invoice_data_pipeline_dag.py for tasks to queue
[2026-07-30T15:29:32.506+0000] {logging_mixin.py:190} INFO - [2026-07-30T15:29:32.504+0000] {dagbag.py:588} INFO - Filling up the DagBag from /opt/airflow/dags/invoice_data_pipeline_dag.py
[2026-07-30T15:29:33.143+0000] {processor.py:925} INFO - DAG(s) 'invoice_data_pipeline' retrieved from /opt/airflow/dags/invoice_data_pipeline_dag.py
[2026-07-30T15:29:33.208+0000] {logging_mixin.py:190} INFO - [2026-07-30T15:29:33.207+0000] {dag.py:3239} INFO - Sync 1 DAGs
[2026-07-30T15:29:33.260+0000] {logging_mixin.py:190} INFO - [2026-07-30T15:29:33.260+0000] {dag.py:4180} INFO - Setting next_dagrun for invoice_data_pipeline to 2026-07-30 00:00:00+00:00, run_after=2026-07-31 00:00:00+00:00
[2026-07-30T15:29:33.290+0000] {processor.py:208} INFO - Processing /opt/airflow/dags/invoice_data_pipeline_dag.py took 0.822 seconds
[2026-07-30T15:29:56.780+0000] {processor.py:186} INFO - Started process (PID=351) to work on /opt/airflow/dags/invoice_data_pipeline_dag.py
[2026-07-30T15:29:56.782+0000] {processor.py:914} INFO - Processing file /opt/airflow/dags/invoice_data_pipeline_dag.py for tasks to queue
[2026-07-30T15:29:56.785+0000] {logging_mixin.py:190} INFO - [2026-07-30T15:29:56.785+0000] {dagbag.py:588} INFO - Filling up the DagBag from /opt/airflow/dags/invoice_data_pipeline_dag.py
[2026-07-30T15:29:57.250+0000] {processor.py:925} INFO - DAG(s) 'invoice_data_pipeline' retrieved from /opt/airflow/dags/invoice_data_pipeline_dag.py
[2026-07-30T15:29:57.618+0000] {logging_mixin.py:190} INFO - [2026-07-30T15:29:57.617+0000] {dag.py:3239} INFO - Sync 1 DAGs
[2026-07-30T15:29:57.664+0000] {logging_mixin.py:190} INFO - [2026-07-30T15:29:57.663+0000] {dag.py:4180} INFO - Setting next_dagrun for invoice_data_pipeline to 2026-07-30 00:00:00+00:00, run_after=2026-07-31 00:00:00+00:00
[2026-07-30T15:29:57.717+0000] {processor.py:208} INFO - Processing /opt/airflow/dags/invoice_data_pipeline_dag.py took 0.943 seconds
[2026-07-30T15:30:16.192+0000] {processor.py:186} INFO - Started process (PID=357) to work on /opt/airflow/dags/invoice_data_pipeline_dag.py
[2026-07-30T15:30:16.203+0000] {processor.py:914} INFO - Processing file /opt/airflow/dags/invoice_data_pipeline_dag.py for tasks to queue
[2026-07-30T15:30:16.233+0000] {logging_mixin.py:190} INFO - [2026-07-30T15:30:16.228+0000] {dagbag.py:588} INFO - Filling up the DagBag from /opt/airflow/dags/invoice_data_pipeline_dag.py
[2026-07-30T15:30:18.113+0000] {processor.py:925} INFO - DAG(s) 'invoice_data_pipeline' retrieved from /opt/airflow/dags/invoice_data_pipeline_dag.py
[2026-07-30T15:30:18.206+0000] {logging_mixin.py:190} INFO - [2026-07-30T15:30:18.206+0000] {dag.py:3239} INFO - Sync 1 DAGs
[2026-07-30T15:30:18.292+0000] {logging_mixin.py:190} INFO - [2026-07-30T15:30:18.292+0000] {dag.py:4180} INFO - Setting next_dagrun for invoice_data_pipeline to 2026-07-30 00:00:00+00:00, run_after=2026-07-31 00:00:00+00:00
[2026-07-30T15:30:18.332+0000] {processor.py:208} INFO - Processing /opt/airflow/dags/invoice_data_pipeline_dag.py took 2.204 seconds
[2026-07-30T15:30:48.624+0000] {processor.py:186} INFO - Started process (PID=371) to work on /opt/airflow/dags/invoice_data_pipeline_dag.py
[2026-07-30T15:30:48.627+0000] {processor.py:914} INFO - Processing file /opt/airflow/dags/invoice_data_pipeline_dag.py for tasks to queue
[2026-07-30T15:30:48.639+0000] {logging_mixin.py:190} INFO - [2026-07-30T15:30:48.637+0000] {dagbag.py:588} INFO - Filling up the DagBag from /opt/airflow/dags/invoice_data_pipeline_dag.py
[2026-07-30T15:30:49.279+0000] {processor.py:925} INFO - DAG(s) 'invoice_data_pipeline' retrieved from /opt/airflow/dags/invoice_data_pipeline_dag.py
[2026-07-30T15:30:49.349+0000] {logging_mixin.py:190} INFO - [2026-07-30T15:30:49.348+0000] {dag.py:3239} INFO - Sync 1 DAGs
[2026-07-30T15:30:49.392+0000] {logging_mixin.py:190} INFO - [2026-07-30T15:30:49.392+0000] {dag.py:4180} INFO - Setting next_dagrun for invoice_data_pipeline to 2026-07-30 00:00:00+00:00, run_after=2026-07-31 00:00:00+00:00
[2026-07-30T15:30:49.426+0000] {processor.py:208} INFO - Processing /opt/airflow/dags/invoice_data_pipeline_dag.py took 0.835 seconds
[2026-07-30T15:31:20.206+0000] {processor.py:186} INFO - Started process (PID=381) to work on /opt/airflow/dags/invoice_data_pipeline_dag.py
[2026-07-30T15:31:20.209+0000] {processor.py:914} INFO - Processing file /opt/airflow/dags/invoice_data_pipeline_dag.py for tasks to queue
[2026-07-30T15:31:20.224+0000] {logging_mixin.py:190} INFO - [2026-07-30T15:31:20.222+0000] {dagbag.py:588} INFO - Filling up the DagBag from /opt/airflow/dags/invoice_data_pipeline_dag.py
[2026-07-30T15:31:20.807+0000] {processor.py:925} INFO - DAG(s) 'invoice_data_pipeline' retrieved from /opt/airflow/dags/invoice_data_pipeline_dag.py
[2026-07-30T15:31:20.889+0000] {logging_mixin.py:190} INFO - [2026-07-30T15:31:20.888+0000] {dag.py:3239} INFO - Sync 1 DAGs
[2026-07-30T15:31:20.949+0000] {logging_mixin.py:190} INFO - [2026-07-30T15:31:20.948+0000] {dag.py:4180} INFO - Setting next_dagrun for invoice_data_pipeline to 2026-07-30 00:00:00+00:00, run_after=2026-07-31 00:00:00+00:00
[2026-07-30T15:31:20.991+0000] {processor.py:208} INFO - Processing /opt/airflow/dags/invoice_data_pipeline_dag.py took 0.806 seconds
[2026-07-30T15:31:51.472+0000] {processor.py:186} INFO - Started process (PID=387) to work on /opt/airflow/dags/invoice_data_pipeline_dag.py
[2026-07-30T15:31:51.476+0000] {processor.py:914} INFO - Processing file /opt/airflow/dags/invoice_data_pipeline_dag.py for tasks to queue
[2026-07-30T15:31:51.484+0000] {logging_mixin.py:190} INFO - [2026-07-30T15:31:51.483+0000] {dagbag.py:588} INFO - Filling up the DagBag from /opt/airflow/dags/invoice_data_pipeline_dag.py
[2026-07-30T15:31:51.914+0000] {processor.py:925} INFO - DAG(s) 'invoice_data_pipeline' retrieved from /opt/airflow/dags/invoice_data_pipeline_dag.py
[2026-07-30T15:31:51.947+0000] {logging_mixin.py:190} INFO - [2026-07-30T15:31:51.947+0000] {dag.py:3239} INFO - Sync 1 DAGs
[2026-07-30T15:31:51.983+0000] {logging_mixin.py:190} INFO - [2026-07-30T15:31:51.983+0000] {dag.py:4180} INFO - Setting next_dagrun for invoice_data_pipeline to 2026-07-30 00:00:00+00:00, run_after=2026-07-31 00:00:00+00:00
[2026-07-30T15:31:52.010+0000] {processor.py:208} INFO - Processing /opt/airflow/dags/invoice_data_pipeline_dag.py took 0.553 seconds
[2026-07-30T15:32:22.326+0000] {processor.py:186} INFO - Started process (PID=393) to work on /opt/airflow/dags/invoice_data_pipeline_dag.py
[2026-07-30T15:32:22.328+0000] {processor.py:914} INFO - Processing file /opt/airflow/dags/invoice_data_pipeline_dag.py for tasks to queue
[2026-07-30T15:32:22.332+0000] {logging_mixin.py:190} INFO - [2026-07-30T15:32:22.332+0000] {dagbag.py:588} INFO - Filling up the DagBag from /opt/airflow/dags/invoice_data_pipeline_dag.py
[2026-07-30T15:32:22.737+0000] {processor.py:925} INFO - DAG(s) 'invoice_data_pipeline' retrieved from /opt/airflow/dags/invoice_data_pipeline_dag.py
[2026-07-30T15:32:22.791+0000] {logging_mixin.py:190} INFO - [2026-07-30T15:32:22.789+0000] {dag.py:3239} INFO - Sync 1 DAGs
[2026-07-30T15:32:22.834+0000] {logging_mixin.py:190} INFO - [2026-07-30T15:32:22.834+0000] {dag.py:4180} INFO - Setting next_dagrun for invoice_data_pipeline to 2026-07-30 00:00:00+00:00, run_after=2026-07-31 00:00:00+00:00
[2026-07-30T15:32:22.868+0000] {processor.py:208} INFO - Processing /opt/airflow/dags/invoice_data_pipeline_dag.py took 0.551 seconds
[2026-07-30T15:32:53.051+0000] {processor.py:186} INFO - Started process (PID=407) to work on /opt/airflow/dags/invoice_data_pipeline_dag.py
[2026-07-30T15:32:53.054+0000] {processor.py:914} INFO - Processing file /opt/airflow/dags/invoice_data_pipeline_dag.py for tasks to queue
[2026-07-30T15:32:53.065+0000] {logging_mixin.py:190} INFO - [2026-07-30T15:32:53.064+0000] {dagbag.py:588} INFO - Filling up the DagBag from /opt/airflow/dags/invoice_data_pipeline_dag.py
[2026-07-30T15:32:53.725+0000] {processor.py:925} INFO - DAG(s) 'invoice_data_pipeline' retrieved from /opt/airflow/dags/invoice_data_pipeline_dag.py
[2026-07-30T15:32:53.774+0000] {logging_mixin.py:190} INFO - [2026-07-30T15:32:53.774+0000] {dag.py:3239} INFO - Sync 1 DAGs
[2026-07-30T15:32:53.829+0000] {logging_mixin.py:190} INFO - [2026-07-30T15:32:53.829+0000] {dag.py:4180} INFO - Setting next_dagrun for invoice_data_pipeline to 2026-07-30 00:00:00+00:00, run_after=2026-07-31 00:00:00+00:00
[2026-07-30T15:32:53.864+0000] {processor.py:208} INFO - Processing /opt/airflow/dags/invoice_data_pipeline_dag.py took 0.832 seconds
[2026-07-30T15:33:24.207+0000] {processor.py:186} INFO - Started process (PID=417) to work on /opt/airflow/dags/invoice_data_pipeline_dag.py
[2026-07-30T15:33:24.209+0000] {processor.py:914} INFO - Processing file /opt/airflow/dags/invoice_data_pipeline_dag.py for tasks to queue
[2026-07-30T15:33:24.212+0000] {logging_mixin.py:190} INFO - [2026-07-30T15:33:24.212+0000] {dagbag.py:588} INFO - Filling up the DagBag from /opt/airflow/dags/invoice_data_pipeline_dag.py
[2026-07-30T15:33:24.576+0000] {processor.py:925} INFO - DAG(s) 'invoice_data_pipeline' retrieved from /opt/airflow/dags/invoice_data_pipeline_dag.py
[2026-07-30T15:33:24.615+0000] {logging_mixin.py:190} INFO - [2026-07-30T15:33:24.615+0000] {dag.py:3239} INFO - Sync 1 DAGs
[2026-07-30T15:33:24.642+0000] {logging_mixin.py:190} INFO - [2026-07-30T15:33:24.642+0000] {dag.py:4180} INFO - Setting next_dagrun for invoice_data_pipeline to 2026-07-30 00:00:00+00:00, run_after=2026-07-31 00:00:00+00:00
[2026-07-30T15:33:24.664+0000] {processor.py:208} INFO - Processing /opt/airflow/dags/invoice_data_pipeline_dag.py took 0.464 seconds
[2026-07-30T15:33:54.840+0000] {processor.py:186} INFO - Started process (PID=423) to work on /opt/airflow/dags/invoice_data_pipeline_dag.py
[2026-07-30T15:33:54.842+0000] {processor.py:914} INFO - Processing file /opt/airflow/dags/invoice_data_pipeline_dag.py for tasks to queue
[2026-07-30T15:33:54.846+0000] {logging_mixin.py:190} INFO - [2026-07-30T15:33:54.845+0000] {dagbag.py:588} INFO - Filling up the DagBag from /opt/airflow/dags/invoice_data_pipeline_dag.py
[2026-07-30T15:33:55.221+0000] {processor.py:925} INFO - DAG(s) 'invoice_data_pipeline' retrieved from /opt/airflow/dags/invoice_data_pipeline_dag.py
[2026-07-30T15:33:55.278+0000] {logging_mixin.py:190} INFO - [2026-07-30T15:33:55.278+0000] {dag.py:3239} INFO - Sync 1 DAGs
[2026-07-30T15:33:55.303+0000] {logging_mixin.py:190} INFO - [2026-07-30T15:33:55.303+0000] {dag.py:4180} INFO - Setting next_dagrun for invoice_data_pipeline to 2026-07-30 00:00:00+00:00, run_after=2026-07-31 00:00:00+00:00
[2026-07-30T15:33:55.325+0000] {processor.py:208} INFO - Processing /opt/airflow/dags/invoice_data_pipeline_dag.py took 0.496 seconds
[2026-07-30T15:34:25.650+0000] {processor.py:186} INFO - Started process (PID=429) to work on /opt/airflow/dags/invoice_data_pipeline_dag.py
[2026-07-30T15:34:25.653+0000] {processor.py:914} INFO - Processing file /opt/airflow/dags/invoice_data_pipeline_dag.py for tasks to queue
[2026-07-30T15:34:25.658+0000] {logging_mixin.py:190} INFO - [2026-07-30T15:34:25.657+0000] {dagbag.py:588} INFO - Filling up the DagBag from /opt/airflow/dags/invoice_data_pipeline_dag.py
[2026-07-30T15:34:26.182+0000] {processor.py:925} INFO - DAG(s) 'invoice_data_pipeline' retrieved from /opt/airflow/dags/invoice_data_pipeline_dag.py
[2026-07-30T15:34:26.262+0000] {logging_mixin.py:190} INFO - [2026-07-30T15:34:26.261+0000] {dag.py:3239} INFO - Sync 1 DAGs
[2026-07-30T15:34:26.349+0000] {logging_mixin.py:190} INFO - [2026-07-30T15:34:26.349+0000] {dag.py:4180} INFO - Setting next_dagrun for invoice_data_pipeline to 2026-07-30 00:00:00+00:00, run_after=2026-07-31 00:00:00+00:00
[2026-07-30T15:34:26.376+0000] {processor.py:208} INFO - Processing /opt/airflow/dags/invoice_data_pipeline_dag.py took 0.742 seconds
[2026-07-30T15:34:56.565+0000] {processor.py:186} INFO - Started process (PID=439) to work on /opt/airflow/dags/invoice_data_pipeline_dag.py
[2026-07-30T15:34:56.567+0000] {processor.py:914} INFO - Processing file /opt/airflow/dags/invoice_data_pipeline_dag.py for tasks to queue
[2026-07-30T15:34:56.581+0000] {logging_mixin.py:190} INFO - [2026-07-30T15:34:56.579+0000] {dagbag.py:588} INFO - Filling up the DagBag from /opt/airflow/dags/invoice_data_pipeline_dag.py
[2026-07-30T15:34:57.187+0000] {logging_mixin.py:190} INFO - [2026-07-30T15:34:57.179+0000] {dagbag.py:387} ERROR - Failed to import: /opt/airflow/dags/invoice_data_pipeline_dag.py
Traceback (most recent call last):
  File "/home/airflow/.local/lib/python3.12/site-packages/airflow/models/dagbag.py", line 383, in parse
    loader.exec_module(new_module)
  File "<frozen importlib._bootstrap_external>", line 995, in exec_module
  File "<frozen importlib._bootstrap>", line 488, in _call_with_frames_removed
  File "/opt/airflow/dags/invoice_data_pipeline_dag.py", line 84, in <module>
    invoice_pipeline()
  File "/home/airflow/.local/lib/python3.12/site-packages/airflow/models/dag.py", line 4307, in factory
    f(**f_kwargs)
  File "/opt/airflow/dags/invoice_data_pipeline_dag.py", line 78, in invoice_pipeline
    create_tables_task >> extracted
    ~~~~~~~~~~~~~~~~~~~^^~~~~~~~~~~
  File "/home/airflow/.local/lib/python3.12/site-packages/airflow/models/taskmixin.py", line 109, in __rrshift__
    self.__lshift__(other)
  File "/home/airflow/.local/lib/python3.12/site-packages/airflow/models/taskmixin.py", line 99, in __lshift__
    self.set_upstream(other)
  File "/home/airflow/.local/lib/python3.12/site-packages/airflow/models/xcom_arg.py", line 153, in set_upstream
    operator.set_upstream(task_or_task_list, edge_modifier)
  File "/home/airflow/.local/lib/python3.12/site-packages/airflow/models/taskmixin.py", line 271, in set_upstream
    self._set_relatives(task_or_task_list, upstream=True, edge_modifier=edge_modifier)
  File "/home/airflow/.local/lib/python3.12/site-packages/airflow/models/taskmixin.py", line 215, in _set_relatives
    task_object.update_relative(self, not upstream, edge_modifier=edge_modifier)
    ^^^^^^^^^^^^^^^^^^^^^^^^^^^
AttributeError: '_TaskDecorator' object has no attribute 'update_relative'
[2026-07-30T15:34:57.189+0000] {processor.py:927} WARNING - No viable dags retrieved from /opt/airflow/dags/invoice_data_pipeline_dag.py
[2026-07-30T15:34:57.259+0000] {processor.py:208} INFO - Processing /opt/airflow/dags/invoice_data_pipeline_dag.py took 0.717 seconds
[2026-07-30T15:35:27.590+0000] {processor.py:186} INFO - Started process (PID=447) to work on /opt/airflow/dags/invoice_data_pipeline_dag.py
[2026-07-30T15:35:27.592+0000] {processor.py:914} INFO - Processing file /opt/airflow/dags/invoice_data_pipeline_dag.py for tasks to queue
[2026-07-30T15:35:27.599+0000] {logging_mixin.py:190} INFO - [2026-07-30T15:35:27.598+0000] {dagbag.py:588} INFO - Filling up the DagBag from /opt/airflow/dags/invoice_data_pipeline_dag.py
[2026-07-30T15:35:27.985+0000] {logging_mixin.py:190} INFO - [2026-07-30T15:35:27.979+0000] {dagbag.py:387} ERROR - Failed to import: /opt/airflow/dags/invoice_data_pipeline_dag.py
Traceback (most recent call last):
  File "/home/airflow/.local/lib/python3.12/site-packages/airflow/models/dagbag.py", line 383, in parse
    loader.exec_module(new_module)
  File "<frozen importlib._bootstrap_external>", line 995, in exec_module
  File "<frozen importlib._bootstrap>", line 488, in _call_with_frames_removed
  File "/opt/airflow/dags/invoice_data_pipeline_dag.py", line 84, in <module>
    invoice_pipeline()
  File "/home/airflow/.local/lib/python3.12/site-packages/airflow/models/dag.py", line 4307, in factory
    f(**f_kwargs)
  File "/opt/airflow/dags/invoice_data_pipeline_dag.py", line 78, in invoice_pipeline
    create_tables_task >> extracted
    ~~~~~~~~~~~~~~~~~~~^^~~~~~~~~~~
  File "/home/airflow/.local/lib/python3.12/site-packages/airflow/models/taskmixin.py", line 109, in __rrshift__
    self.__lshift__(other)
  File "/home/airflow/.local/lib/python3.12/site-packages/airflow/models/taskmixin.py", line 99, in __lshift__
    self.set_upstream(other)
  File "/home/airflow/.local/lib/python3.12/site-packages/airflow/models/xcom_arg.py", line 153, in set_upstream
    operator.set_upstream(task_or_task_list, edge_modifier)
  File "/home/airflow/.local/lib/python3.12/site-packages/airflow/models/taskmixin.py", line 271, in set_upstream
    self._set_relatives(task_or_task_list, upstream=True, edge_modifier=edge_modifier)
  File "/home/airflow/.local/lib/python3.12/site-packages/airflow/models/taskmixin.py", line 215, in _set_relatives
    task_object.update_relative(self, not upstream, edge_modifier=edge_modifier)
    ^^^^^^^^^^^^^^^^^^^^^^^^^^^
AttributeError: '_TaskDecorator' object has no attribute 'update_relative'
[2026-07-30T15:35:27.987+0000] {processor.py:927} WARNING - No viable dags retrieved from /opt/airflow/dags/invoice_data_pipeline_dag.py
[2026-07-30T15:35:28.013+0000] {processor.py:208} INFO - Processing /opt/airflow/dags/invoice_data_pipeline_dag.py took 0.433 seconds
[2026-07-30T15:35:58.411+0000] {processor.py:186} INFO - Started process (PID=453) to work on /opt/airflow/dags/invoice_data_pipeline_dag.py
[2026-07-30T15:35:58.415+0000] {processor.py:914} INFO - Processing file /opt/airflow/dags/invoice_data_pipeline_dag.py for tasks to queue
[2026-07-30T15:35:58.427+0000] {logging_mixin.py:190} INFO - [2026-07-30T15:35:58.425+0000] {dagbag.py:588} INFO - Filling up the DagBag from /opt/airflow/dags/invoice_data_pipeline_dag.py
[2026-07-30T15:35:59.070+0000] {logging_mixin.py:190} INFO - [2026-07-30T15:35:59.058+0000] {dagbag.py:387} ERROR - Failed to import: /opt/airflow/dags/invoice_data_pipeline_dag.py
Traceback (most recent call last):
  File "/home/airflow/.local/lib/python3.12/site-packages/airflow/models/dagbag.py", line 383, in parse
    loader.exec_module(new_module)
  File "<frozen importlib._bootstrap_external>", line 995, in exec_module
  File "<frozen importlib._bootstrap>", line 488, in _call_with_frames_removed
  File "/opt/airflow/dags/invoice_data_pipeline_dag.py", line 84, in <module>
    invoice_pipeline()
  File "/home/airflow/.local/lib/python3.12/site-packages/airflow/models/dag.py", line 4307, in factory
    f(**f_kwargs)
  File "/opt/airflow/dags/invoice_data_pipeline_dag.py", line 78, in invoice_pipeline
    create_tables_task >> extracted
    ~~~~~~~~~~~~~~~~~~~^^~~~~~~~~~~
  File "/home/airflow/.local/lib/python3.12/site-packages/airflow/models/taskmixin.py", line 109, in __rrshift__
    self.__lshift__(other)
  File "/home/airflow/.local/lib/python3.12/site-packages/airflow/models/taskmixin.py", line 99, in __lshift__
    self.set_upstream(other)
  File "/home/airflow/.local/lib/python3.12/site-packages/airflow/models/xcom_arg.py", line 153, in set_upstream
    operator.set_upstream(task_or_task_list, edge_modifier)
  File "/home/airflow/.local/lib/python3.12/site-packages/airflow/models/taskmixin.py", line 271, in set_upstream
    self._set_relatives(task_or_task_list, upstream=True, edge_modifier=edge_modifier)
  File "/home/airflow/.local/lib/python3.12/site-packages/airflow/models/taskmixin.py", line 215, in _set_relatives
    task_object.update_relative(self, not upstream, edge_modifier=edge_modifier)
    ^^^^^^^^^^^^^^^^^^^^^^^^^^^
AttributeError: '_TaskDecorator' object has no attribute 'update_relative'
[2026-07-30T15:35:59.073+0000] {processor.py:927} WARNING - No viable dags retrieved from /opt/airflow/dags/invoice_data_pipeline_dag.py
[2026-07-30T15:35:59.134+0000] {processor.py:208} INFO - Processing /opt/airflow/dags/invoice_data_pipeline_dag.py took 0.749 seconds
[2026-07-30T15:36:29.527+0000] {processor.py:186} INFO - Started process (PID=459) to work on /opt/airflow/dags/invoice_data_pipeline_dag.py
[2026-07-30T15:36:29.535+0000] {processor.py:914} INFO - Processing file /opt/airflow/dags/invoice_data_pipeline_dag.py for tasks to queue
[2026-07-30T15:36:29.541+0000] {logging_mixin.py:190} INFO - [2026-07-30T15:36:29.539+0000] {dagbag.py:588} INFO - Filling up the DagBag from /opt/airflow/dags/invoice_data_pipeline_dag.py
[2026-07-30T15:36:30.614+0000] {logging_mixin.py:190} INFO - [2026-07-30T15:36:30.603+0000] {dagbag.py:387} ERROR - Failed to import: /opt/airflow/dags/invoice_data_pipeline_dag.py
Traceback (most recent call last):
  File "/home/airflow/.local/lib/python3.12/site-packages/airflow/models/dagbag.py", line 383, in parse
    loader.exec_module(new_module)
  File "<frozen importlib._bootstrap_external>", line 995, in exec_module
  File "<frozen importlib._bootstrap>", line 488, in _call_with_frames_removed
  File "/opt/airflow/dags/invoice_data_pipeline_dag.py", line 84, in <module>
    invoice_pipeline()
  File "/home/airflow/.local/lib/python3.12/site-packages/airflow/models/dag.py", line 4307, in factory
    f(**f_kwargs)
  File "/opt/airflow/dags/invoice_data_pipeline_dag.py", line 78, in invoice_pipeline
    create_tables_task >> extracted
    ~~~~~~~~~~~~~~~~~~~^^~~~~~~~~~~
  File "/home/airflow/.local/lib/python3.12/site-packages/airflow/models/taskmixin.py", line 109, in __rrshift__
    self.__lshift__(other)
  File "/home/airflow/.local/lib/python3.12/site-packages/airflow/models/taskmixin.py", line 99, in __lshift__
    self.set_upstream(other)
  File "/home/airflow/.local/lib/python3.12/site-packages/airflow/models/xcom_arg.py", line 153, in set_upstream
    operator.set_upstream(task_or_task_list, edge_modifier)
  File "/home/airflow/.local/lib/python3.12/site-packages/airflow/models/taskmixin.py", line 271, in set_upstream
    self._set_relatives(task_or_task_list, upstream=True, edge_modifier=edge_modifier)
  File "/home/airflow/.local/lib/python3.12/site-packages/airflow/models/taskmixin.py", line 215, in _set_relatives
    task_object.update_relative(self, not upstream, edge_modifier=edge_modifier)
    ^^^^^^^^^^^^^^^^^^^^^^^^^^^
AttributeError: '_TaskDecorator' object has no attribute 'update_relative'
[2026-07-30T15:36:30.617+0000] {processor.py:927} WARNING - No viable dags retrieved from /opt/airflow/dags/invoice_data_pipeline_dag.py
[2026-07-30T15:36:30.663+0000] {processor.py:208} INFO - Processing /opt/airflow/dags/invoice_data_pipeline_dag.py took 1.191 seconds
[2026-07-30T15:37:00.749+0000] {processor.py:186} INFO - Started process (PID=465) to work on /opt/airflow/dags/invoice_data_pipeline_dag.py
[2026-07-30T15:37:00.751+0000] {processor.py:914} INFO - Processing file /opt/airflow/dags/invoice_data_pipeline_dag.py for tasks to queue
[2026-07-30T15:37:00.753+0000] {logging_mixin.py:190} INFO - [2026-07-30T15:37:00.753+0000] {dagbag.py:588} INFO - Filling up the DagBag from /opt/airflow/dags/invoice_data_pipeline_dag.py
[2026-07-30T15:37:01.385+0000] {logging_mixin.py:190} INFO - [2026-07-30T15:37:01.370+0000] {dagbag.py:387} ERROR - Failed to import: /opt/airflow/dags/invoice_data_pipeline_dag.py
Traceback (most recent call last):
  File "/home/airflow/.local/lib/python3.12/site-packages/airflow/models/dagbag.py", line 383, in parse
    loader.exec_module(new_module)
  File "<frozen importlib._bootstrap_external>", line 995, in exec_module
  File "<frozen importlib._bootstrap>", line 488, in _call_with_frames_removed
  File "/opt/airflow/dags/invoice_data_pipeline_dag.py", line 84, in <module>
    invoice_pipeline()
  File "/home/airflow/.local/lib/python3.12/site-packages/airflow/models/dag.py", line 4307, in factory
    f(**f_kwargs)
  File "/opt/airflow/dags/invoice_data_pipeline_dag.py", line 78, in invoice_pipeline
    create_tables_task >> extracted
    ~~~~~~~~~~~~~~~~~~~^^~~~~~~~~~~
  File "/home/airflow/.local/lib/python3.12/site-packages/airflow/models/taskmixin.py", line 109, in __rrshift__
    self.__lshift__(other)
  File "/home/airflow/.local/lib/python3.12/site-packages/airflow/models/taskmixin.py", line 99, in __lshift__
    self.set_upstream(other)
  File "/home/airflow/.local/lib/python3.12/site-packages/airflow/models/xcom_arg.py", line 153, in set_upstream
    operator.set_upstream(task_or_task_list, edge_modifier)
  File "/home/airflow/.local/lib/python3.12/site-packages/airflow/models/taskmixin.py", line 271, in set_upstream
    self._set_relatives(task_or_task_list, upstream=True, edge_modifier=edge_modifier)
  File "/home/airflow/.local/lib/python3.12/site-packages/airflow/models/taskmixin.py", line 215, in _set_relatives
    task_object.update_relative(self, not upstream, edge_modifier=edge_modifier)
    ^^^^^^^^^^^^^^^^^^^^^^^^^^^
AttributeError: '_TaskDecorator' object has no attribute 'update_relative'
[2026-07-30T15:37:01.390+0000] {processor.py:927} WARNING - No viable dags retrieved from /opt/airflow/dags/invoice_data_pipeline_dag.py
[2026-07-30T15:37:01.426+0000] {processor.py:208} INFO - Processing /opt/airflow/dags/invoice_data_pipeline_dag.py took 0.696 seconds
[2026-07-30T15:37:31.801+0000] {processor.py:186} INFO - Started process (PID=471) to work on /opt/airflow/dags/invoice_data_pipeline_dag.py
[2026-07-30T15:37:31.803+0000] {processor.py:914} INFO - Processing file /opt/airflow/dags/invoice_data_pipeline_dag.py for tasks to queue
[2026-07-30T15:37:31.805+0000] {logging_mixin.py:190} INFO - [2026-07-30T15:37:31.804+0000] {dagbag.py:588} INFO - Filling up the DagBag from /opt/airflow/dags/invoice_data_pipeline_dag.py
[2026-07-30T15:37:32.312+0000] {logging_mixin.py:190} INFO - [2026-07-30T15:37:32.304+0000] {dagbag.py:387} ERROR - Failed to import: /opt/airflow/dags/invoice_data_pipeline_dag.py
Traceback (most recent call last):
  File "/home/airflow/.local/lib/python3.12/site-packages/airflow/models/dagbag.py", line 383, in parse
    loader.exec_module(new_module)
  File "<frozen importlib._bootstrap_external>", line 995, in exec_module
  File "<frozen importlib._bootstrap>", line 488, in _call_with_frames_removed
  File "/opt/airflow/dags/invoice_data_pipeline_dag.py", line 84, in <module>
    invoice_pipeline()
  File "/home/airflow/.local/lib/python3.12/site-packages/airflow/models/dag.py", line 4307, in factory
    f(**f_kwargs)
  File "/opt/airflow/dags/invoice_data_pipeline_dag.py", line 78, in invoice_pipeline
    create_tables_task >> extracted
    ~~~~~~~~~~~~~~~~~~~^^~~~~~~~~~~
  File "/home/airflow/.local/lib/python3.12/site-packages/airflow/models/taskmixin.py", line 109, in __rrshift__
    self.__lshift__(other)
  File "/home/airflow/.local/lib/python3.12/site-packages/airflow/models/taskmixin.py", line 99, in __lshift__
    self.set_upstream(other)
  File "/home/airflow/.local/lib/python3.12/site-packages/airflow/models/xcom_arg.py", line 153, in set_upstream
    operator.set_upstream(task_or_task_list, edge_modifier)
  File "/home/airflow/.local/lib/python3.12/site-packages/airflow/models/taskmixin.py", line 271, in set_upstream
    self._set_relatives(task_or_task_list, upstream=True, edge_modifier=edge_modifier)
  File "/home/airflow/.local/lib/python3.12/site-packages/airflow/models/taskmixin.py", line 215, in _set_relatives
    task_object.update_relative(self, not upstream, edge_modifier=edge_modifier)
    ^^^^^^^^^^^^^^^^^^^^^^^^^^^
AttributeError: '_TaskDecorator' object has no attribute 'update_relative'
[2026-07-30T15:37:32.315+0000] {processor.py:927} WARNING - No viable dags retrieved from /opt/airflow/dags/invoice_data_pipeline_dag.py
[2026-07-30T15:37:32.342+0000] {processor.py:208} INFO - Processing /opt/airflow/dags/invoice_data_pipeline_dag.py took 0.548 seconds
[2026-07-30T15:38:02.636+0000] {processor.py:186} INFO - Started process (PID=477) to work on /opt/airflow/dags/invoice_data_pipeline_dag.py
[2026-07-30T15:38:02.639+0000] {processor.py:914} INFO - Processing file /opt/airflow/dags/invoice_data_pipeline_dag.py for tasks to queue
[2026-07-30T15:38:02.644+0000] {logging_mixin.py:190} INFO - [2026-07-30T15:38:02.643+0000] {dagbag.py:588} INFO - Filling up the DagBag from /opt/airflow/dags/invoice_data_pipeline_dag.py
[2026-07-30T15:38:03.639+0000] {logging_mixin.py:190} INFO - [2026-07-30T15:38:03.627+0000] {dagbag.py:387} ERROR - Failed to import: /opt/airflow/dags/invoice_data_pipeline_dag.py
Traceback (most recent call last):
  File "/home/airflow/.local/lib/python3.12/site-packages/airflow/models/dagbag.py", line 383, in parse
    loader.exec_module(new_module)
  File "<frozen importlib._bootstrap_external>", line 995, in exec_module
  File "<frozen importlib._bootstrap>", line 488, in _call_with_frames_removed
  File "/opt/airflow/dags/invoice_data_pipeline_dag.py", line 84, in <module>
    invoice_pipeline()
  File "/home/airflow/.local/lib/python3.12/site-packages/airflow/models/dag.py", line 4307, in factory
    f(**f_kwargs)
  File "/opt/airflow/dags/invoice_data_pipeline_dag.py", line 78, in invoice_pipeline
    create_tables_task >> extracted
    ~~~~~~~~~~~~~~~~~~~^^~~~~~~~~~~
  File "/home/airflow/.local/lib/python3.12/site-packages/airflow/models/taskmixin.py", line 109, in __rrshift__
    self.__lshift__(other)
  File "/home/airflow/.local/lib/python3.12/site-packages/airflow/models/taskmixin.py", line 99, in __lshift__
    self.set_upstream(other)
  File "/home/airflow/.local/lib/python3.12/site-packages/airflow/models/xcom_arg.py", line 153, in set_upstream
    operator.set_upstream(task_or_task_list, edge_modifier)
  File "/home/airflow/.local/lib/python3.12/site-packages/airflow/models/taskmixin.py", line 271, in set_upstream
    self._set_relatives(task_or_task_list, upstream=True, edge_modifier=edge_modifier)
  File "/home/airflow/.local/lib/python3.12/site-packages/airflow/models/taskmixin.py", line 215, in _set_relatives
    task_object.update_relative(self, not upstream, edge_modifier=edge_modifier)
    ^^^^^^^^^^^^^^^^^^^^^^^^^^^
AttributeError: '_TaskDecorator' object has no attribute 'update_relative'
[2026-07-30T15:38:03.642+0000] {processor.py:927} WARNING - No viable dags retrieved from /opt/airflow/dags/invoice_data_pipeline_dag.py
[2026-07-30T15:38:03.697+0000] {processor.py:208} INFO - Processing /opt/airflow/dags/invoice_data_pipeline_dag.py took 1.080 seconds
[2026-07-30T15:38:33.929+0000] {processor.py:186} INFO - Started process (PID=483) to work on /opt/airflow/dags/invoice_data_pipeline_dag.py
[2026-07-30T15:38:33.932+0000] {processor.py:914} INFO - Processing file /opt/airflow/dags/invoice_data_pipeline_dag.py for tasks to queue
[2026-07-30T15:38:33.935+0000] {logging_mixin.py:190} INFO - [2026-07-30T15:38:33.934+0000] {dagbag.py:588} INFO - Filling up the DagBag from /opt/airflow/dags/invoice_data_pipeline_dag.py
[2026-07-30T15:38:34.364+0000] {logging_mixin.py:190} INFO - [2026-07-30T15:38:34.358+0000] {dagbag.py:387} ERROR - Failed to import: /opt/airflow/dags/invoice_data_pipeline_dag.py
Traceback (most recent call last):
  File "/home/airflow/.local/lib/python3.12/site-packages/airflow/models/dagbag.py", line 383, in parse
    loader.exec_module(new_module)
  File "<frozen importlib._bootstrap_external>", line 995, in exec_module
  File "<frozen importlib._bootstrap>", line 488, in _call_with_frames_removed
  File "/opt/airflow/dags/invoice_data_pipeline_dag.py", line 84, in <module>
    invoice_pipeline()
  File "/home/airflow/.local/lib/python3.12/site-packages/airflow/models/dag.py", line 4307, in factory
    f(**f_kwargs)
  File "/opt/airflow/dags/invoice_data_pipeline_dag.py", line 78, in invoice_pipeline
    create_tables_task >> extracted
    ~~~~~~~~~~~~~~~~~~~^^~~~~~~~~~~
  File "/home/airflow/.local/lib/python3.12/site-packages/airflow/models/taskmixin.py", line 109, in __rrshift__
    self.__lshift__(other)
  File "/home/airflow/.local/lib/python3.12/site-packages/airflow/models/taskmixin.py", line 99, in __lshift__
    self.set_upstream(other)
  File "/home/airflow/.local/lib/python3.12/site-packages/airflow/models/xcom_arg.py", line 153, in set_upstream
    operator.set_upstream(task_or_task_list, edge_modifier)
  File "/home/airflow/.local/lib/python3.12/site-packages/airflow/models/taskmixin.py", line 271, in set_upstream
    self._set_relatives(task_or_task_list, upstream=True, edge_modifier=edge_modifier)
  File "/home/airflow/.local/lib/python3.12/site-packages/airflow/models/taskmixin.py", line 215, in _set_relatives
    task_object.update_relative(self, not upstream, edge_modifier=edge_modifier)
    ^^^^^^^^^^^^^^^^^^^^^^^^^^^
AttributeError: '_TaskDecorator' object has no attribute 'update_relative'
[2026-07-30T15:38:34.367+0000] {processor.py:927} WARNING - No viable dags retrieved from /opt/airflow/dags/invoice_data_pipeline_dag.py
[2026-07-30T15:38:34.391+0000] {processor.py:208} INFO - Processing /opt/airflow/dags/invoice_data_pipeline_dag.py took 0.470 seconds
[2026-07-30T15:39:04.750+0000] {processor.py:186} INFO - Started process (PID=489) to work on /opt/airflow/dags/invoice_data_pipeline_dag.py
[2026-07-30T15:39:04.753+0000] {processor.py:914} INFO - Processing file /opt/airflow/dags/invoice_data_pipeline_dag.py for tasks to queue
[2026-07-30T15:39:04.757+0000] {logging_mixin.py:190} INFO - [2026-07-30T15:39:04.756+0000] {dagbag.py:588} INFO - Filling up the DagBag from /opt/airflow/dags/invoice_data_pipeline_dag.py
[2026-07-30T15:39:05.786+0000] {logging_mixin.py:190} INFO - [2026-07-30T15:39:05.774+0000] {dagbag.py:387} ERROR - Failed to import: /opt/airflow/dags/invoice_data_pipeline_dag.py
Traceback (most recent call last):
  File "/home/airflow/.local/lib/python3.12/site-packages/airflow/models/dagbag.py", line 383, in parse
    loader.exec_module(new_module)
  File "<frozen importlib._bootstrap_external>", line 995, in exec_module
  File "<frozen importlib._bootstrap>", line 488, in _call_with_frames_removed
  File "/opt/airflow/dags/invoice_data_pipeline_dag.py", line 84, in <module>
    invoice_pipeline()
  File "/home/airflow/.local/lib/python3.12/site-packages/airflow/models/dag.py", line 4307, in factory
    f(**f_kwargs)
  File "/opt/airflow/dags/invoice_data_pipeline_dag.py", line 78, in invoice_pipeline
    create_tables_task >> extracted
    ~~~~~~~~~~~~~~~~~~~^^~~~~~~~~~~
  File "/home/airflow/.local/lib/python3.12/site-packages/airflow/models/taskmixin.py", line 109, in __rrshift__
    self.__lshift__(other)
  File "/home/airflow/.local/lib/python3.12/site-packages/airflow/models/taskmixin.py", line 99, in __lshift__
    self.set_upstream(other)
  File "/home/airflow/.local/lib/python3.12/site-packages/airflow/models/xcom_arg.py", line 153, in set_upstream
    operator.set_upstream(task_or_task_list, edge_modifier)
  File "/home/airflow/.local/lib/python3.12/site-packages/airflow/models/taskmixin.py", line 271, in set_upstream
    self._set_relatives(task_or_task_list, upstream=True, edge_modifier=edge_modifier)
  File "/home/airflow/.local/lib/python3.12/site-packages/airflow/models/taskmixin.py", line 215, in _set_relatives
    task_object.update_relative(self, not upstream, edge_modifier=edge_modifier)
    ^^^^^^^^^^^^^^^^^^^^^^^^^^^
AttributeError: '_TaskDecorator' object has no attribute 'update_relative'
[2026-07-30T15:39:05.789+0000] {processor.py:927} WARNING - No viable dags retrieved from /opt/airflow/dags/invoice_data_pipeline_dag.py
[2026-07-30T15:39:05.870+0000] {processor.py:208} INFO - Processing /opt/airflow/dags/invoice_data_pipeline_dag.py took 1.139 seconds
[2026-07-30T15:39:36.048+0000] {processor.py:186} INFO - Started process (PID=495) to work on /opt/airflow/dags/invoice_data_pipeline_dag.py
[2026-07-30T15:39:36.051+0000] {processor.py:914} INFO - Processing file /opt/airflow/dags/invoice_data_pipeline_dag.py for tasks to queue
[2026-07-30T15:39:36.053+0000] {logging_mixin.py:190} INFO - [2026-07-30T15:39:36.053+0000] {dagbag.py:588} INFO - Filling up the DagBag from /opt/airflow/dags/invoice_data_pipeline_dag.py
[2026-07-30T15:39:36.549+0000] {logging_mixin.py:190} INFO - [2026-07-30T15:39:36.543+0000] {dagbag.py:387} ERROR - Failed to import: /opt/airflow/dags/invoice_data_pipeline_dag.py
Traceback (most recent call last):
  File "/home/airflow/.local/lib/python3.12/site-packages/airflow/models/dagbag.py", line 383, in parse
    loader.exec_module(new_module)
  File "<frozen importlib._bootstrap_external>", line 995, in exec_module
  File "<frozen importlib._bootstrap>", line 488, in _call_with_frames_removed
  File "/opt/airflow/dags/invoice_data_pipeline_dag.py", line 84, in <module>
    invoice_pipeline()
  File "/home/airflow/.local/lib/python3.12/site-packages/airflow/models/dag.py", line 4307, in factory
    f(**f_kwargs)
  File "/opt/airflow/dags/invoice_data_pipeline_dag.py", line 78, in invoice_pipeline
    create_tables_task >> extracted
    ~~~~~~~~~~~~~~~~~~~^^~~~~~~~~~~
  File "/home/airflow/.local/lib/python3.12/site-packages/airflow/models/taskmixin.py", line 109, in __rrshift__
    self.__lshift__(other)
  File "/home/airflow/.local/lib/python3.12/site-packages/airflow/models/taskmixin.py", line 99, in __lshift__
    self.set_upstream(other)
  File "/home/airflow/.local/lib/python3.12/site-packages/airflow/models/xcom_arg.py", line 153, in set_upstream
    operator.set_upstream(task_or_task_list, edge_modifier)
  File "/home/airflow/.local/lib/python3.12/site-packages/airflow/models/taskmixin.py", line 271, in set_upstream
    self._set_relatives(task_or_task_list, upstream=True, edge_modifier=edge_modifier)
  File "/home/airflow/.local/lib/python3.12/site-packages/airflow/models/taskmixin.py", line 215, in _set_relatives
    task_object.update_relative(self, not upstream, edge_modifier=edge_modifier)
    ^^^^^^^^^^^^^^^^^^^^^^^^^^^
AttributeError: '_TaskDecorator' object has no attribute 'update_relative'
[2026-07-30T15:39:36.552+0000] {processor.py:927} WARNING - No viable dags retrieved from /opt/airflow/dags/invoice_data_pipeline_dag.py
[2026-07-30T15:39:36.577+0000] {processor.py:208} INFO - Processing /opt/airflow/dags/invoice_data_pipeline_dag.py took 0.538 seconds
[2026-07-30T15:40:07.103+0000] {processor.py:186} INFO - Started process (PID=501) to work on /opt/airflow/dags/invoice_data_pipeline_dag.py
[2026-07-30T15:40:07.107+0000] {processor.py:914} INFO - Processing file /opt/airflow/dags/invoice_data_pipeline_dag.py for tasks to queue
[2026-07-30T15:40:07.110+0000] {logging_mixin.py:190} INFO - [2026-07-30T15:40:07.110+0000] {dagbag.py:588} INFO - Filling up the DagBag from /opt/airflow/dags/invoice_data_pipeline_dag.py
[2026-07-30T15:40:07.674+0000] {logging_mixin.py:190} INFO - [2026-07-30T15:40:07.663+0000] {dagbag.py:387} ERROR - Failed to import: /opt/airflow/dags/invoice_data_pipeline_dag.py
Traceback (most recent call last):
  File "/home/airflow/.local/lib/python3.12/site-packages/airflow/models/dagbag.py", line 383, in parse
    loader.exec_module(new_module)
  File "<frozen importlib._bootstrap_external>", line 995, in exec_module
  File "<frozen importlib._bootstrap>", line 488, in _call_with_frames_removed
  File "/opt/airflow/dags/invoice_data_pipeline_dag.py", line 84, in <module>
    invoice_pipeline()
  File "/home/airflow/.local/lib/python3.12/site-packages/airflow/models/dag.py", line 4307, in factory
    f(**f_kwargs)
  File "/opt/airflow/dags/invoice_data_pipeline_dag.py", line 78, in invoice_pipeline
    create_tables_task >> extracted
    ~~~~~~~~~~~~~~~~~~~^^~~~~~~~~~~
  File "/home/airflow/.local/lib/python3.12/site-packages/airflow/models/taskmixin.py", line 109, in __rrshift__
    self.__lshift__(other)
  File "/home/airflow/.local/lib/python3.12/site-packages/airflow/models/taskmixin.py", line 99, in __lshift__
    self.set_upstream(other)
  File "/home/airflow/.local/lib/python3.12/site-packages/airflow/models/xcom_arg.py", line 153, in set_upstream
    operator.set_upstream(task_or_task_list, edge_modifier)
  File "/home/airflow/.local/lib/python3.12/site-packages/airflow/models/taskmixin.py", line 271, in set_upstream
    self._set_relatives(task_or_task_list, upstream=True, edge_modifier=edge_modifier)
  File "/home/airflow/.local/lib/python3.12/site-packages/airflow/models/taskmixin.py", line 215, in _set_relatives
    task_object.update_relative(self, not upstream, edge_modifier=edge_modifier)
    ^^^^^^^^^^^^^^^^^^^^^^^^^^^
AttributeError: '_TaskDecorator' object has no attribute 'update_relative'
[2026-07-30T15:40:07.676+0000] {processor.py:927} WARNING - No viable dags retrieved from /opt/airflow/dags/invoice_data_pipeline_dag.py
[2026-07-30T15:40:07.718+0000] {processor.py:208} INFO - Processing /opt/airflow/dags/invoice_data_pipeline_dag.py took 0.634 seconds
[2026-07-30T15:40:38.288+0000] {processor.py:186} INFO - Started process (PID=507) to work on /opt/airflow/dags/invoice_data_pipeline_dag.py
[2026-07-30T15:40:38.293+0000] {processor.py:914} INFO - Processing file /opt/airflow/dags/invoice_data_pipeline_dag.py for tasks to queue
[2026-07-30T15:40:38.301+0000] {logging_mixin.py:190} INFO - [2026-07-30T15:40:38.299+0000] {dagbag.py:588} INFO - Filling up the DagBag from /opt/airflow/dags/invoice_data_pipeline_dag.py
[2026-07-30T15:40:39.377+0000] {logging_mixin.py:190} INFO - [2026-07-30T15:40:39.359+0000] {dagbag.py:387} ERROR - Failed to import: /opt/airflow/dags/invoice_data_pipeline_dag.py
Traceback (most recent call last):
  File "/home/airflow/.local/lib/python3.12/site-packages/airflow/models/dagbag.py", line 383, in parse
    loader.exec_module(new_module)
  File "<frozen importlib._bootstrap_external>", line 995, in exec_module
  File "<frozen importlib._bootstrap>", line 488, in _call_with_frames_removed
  File "/opt/airflow/dags/invoice_data_pipeline_dag.py", line 84, in <module>
    invoice_pipeline()
  File "/home/airflow/.local/lib/python3.12/site-packages/airflow/models/dag.py", line 4307, in factory
    f(**f_kwargs)
  File "/opt/airflow/dags/invoice_data_pipeline_dag.py", line 78, in invoice_pipeline
    create_tables_task >> extracted
    ~~~~~~~~~~~~~~~~~~~^^~~~~~~~~~~
  File "/home/airflow/.local/lib/python3.12/site-packages/airflow/models/taskmixin.py", line 109, in __rrshift__
    self.__lshift__(other)
  File "/home/airflow/.local/lib/python3.12/site-packages/airflow/models/taskmixin.py", line 99, in __lshift__
    self.set_upstream(other)
  File "/home/airflow/.local/lib/python3.12/site-packages/airflow/models/xcom_arg.py", line 153, in set_upstream
    operator.set_upstream(task_or_task_list, edge_modifier)
  File "/home/airflow/.local/lib/python3.12/site-packages/airflow/models/taskmixin.py", line 271, in set_upstream
    self._set_relatives(task_or_task_list, upstream=True, edge_modifier=edge_modifier)
  File "/home/airflow/.local/lib/python3.12/site-packages/airflow/models/taskmixin.py", line 215, in _set_relatives
    task_object.update_relative(self, not upstream, edge_modifier=edge_modifier)
    ^^^^^^^^^^^^^^^^^^^^^^^^^^^
AttributeError: '_TaskDecorator' object has no attribute 'update_relative'
[2026-07-30T15:40:39.380+0000] {processor.py:927} WARNING - No viable dags retrieved from /opt/airflow/dags/invoice_data_pipeline_dag.py
[2026-07-30T15:40:39.473+0000] {processor.py:208} INFO - Processing /opt/airflow/dags/invoice_data_pipeline_dag.py took 1.232 seconds
[2026-07-30T15:41:38.198+0000] {processor.py:186} INFO - Started process (PID=167) to work on /opt/airflow/dags/invoice_data_pipeline_dag.py
[2026-07-30T15:41:38.201+0000] {processor.py:914} INFO - Processing file /opt/airflow/dags/invoice_data_pipeline_dag.py for tasks to queue
[2026-07-30T15:41:38.211+0000] {logging_mixin.py:190} INFO - [2026-07-30T15:41:38.209+0000] {dagbag.py:588} INFO - Filling up the DagBag from /opt/airflow/dags/invoice_data_pipeline_dag.py
[2026-07-30T15:41:40.785+0000] {logging_mixin.py:190} INFO - [2026-07-30T15:41:40.776+0000] {dagbag.py:387} ERROR - Failed to import: /opt/airflow/dags/invoice_data_pipeline_dag.py
Traceback (most recent call last):
  File "/home/airflow/.local/lib/python3.12/site-packages/airflow/models/dagbag.py", line 383, in parse
    loader.exec_module(new_module)
  File "<frozen importlib._bootstrap_external>", line 995, in exec_module
  File "<frozen importlib._bootstrap>", line 488, in _call_with_frames_removed
  File "/opt/airflow/dags/invoice_data_pipeline_dag.py", line 84, in <module>
    invoice_pipeline()
  File "/home/airflow/.local/lib/python3.12/site-packages/airflow/models/dag.py", line 4307, in factory
    f(**f_kwargs)
  File "/opt/airflow/dags/invoice_data_pipeline_dag.py", line 78, in invoice_pipeline
    create_tables_task >> extracted
    ~~~~~~~~~~~~~~~~~~~^^~~~~~~~~~~
  File "/home/airflow/.local/lib/python3.12/site-packages/airflow/models/taskmixin.py", line 109, in __rrshift__
    self.__lshift__(other)
  File "/home/airflow/.local/lib/python3.12/site-packages/airflow/models/taskmixin.py", line 99, in __lshift__
    self.set_upstream(other)
  File "/home/airflow/.local/lib/python3.12/site-packages/airflow/models/xcom_arg.py", line 153, in set_upstream
    operator.set_upstream(task_or_task_list, edge_modifier)
  File "/home/airflow/.local/lib/python3.12/site-packages/airflow/models/taskmixin.py", line 271, in set_upstream
    self._set_relatives(task_or_task_list, upstream=True, edge_modifier=edge_modifier)
  File "/home/airflow/.local/lib/python3.12/site-packages/airflow/models/taskmixin.py", line 215, in _set_relatives
    task_object.update_relative(self, not upstream, edge_modifier=edge_modifier)
    ^^^^^^^^^^^^^^^^^^^^^^^^^^^
AttributeError: '_TaskDecorator' object has no attribute 'update_relative'
[2026-07-30T15:41:40.788+0000] {processor.py:927} WARNING - No viable dags retrieved from /opt/airflow/dags/invoice_data_pipeline_dag.py
[2026-07-30T15:41:40.834+0000] {processor.py:208} INFO - Processing /opt/airflow/dags/invoice_data_pipeline_dag.py took 2.684 seconds
[2026-07-30T15:42:11.249+0000] {processor.py:186} INFO - Started process (PID=173) to work on /opt/airflow/dags/invoice_data_pipeline_dag.py
[2026-07-30T15:42:11.254+0000] {processor.py:914} INFO - Processing file /opt/airflow/dags/invoice_data_pipeline_dag.py for tasks to queue
[2026-07-30T15:42:11.279+0000] {logging_mixin.py:190} INFO - [2026-07-30T15:42:11.277+0000] {dagbag.py:588} INFO - Filling up the DagBag from /opt/airflow/dags/invoice_data_pipeline_dag.py
[2026-07-30T15:42:14.426+0000] {logging_mixin.py:190} INFO - [2026-07-30T15:42:14.413+0000] {dagbag.py:387} ERROR - Failed to import: /opt/airflow/dags/invoice_data_pipeline_dag.py
Traceback (most recent call last):
  File "/home/airflow/.local/lib/python3.12/site-packages/airflow/models/dagbag.py", line 383, in parse
    loader.exec_module(new_module)
  File "<frozen importlib._bootstrap_external>", line 995, in exec_module
  File "<frozen importlib._bootstrap>", line 488, in _call_with_frames_removed
  File "/opt/airflow/dags/invoice_data_pipeline_dag.py", line 84, in <module>
    invoice_pipeline()
  File "/home/airflow/.local/lib/python3.12/site-packages/airflow/models/dag.py", line 4307, in factory
    f(**f_kwargs)
  File "/opt/airflow/dags/invoice_data_pipeline_dag.py", line 78, in invoice_pipeline
    create_tables_task >> extracted
    ~~~~~~~~~~~~~~~~~~~^^~~~~~~~~~~
  File "/home/airflow/.local/lib/python3.12/site-packages/airflow/models/taskmixin.py", line 109, in __rrshift__
    self.__lshift__(other)
  File "/home/airflow/.local/lib/python3.12/site-packages/airflow/models/taskmixin.py", line 99, in __lshift__
    self.set_upstream(other)
  File "/home/airflow/.local/lib/python3.12/site-packages/airflow/models/xcom_arg.py", line 153, in set_upstream
    operator.set_upstream(task_or_task_list, edge_modifier)
  File "/home/airflow/.local/lib/python3.12/site-packages/airflow/models/taskmixin.py", line 271, in set_upstream
    self._set_relatives(task_or_task_list, upstream=True, edge_modifier=edge_modifier)
  File "/home/airflow/.local/lib/python3.12/site-packages/airflow/models/taskmixin.py", line 215, in _set_relatives
    task_object.update_relative(self, not upstream, edge_modifier=edge_modifier)
    ^^^^^^^^^^^^^^^^^^^^^^^^^^^
AttributeError: '_TaskDecorator' object has no attribute 'update_relative'
[2026-07-30T15:42:14.429+0000] {processor.py:927} WARNING - No viable dags retrieved from /opt/airflow/dags/invoice_data_pipeline_dag.py
[2026-07-30T15:42:14.480+0000] {processor.py:208} INFO - Processing /opt/airflow/dags/invoice_data_pipeline_dag.py took 3.278 seconds
[2026-07-30T15:42:44.886+0000] {processor.py:186} INFO - Started process (PID=179) to work on /opt/airflow/dags/invoice_data_pipeline_dag.py
[2026-07-30T15:42:44.890+0000] {processor.py:914} INFO - Processing file /opt/airflow/dags/invoice_data_pipeline_dag.py for tasks to queue
[2026-07-30T15:42:44.902+0000] {logging_mixin.py:190} INFO - [2026-07-30T15:42:44.901+0000] {dagbag.py:588} INFO - Filling up the DagBag from /opt/airflow/dags/invoice_data_pipeline_dag.py
[2026-07-30T15:42:47.095+0000] {logging_mixin.py:190} INFO - [2026-07-30T15:42:47.085+0000] {dagbag.py:387} ERROR - Failed to import: /opt/airflow/dags/invoice_data_pipeline_dag.py
Traceback (most recent call last):
  File "/home/airflow/.local/lib/python3.12/site-packages/airflow/models/dagbag.py", line 383, in parse
    loader.exec_module(new_module)
  File "<frozen importlib._bootstrap_external>", line 995, in exec_module
  File "<frozen importlib._bootstrap>", line 488, in _call_with_frames_removed
  File "/opt/airflow/dags/invoice_data_pipeline_dag.py", line 84, in <module>
    invoice_pipeline()
  File "/home/airflow/.local/lib/python3.12/site-packages/airflow/models/dag.py", line 4307, in factory
    f(**f_kwargs)
  File "/opt/airflow/dags/invoice_data_pipeline_dag.py", line 78, in invoice_pipeline
    create_tables_task >> extracted
    ~~~~~~~~~~~~~~~~~~~^^~~~~~~~~~~
  File "/home/airflow/.local/lib/python3.12/site-packages/airflow/models/taskmixin.py", line 109, in __rrshift__
    self.__lshift__(other)
  File "/home/airflow/.local/lib/python3.12/site-packages/airflow/models/taskmixin.py", line 99, in __lshift__
    self.set_upstream(other)
  File "/home/airflow/.local/lib/python3.12/site-packages/airflow/models/xcom_arg.py", line 153, in set_upstream
    operator.set_upstream(task_or_task_list, edge_modifier)
  File "/home/airflow/.local/lib/python3.12/site-packages/airflow/models/taskmixin.py", line 271, in set_upstream
    self._set_relatives(task_or_task_list, upstream=True, edge_modifier=edge_modifier)
  File "/home/airflow/.local/lib/python3.12/site-packages/airflow/models/taskmixin.py", line 215, in _set_relatives
    task_object.update_relative(self, not upstream, edge_modifier=edge_modifier)
    ^^^^^^^^^^^^^^^^^^^^^^^^^^^
AttributeError: '_TaskDecorator' object has no attribute 'update_relative'
[2026-07-30T15:42:47.098+0000] {processor.py:927} WARNING - No viable dags retrieved from /opt/airflow/dags/invoice_data_pipeline_dag.py
[2026-07-30T15:42:47.199+0000] {processor.py:208} INFO - Processing /opt/airflow/dags/invoice_data_pipeline_dag.py took 2.347 seconds
[2026-07-30T15:43:25.130+0000] {processor.py:186} INFO - Started process (PID=185) to work on /opt/airflow/dags/invoice_data_pipeline_dag.py
[2026-07-30T15:43:25.132+0000] {processor.py:914} INFO - Processing file /opt/airflow/dags/invoice_data_pipeline_dag.py for tasks to queue
[2026-07-30T15:43:25.139+0000] {logging_mixin.py:190} INFO - [2026-07-30T15:43:25.138+0000] {dagbag.py:588} INFO - Filling up the DagBag from /opt/airflow/dags/invoice_data_pipeline_dag.py
[2026-07-30T15:43:28.423+0000] {logging_mixin.py:190} INFO - [2026-07-30T15:43:28.404+0000] {dagbag.py:387} ERROR - Failed to import: /opt/airflow/dags/invoice_data_pipeline_dag.py
Traceback (most recent call last):
  File "/home/airflow/.local/lib/python3.12/site-packages/airflow/models/dagbag.py", line 383, in parse
    loader.exec_module(new_module)
  File "<frozen importlib._bootstrap_external>", line 995, in exec_module
  File "<frozen importlib._bootstrap>", line 488, in _call_with_frames_removed
  File "/opt/airflow/dags/invoice_data_pipeline_dag.py", line 84, in <module>
    invoice_pipeline()
  File "/home/airflow/.local/lib/python3.12/site-packages/airflow/models/dag.py", line 4307, in factory
    f(**f_kwargs)
  File "/opt/airflow/dags/invoice_data_pipeline_dag.py", line 78, in invoice_pipeline
    create_tables_task >> extracted
    ~~~~~~~~~~~~~~~~~~~^^~~~~~~~~~~
  File "/home/airflow/.local/lib/python3.12/site-packages/airflow/models/taskmixin.py", line 109, in __rrshift__
    self.__lshift__(other)
  File "/home/airflow/.local/lib/python3.12/site-packages/airflow/models/taskmixin.py", line 99, in __lshift__
    self.set_upstream(other)
  File "/home/airflow/.local/lib/python3.12/site-packages/airflow/models/xcom_arg.py", line 153, in set_upstream
    operator.set_upstream(task_or_task_list, edge_modifier)
  File "/home/airflow/.local/lib/python3.12/site-packages/airflow/models/taskmixin.py", line 271, in set_upstream
    self._set_relatives(task_or_task_list, upstream=True, edge_modifier=edge_modifier)
  File "/home/airflow/.local/lib/python3.12/site-packages/airflow/models/taskmixin.py", line 215, in _set_relatives
    task_object.update_relative(self, not upstream, edge_modifier=edge_modifier)
    ^^^^^^^^^^^^^^^^^^^^^^^^^^^
AttributeError: '_TaskDecorator' object has no attribute 'update_relative'
[2026-07-30T15:43:28.427+0000] {processor.py:927} WARNING - No viable dags retrieved from /opt/airflow/dags/invoice_data_pipeline_dag.py
[2026-07-30T15:43:28.507+0000] {processor.py:208} INFO - Processing /opt/airflow/dags/invoice_data_pipeline_dag.py took 3.390 seconds
[2026-07-30T15:43:59.095+0000] {processor.py:186} INFO - Started process (PID=191) to work on /opt/airflow/dags/invoice_data_pipeline_dag.py
[2026-07-30T15:43:59.101+0000] {processor.py:914} INFO - Processing file /opt/airflow/dags/invoice_data_pipeline_dag.py for tasks to queue
[2026-07-30T15:43:59.120+0000] {logging_mixin.py:190} INFO - [2026-07-30T15:43:59.118+0000] {dagbag.py:588} INFO - Filling up the DagBag from /opt/airflow/dags/invoice_data_pipeline_dag.py
[2026-07-30T15:44:00.998+0000] {logging_mixin.py:190} INFO - [2026-07-30T15:44:00.986+0000] {dagbag.py:387} ERROR - Failed to import: /opt/airflow/dags/invoice_data_pipeline_dag.py
Traceback (most recent call last):
  File "/home/airflow/.local/lib/python3.12/site-packages/airflow/models/dagbag.py", line 383, in parse
    loader.exec_module(new_module)
  File "<frozen importlib._bootstrap_external>", line 995, in exec_module
  File "<frozen importlib._bootstrap>", line 488, in _call_with_frames_removed
  File "/opt/airflow/dags/invoice_data_pipeline_dag.py", line 84, in <module>
    invoice_pipeline()
  File "/home/airflow/.local/lib/python3.12/site-packages/airflow/models/dag.py", line 4307, in factory
    f(**f_kwargs)
  File "/opt/airflow/dags/invoice_data_pipeline_dag.py", line 78, in invoice_pipeline
    create_tables_task >> extracted
    ~~~~~~~~~~~~~~~~~~~^^~~~~~~~~~~
  File "/home/airflow/.local/lib/python3.12/site-packages/airflow/models/taskmixin.py", line 109, in __rrshift__
    self.__lshift__(other)
  File "/home/airflow/.local/lib/python3.12/site-packages/airflow/models/taskmixin.py", line 99, in __lshift__
    self.set_upstream(other)
  File "/home/airflow/.local/lib/python3.12/site-packages/airflow/models/xcom_arg.py", line 153, in set_upstream
    operator.set_upstream(task_or_task_list, edge_modifier)
  File "/home/airflow/.local/lib/python3.12/site-packages/airflow/models/taskmixin.py", line 271, in set_upstream
    self._set_relatives(task_or_task_list, upstream=True, edge_modifier=edge_modifier)
  File "/home/airflow/.local/lib/python3.12/site-packages/airflow/models/taskmixin.py", line 215, in _set_relatives
    task_object.update_relative(self, not upstream, edge_modifier=edge_modifier)
    ^^^^^^^^^^^^^^^^^^^^^^^^^^^
AttributeError: '_TaskDecorator' object has no attribute 'update_relative'
[2026-07-30T15:44:01.001+0000] {processor.py:927} WARNING - No viable dags retrieved from /opt/airflow/dags/invoice_data_pipeline_dag.py
[2026-07-30T15:44:01.059+0000] {processor.py:208} INFO - Processing /opt/airflow/dags/invoice_data_pipeline_dag.py took 2.040 seconds
[2026-07-30T15:44:31.544+0000] {processor.py:186} INFO - Started process (PID=197) to work on /opt/airflow/dags/invoice_data_pipeline_dag.py
[2026-07-30T15:44:31.551+0000] {processor.py:914} INFO - Processing file /opt/airflow/dags/invoice_data_pipeline_dag.py for tasks to queue
[2026-07-30T15:44:31.572+0000] {logging_mixin.py:190} INFO - [2026-07-30T15:44:31.570+0000] {dagbag.py:588} INFO - Filling up the DagBag from /opt/airflow/dags/invoice_data_pipeline_dag.py
[2026-07-30T15:44:34.061+0000] {logging_mixin.py:190} INFO - [2026-07-30T15:44:34.039+0000] {dagbag.py:387} ERROR - Failed to import: /opt/airflow/dags/invoice_data_pipeline_dag.py
Traceback (most recent call last):
  File "/home/airflow/.local/lib/python3.12/site-packages/airflow/models/dagbag.py", line 383, in parse
    loader.exec_module(new_module)
  File "<frozen importlib._bootstrap_external>", line 995, in exec_module
  File "<frozen importlib._bootstrap>", line 488, in _call_with_frames_removed
  File "/opt/airflow/dags/invoice_data_pipeline_dag.py", line 84, in <module>
    invoice_pipeline()
  File "/home/airflow/.local/lib/python3.12/site-packages/airflow/models/dag.py", line 4307, in factory
    f(**f_kwargs)
  File "/opt/airflow/dags/invoice_data_pipeline_dag.py", line 78, in invoice_pipeline
    create_tables_task >> extracted
    ~~~~~~~~~~~~~~~~~~~^^~~~~~~~~~~
  File "/home/airflow/.local/lib/python3.12/site-packages/airflow/models/taskmixin.py", line 109, in __rrshift__
    self.__lshift__(other)
  File "/home/airflow/.local/lib/python3.12/site-packages/airflow/models/taskmixin.py", line 99, in __lshift__
    self.set_upstream(other)
  File "/home/airflow/.local/lib/python3.12/site-packages/airflow/models/xcom_arg.py", line 153, in set_upstream
    operator.set_upstream(task_or_task_list, edge_modifier)
  File "/home/airflow/.local/lib/python3.12/site-packages/airflow/models/taskmixin.py", line 271, in set_upstream
    self._set_relatives(task_or_task_list, upstream=True, edge_modifier=edge_modifier)
  File "/home/airflow/.local/lib/python3.12/site-packages/airflow/models/taskmixin.py", line 215, in _set_relatives
    task_object.update_relative(self, not upstream, edge_modifier=edge_modifier)
    ^^^^^^^^^^^^^^^^^^^^^^^^^^^
AttributeError: '_TaskDecorator' object has no attribute 'update_relative'
[2026-07-30T15:44:34.066+0000] {processor.py:927} WARNING - No viable dags retrieved from /opt/airflow/dags/invoice_data_pipeline_dag.py
[2026-07-30T15:44:34.128+0000] {processor.py:208} INFO - Processing /opt/airflow/dags/invoice_data_pipeline_dag.py took 2.640 seconds
[2026-07-30T15:45:04.813+0000] {processor.py:186} INFO - Started process (PID=203) to work on /opt/airflow/dags/invoice_data_pipeline_dag.py
[2026-07-30T15:45:04.827+0000] {processor.py:914} INFO - Processing file /opt/airflow/dags/invoice_data_pipeline_dag.py for tasks to queue
[2026-07-30T15:45:04.869+0000] {logging_mixin.py:190} INFO - [2026-07-30T15:45:04.864+0000] {dagbag.py:588} INFO - Filling up the DagBag from /opt/airflow/dags/invoice_data_pipeline_dag.py
[2026-07-30T15:45:07.606+0000] {logging_mixin.py:190} INFO - [2026-07-30T15:45:07.585+0000] {dagbag.py:387} ERROR - Failed to import: /opt/airflow/dags/invoice_data_pipeline_dag.py
Traceback (most recent call last):
  File "/home/airflow/.local/lib/python3.12/site-packages/airflow/models/dagbag.py", line 383, in parse
    loader.exec_module(new_module)
  File "<frozen importlib._bootstrap_external>", line 995, in exec_module
  File "<frozen importlib._bootstrap>", line 488, in _call_with_frames_removed
  File "/opt/airflow/dags/invoice_data_pipeline_dag.py", line 84, in <module>
    invoice_pipeline()
  File "/home/airflow/.local/lib/python3.12/site-packages/airflow/models/dag.py", line 4307, in factory
    f(**f_kwargs)
  File "/opt/airflow/dags/invoice_data_pipeline_dag.py", line 78, in invoice_pipeline
    create_tables_task >> extracted
    ~~~~~~~~~~~~~~~~~~~^^~~~~~~~~~~
  File "/home/airflow/.local/lib/python3.12/site-packages/airflow/models/taskmixin.py", line 109, in __rrshift__
    self.__lshift__(other)
  File "/home/airflow/.local/lib/python3.12/site-packages/airflow/models/taskmixin.py", line 99, in __lshift__
    self.set_upstream(other)
  File "/home/airflow/.local/lib/python3.12/site-packages/airflow/models/xcom_arg.py", line 153, in set_upstream
    operator.set_upstream(task_or_task_list, edge_modifier)
  File "/home/airflow/.local/lib/python3.12/site-packages/airflow/models/taskmixin.py", line 271, in set_upstream
    self._set_relatives(task_or_task_list, upstream=True, edge_modifier=edge_modifier)
  File "/home/airflow/.local/lib/python3.12/site-packages/airflow/models/taskmixin.py", line 215, in _set_relatives
    task_object.update_relative(self, not upstream, edge_modifier=edge_modifier)
    ^^^^^^^^^^^^^^^^^^^^^^^^^^^
AttributeError: '_TaskDecorator' object has no attribute 'update_relative'
[2026-07-30T15:45:07.610+0000] {processor.py:927} WARNING - No viable dags retrieved from /opt/airflow/dags/invoice_data_pipeline_dag.py
[2026-07-30T15:45:07.781+0000] {processor.py:208} INFO - Processing /opt/airflow/dags/invoice_data_pipeline_dag.py took 3.059 seconds
[2026-07-30T15:45:38.204+0000] {processor.py:186} INFO - Started process (PID=209) to work on /opt/airflow/dags/invoice_data_pipeline_dag.py
[2026-07-30T15:45:38.206+0000] {processor.py:914} INFO - Processing file /opt/airflow/dags/invoice_data_pipeline_dag.py for tasks to queue
[2026-07-30T15:45:38.218+0000] {logging_mixin.py:190} INFO - [2026-07-30T15:45:38.217+0000] {dagbag.py:588} INFO - Filling up the DagBag from /opt/airflow/dags/invoice_data_pipeline_dag.py
[2026-07-30T15:45:39.936+0000] {logging_mixin.py:190} INFO - [2026-07-30T15:45:39.920+0000] {dagbag.py:387} ERROR - Failed to import: /opt/airflow/dags/invoice_data_pipeline_dag.py
Traceback (most recent call last):
  File "/home/airflow/.local/lib/python3.12/site-packages/airflow/models/dagbag.py", line 383, in parse
    loader.exec_module(new_module)
  File "<frozen importlib._bootstrap_external>", line 995, in exec_module
  File "<frozen importlib._bootstrap>", line 488, in _call_with_frames_removed
  File "/opt/airflow/dags/invoice_data_pipeline_dag.py", line 84, in <module>
    invoice_pipeline()
  File "/home/airflow/.local/lib/python3.12/site-packages/airflow/models/dag.py", line 4307, in factory
    f(**f_kwargs)
  File "/opt/airflow/dags/invoice_data_pipeline_dag.py", line 78, in invoice_pipeline
    create_tables_task >> extracted
    ~~~~~~~~~~~~~~~~~~~^^~~~~~~~~~~
  File "/home/airflow/.local/lib/python3.12/site-packages/airflow/models/taskmixin.py", line 109, in __rrshift__
    self.__lshift__(other)
  File "/home/airflow/.local/lib/python3.12/site-packages/airflow/models/taskmixin.py", line 99, in __lshift__
    self.set_upstream(other)
  File "/home/airflow/.local/lib/python3.12/site-packages/airflow/models/xcom_arg.py", line 153, in set_upstream
    operator.set_upstream(task_or_task_list, edge_modifier)
  File "/home/airflow/.local/lib/python3.12/site-packages/airflow/models/taskmixin.py", line 271, in set_upstream
    self._set_relatives(task_or_task_list, upstream=True, edge_modifier=edge_modifier)
  File "/home/airflow/.local/lib/python3.12/site-packages/airflow/models/taskmixin.py", line 215, in _set_relatives
    task_object.update_relative(self, not upstream, edge_modifier=edge_modifier)
    ^^^^^^^^^^^^^^^^^^^^^^^^^^^
AttributeError: '_TaskDecorator' object has no attribute 'update_relative'
[2026-07-30T15:45:39.939+0000] {processor.py:927} WARNING - No viable dags retrieved from /opt/airflow/dags/invoice_data_pipeline_dag.py
[2026-07-30T15:45:40.026+0000] {processor.py:208} INFO - Processing /opt/airflow/dags/invoice_data_pipeline_dag.py took 1.843 seconds
[2026-07-30T15:46:10.396+0000] {processor.py:186} INFO - Started process (PID=215) to work on /opt/airflow/dags/invoice_data_pipeline_dag.py
[2026-07-30T15:46:10.401+0000] {processor.py:914} INFO - Processing file /opt/airflow/dags/invoice_data_pipeline_dag.py for tasks to queue
[2026-07-30T15:46:10.417+0000] {logging_mixin.py:190} INFO - [2026-07-30T15:46:10.415+0000] {dagbag.py:588} INFO - Filling up the DagBag from /opt/airflow/dags/invoice_data_pipeline_dag.py
[2026-07-30T15:46:11.092+0000] {logging_mixin.py:190} INFO - [2026-07-30T15:46:11.085+0000] {dagbag.py:387} ERROR - Failed to import: /opt/airflow/dags/invoice_data_pipeline_dag.py
Traceback (most recent call last):
  File "/home/airflow/.local/lib/python3.12/site-packages/airflow/models/dagbag.py", line 383, in parse
    loader.exec_module(new_module)
  File "<frozen importlib._bootstrap_external>", line 995, in exec_module
  File "<frozen importlib._bootstrap>", line 488, in _call_with_frames_removed
  File "/opt/airflow/dags/invoice_data_pipeline_dag.py", line 84, in <module>
    invoice_pipeline()
  File "/home/airflow/.local/lib/python3.12/site-packages/airflow/models/dag.py", line 4307, in factory
    f(**f_kwargs)
  File "/opt/airflow/dags/invoice_data_pipeline_dag.py", line 78, in invoice_pipeline
    create_tables_task >> extracted
    ~~~~~~~~~~~~~~~~~~~^^~~~~~~~~~~
  File "/home/airflow/.local/lib/python3.12/site-packages/airflow/models/taskmixin.py", line 109, in __rrshift__
    self.__lshift__(other)
  File "/home/airflow/.local/lib/python3.12/site-packages/airflow/models/taskmixin.py", line 99, in __lshift__
    self.set_upstream(other)
  File "/home/airflow/.local/lib/python3.12/site-packages/airflow/models/xcom_arg.py", line 153, in set_upstream
    operator.set_upstream(task_or_task_list, edge_modifier)
  File "/home/airflow/.local/lib/python3.12/site-packages/airflow/models/taskmixin.py", line 271, in set_upstream
    self._set_relatives(task_or_task_list, upstream=True, edge_modifier=edge_modifier)
  File "/home/airflow/.local/lib/python3.12/site-packages/airflow/models/taskmixin.py", line 215, in _set_relatives
    task_object.update_relative(self, not upstream, edge_modifier=edge_modifier)
    ^^^^^^^^^^^^^^^^^^^^^^^^^^^
AttributeError: '_TaskDecorator' object has no attribute 'update_relative'
[2026-07-30T15:46:11.095+0000] {processor.py:927} WARNING - No viable dags retrieved from /opt/airflow/dags/invoice_data_pipeline_dag.py
[2026-07-30T15:46:11.126+0000] {processor.py:208} INFO - Processing /opt/airflow/dags/invoice_data_pipeline_dag.py took 0.744 seconds
[2026-07-30T15:46:41.527+0000] {processor.py:186} INFO - Started process (PID=221) to work on /opt/airflow/dags/invoice_data_pipeline_dag.py
[2026-07-30T15:46:41.536+0000] {processor.py:914} INFO - Processing file /opt/airflow/dags/invoice_data_pipeline_dag.py for tasks to queue
[2026-07-30T15:46:41.552+0000] {logging_mixin.py:190} INFO - [2026-07-30T15:46:41.551+0000] {dagbag.py:588} INFO - Filling up the DagBag from /opt/airflow/dags/invoice_data_pipeline_dag.py
[2026-07-30T15:46:42.564+0000] {logging_mixin.py:190} INFO - [2026-07-30T15:46:42.550+0000] {dagbag.py:387} ERROR - Failed to import: /opt/airflow/dags/invoice_data_pipeline_dag.py
Traceback (most recent call last):
  File "/home/airflow/.local/lib/python3.12/site-packages/airflow/models/dagbag.py", line 383, in parse
    loader.exec_module(new_module)
  File "<frozen importlib._bootstrap_external>", line 995, in exec_module
  File "<frozen importlib._bootstrap>", line 488, in _call_with_frames_removed
  File "/opt/airflow/dags/invoice_data_pipeline_dag.py", line 84, in <module>
    invoice_pipeline()
  File "/home/airflow/.local/lib/python3.12/site-packages/airflow/models/dag.py", line 4307, in factory
    f(**f_kwargs)
  File "/opt/airflow/dags/invoice_data_pipeline_dag.py", line 78, in invoice_pipeline
    create_tables_task >> extracted
    ~~~~~~~~~~~~~~~~~~~^^~~~~~~~~~~
  File "/home/airflow/.local/lib/python3.12/site-packages/airflow/models/taskmixin.py", line 109, in __rrshift__
    self.__lshift__(other)
  File "/home/airflow/.local/lib/python3.12/site-packages/airflow/models/taskmixin.py", line 99, in __lshift__
    self.set_upstream(other)
  File "/home/airflow/.local/lib/python3.12/site-packages/airflow/models/xcom_arg.py", line 153, in set_upstream
    operator.set_upstream(task_or_task_list, edge_modifier)
  File "/home/airflow/.local/lib/python3.12/site-packages/airflow/models/taskmixin.py", line 271, in set_upstream
    self._set_relatives(task_or_task_list, upstream=True, edge_modifier=edge_modifier)
  File "/home/airflow/.local/lib/python3.12/site-packages/airflow/models/taskmixin.py", line 215, in _set_relatives
    task_object.update_relative(self, not upstream, edge_modifier=edge_modifier)
    ^^^^^^^^^^^^^^^^^^^^^^^^^^^
AttributeError: '_TaskDecorator' object has no attribute 'update_relative'
[2026-07-30T15:46:42.567+0000] {processor.py:927} WARNING - No viable dags retrieved from /opt/airflow/dags/invoice_data_pipeline_dag.py
[2026-07-30T15:46:42.622+0000] {processor.py:208} INFO - Processing /opt/airflow/dags/invoice_data_pipeline_dag.py took 1.116 seconds
[2026-07-30T15:47:12.800+0000] {processor.py:186} INFO - Started process (PID=227) to work on /opt/airflow/dags/invoice_data_pipeline_dag.py
[2026-07-30T15:47:12.802+0000] {processor.py:914} INFO - Processing file /opt/airflow/dags/invoice_data_pipeline_dag.py for tasks to queue
[2026-07-30T15:47:12.806+0000] {logging_mixin.py:190} INFO - [2026-07-30T15:47:12.806+0000] {dagbag.py:588} INFO - Filling up the DagBag from /opt/airflow/dags/invoice_data_pipeline_dag.py
[2026-07-30T15:47:13.616+0000] {logging_mixin.py:190} INFO - [2026-07-30T15:47:13.609+0000] {dagbag.py:387} ERROR - Failed to import: /opt/airflow/dags/invoice_data_pipeline_dag.py
Traceback (most recent call last):
  File "/home/airflow/.local/lib/python3.12/site-packages/airflow/models/dagbag.py", line 383, in parse
    loader.exec_module(new_module)
  File "<frozen importlib._bootstrap_external>", line 995, in exec_module
  File "<frozen importlib._bootstrap>", line 488, in _call_with_frames_removed
  File "/opt/airflow/dags/invoice_data_pipeline_dag.py", line 84, in <module>
    invoice_pipeline()
  File "/home/airflow/.local/lib/python3.12/site-packages/airflow/models/dag.py", line 4307, in factory
    f(**f_kwargs)
  File "/opt/airflow/dags/invoice_data_pipeline_dag.py", line 78, in invoice_pipeline
    create_tables_task >> extracted
    ~~~~~~~~~~~~~~~~~~~^^~~~~~~~~~~
  File "/home/airflow/.local/lib/python3.12/site-packages/airflow/models/taskmixin.py", line 109, in __rrshift__
    self.__lshift__(other)
  File "/home/airflow/.local/lib/python3.12/site-packages/airflow/models/taskmixin.py", line 99, in __lshift__
    self.set_upstream(other)
  File "/home/airflow/.local/lib/python3.12/site-packages/airflow/models/xcom_arg.py", line 153, in set_upstream
    operator.set_upstream(task_or_task_list, edge_modifier)
  File "/home/airflow/.local/lib/python3.12/site-packages/airflow/models/taskmixin.py", line 271, in set_upstream
    self._set_relatives(task_or_task_list, upstream=True, edge_modifier=edge_modifier)
  File "/home/airflow/.local/lib/python3.12/site-packages/airflow/models/taskmixin.py", line 215, in _set_relatives
    task_object.update_relative(self, not upstream, edge_modifier=edge_modifier)
    ^^^^^^^^^^^^^^^^^^^^^^^^^^^
AttributeError: '_TaskDecorator' object has no attribute 'update_relative'
[2026-07-30T15:47:13.618+0000] {processor.py:927} WARNING - No viable dags retrieved from /opt/airflow/dags/invoice_data_pipeline_dag.py
[2026-07-30T15:47:13.642+0000] {processor.py:208} INFO - Processing /opt/airflow/dags/invoice_data_pipeline_dag.py took 0.849 seconds
[2026-07-30T15:47:44.120+0000] {processor.py:186} INFO - Started process (PID=233) to work on /opt/airflow/dags/invoice_data_pipeline_dag.py
[2026-07-30T15:47:44.127+0000] {processor.py:914} INFO - Processing file /opt/airflow/dags/invoice_data_pipeline_dag.py for tasks to queue
[2026-07-30T15:47:44.145+0000] {logging_mixin.py:190} INFO - [2026-07-30T15:47:44.143+0000] {dagbag.py:588} INFO - Filling up the DagBag from /opt/airflow/dags/invoice_data_pipeline_dag.py
[2026-07-30T15:47:46.647+0000] {logging_mixin.py:190} INFO - [2026-07-30T15:47:46.631+0000] {dagbag.py:387} ERROR - Failed to import: /opt/airflow/dags/invoice_data_pipeline_dag.py
Traceback (most recent call last):
  File "/home/airflow/.local/lib/python3.12/site-packages/airflow/models/dagbag.py", line 383, in parse
    loader.exec_module(new_module)
  File "<frozen importlib._bootstrap_external>", line 995, in exec_module
  File "<frozen importlib._bootstrap>", line 488, in _call_with_frames_removed
  File "/opt/airflow/dags/invoice_data_pipeline_dag.py", line 84, in <module>
    invoice_pipeline()
  File "/home/airflow/.local/lib/python3.12/site-packages/airflow/models/dag.py", line 4307, in factory
    f(**f_kwargs)
  File "/opt/airflow/dags/invoice_data_pipeline_dag.py", line 78, in invoice_pipeline
    create_tables_task >> extracted
    ~~~~~~~~~~~~~~~~~~~^^~~~~~~~~~~
  File "/home/airflow/.local/lib/python3.12/site-packages/airflow/models/taskmixin.py", line 109, in __rrshift__
    self.__lshift__(other)
  File "/home/airflow/.local/lib/python3.12/site-packages/airflow/models/taskmixin.py", line 99, in __lshift__
    self.set_upstream(other)
  File "/home/airflow/.local/lib/python3.12/site-packages/airflow/models/xcom_arg.py", line 153, in set_upstream
    operator.set_upstream(task_or_task_list, edge_modifier)
  File "/home/airflow/.local/lib/python3.12/site-packages/airflow/models/taskmixin.py", line 271, in set_upstream
    self._set_relatives(task_or_task_list, upstream=True, edge_modifier=edge_modifier)
  File "/home/airflow/.local/lib/python3.12/site-packages/airflow/models/taskmixin.py", line 215, in _set_relatives
    task_object.update_relative(self, not upstream, edge_modifier=edge_modifier)
    ^^^^^^^^^^^^^^^^^^^^^^^^^^^
AttributeError: '_TaskDecorator' object has no attribute 'update_relative'
[2026-07-30T15:47:46.650+0000] {processor.py:927} WARNING - No viable dags retrieved from /opt/airflow/dags/invoice_data_pipeline_dag.py
[2026-07-30T15:47:46.764+0000] {processor.py:208} INFO - Processing /opt/airflow/dags/invoice_data_pipeline_dag.py took 2.686 seconds
[2026-07-30T15:48:17.155+0000] {processor.py:186} INFO - Started process (PID=239) to work on /opt/airflow/dags/invoice_data_pipeline_dag.py
[2026-07-30T15:48:17.158+0000] {processor.py:914} INFO - Processing file /opt/airflow/dags/invoice_data_pipeline_dag.py for tasks to queue
[2026-07-30T15:48:17.165+0000] {logging_mixin.py:190} INFO - [2026-07-30T15:48:17.164+0000] {dagbag.py:588} INFO - Filling up the DagBag from /opt/airflow/dags/invoice_data_pipeline_dag.py
[2026-07-30T15:48:17.876+0000] {logging_mixin.py:190} INFO - [2026-07-30T15:48:17.861+0000] {dagbag.py:387} ERROR - Failed to import: /opt/airflow/dags/invoice_data_pipeline_dag.py
Traceback (most recent call last):
  File "/home/airflow/.local/lib/python3.12/site-packages/airflow/models/dagbag.py", line 383, in parse
    loader.exec_module(new_module)
  File "<frozen importlib._bootstrap_external>", line 995, in exec_module
  File "<frozen importlib._bootstrap>", line 488, in _call_with_frames_removed
  File "/opt/airflow/dags/invoice_data_pipeline_dag.py", line 84, in <module>
    invoice_pipeline()
  File "/home/airflow/.local/lib/python3.12/site-packages/airflow/models/dag.py", line 4307, in factory
    f(**f_kwargs)
  File "/opt/airflow/dags/invoice_data_pipeline_dag.py", line 78, in invoice_pipeline
    create_tables_task >> extracted
    ~~~~~~~~~~~~~~~~~~~^^~~~~~~~~~~
  File "/home/airflow/.local/lib/python3.12/site-packages/airflow/models/taskmixin.py", line 109, in __rrshift__
    self.__lshift__(other)
  File "/home/airflow/.local/lib/python3.12/site-packages/airflow/models/taskmixin.py", line 99, in __lshift__
    self.set_upstream(other)
  File "/home/airflow/.local/lib/python3.12/site-packages/airflow/models/xcom_arg.py", line 153, in set_upstream
    operator.set_upstream(task_or_task_list, edge_modifier)
  File "/home/airflow/.local/lib/python3.12/site-packages/airflow/models/taskmixin.py", line 271, in set_upstream
    self._set_relatives(task_or_task_list, upstream=True, edge_modifier=edge_modifier)
  File "/home/airflow/.local/lib/python3.12/site-packages/airflow/models/taskmixin.py", line 215, in _set_relatives
    task_object.update_relative(self, not upstream, edge_modifier=edge_modifier)
    ^^^^^^^^^^^^^^^^^^^^^^^^^^^
AttributeError: '_TaskDecorator' object has no attribute 'update_relative'
[2026-07-30T15:48:17.879+0000] {processor.py:927} WARNING - No viable dags retrieved from /opt/airflow/dags/invoice_data_pipeline_dag.py
[2026-07-30T15:48:17.907+0000] {processor.py:208} INFO - Processing /opt/airflow/dags/invoice_data_pipeline_dag.py took 0.767 seconds
[2026-07-30T15:48:48.546+0000] {processor.py:186} INFO - Started process (PID=245) to work on /opt/airflow/dags/invoice_data_pipeline_dag.py
[2026-07-30T15:48:48.569+0000] {processor.py:914} INFO - Processing file /opt/airflow/dags/invoice_data_pipeline_dag.py for tasks to queue
[2026-07-30T15:48:48.657+0000] {logging_mixin.py:190} INFO - [2026-07-30T15:48:48.647+0000] {dagbag.py:588} INFO - Filling up the DagBag from /opt/airflow/dags/invoice_data_pipeline_dag.py
[2026-07-30T15:48:51.565+0000] {logging_mixin.py:190} INFO - [2026-07-30T15:48:51.546+0000] {dagbag.py:387} ERROR - Failed to import: /opt/airflow/dags/invoice_data_pipeline_dag.py
Traceback (most recent call last):
  File "/home/airflow/.local/lib/python3.12/site-packages/airflow/models/dagbag.py", line 383, in parse
    loader.exec_module(new_module)
  File "<frozen importlib._bootstrap_external>", line 995, in exec_module
  File "<frozen importlib._bootstrap>", line 488, in _call_with_frames_removed
  File "/opt/airflow/dags/invoice_data_pipeline_dag.py", line 84, in <module>
    invoice_pipeline()
  File "/home/airflow/.local/lib/python3.12/site-packages/airflow/models/dag.py", line 4307, in factory
    f(**f_kwargs)
  File "/opt/airflow/dags/invoice_data_pipeline_dag.py", line 78, in invoice_pipeline
    create_tables_task >> extracted
    ~~~~~~~~~~~~~~~~~~~^^~~~~~~~~~~
  File "/home/airflow/.local/lib/python3.12/site-packages/airflow/models/taskmixin.py", line 109, in __rrshift__
    self.__lshift__(other)
  File "/home/airflow/.local/lib/python3.12/site-packages/airflow/models/taskmixin.py", line 99, in __lshift__
    self.set_upstream(other)
  File "/home/airflow/.local/lib/python3.12/site-packages/airflow/models/xcom_arg.py", line 153, in set_upstream
    operator.set_upstream(task_or_task_list, edge_modifier)
  File "/home/airflow/.local/lib/python3.12/site-packages/airflow/models/taskmixin.py", line 271, in set_upstream
    self._set_relatives(task_or_task_list, upstream=True, edge_modifier=edge_modifier)
  File "/home/airflow/.local/lib/python3.12/site-packages/airflow/models/taskmixin.py", line 215, in _set_relatives
    task_object.update_relative(self, not upstream, edge_modifier=edge_modifier)
    ^^^^^^^^^^^^^^^^^^^^^^^^^^^
AttributeError: '_TaskDecorator' object has no attribute 'update_relative'
[2026-07-30T15:48:51.568+0000] {processor.py:927} WARNING - No viable dags retrieved from /opt/airflow/dags/invoice_data_pipeline_dag.py
[2026-07-30T15:48:51.656+0000] {processor.py:208} INFO - Processing /opt/airflow/dags/invoice_data_pipeline_dag.py took 3.179 seconds
[2026-07-30T15:49:21.758+0000] {processor.py:186} INFO - Started process (PID=251) to work on /opt/airflow/dags/invoice_data_pipeline_dag.py
[2026-07-30T15:49:21.762+0000] {processor.py:914} INFO - Processing file /opt/airflow/dags/invoice_data_pipeline_dag.py for tasks to queue
[2026-07-30T15:49:21.769+0000] {logging_mixin.py:190} INFO - [2026-07-30T15:49:21.768+0000] {dagbag.py:588} INFO - Filling up the DagBag from /opt/airflow/dags/invoice_data_pipeline_dag.py
[2026-07-30T15:49:22.879+0000] {logging_mixin.py:190} INFO - [2026-07-30T15:49:22.866+0000] {dagbag.py:387} ERROR - Failed to import: /opt/airflow/dags/invoice_data_pipeline_dag.py
Traceback (most recent call last):
  File "/home/airflow/.local/lib/python3.12/site-packages/airflow/models/dagbag.py", line 383, in parse
    loader.exec_module(new_module)
  File "<frozen importlib._bootstrap_external>", line 995, in exec_module
  File "<frozen importlib._bootstrap>", line 488, in _call_with_frames_removed
  File "/opt/airflow/dags/invoice_data_pipeline_dag.py", line 84, in <module>
    invoice_pipeline()
  File "/home/airflow/.local/lib/python3.12/site-packages/airflow/models/dag.py", line 4307, in factory
    f(**f_kwargs)
  File "/opt/airflow/dags/invoice_data_pipeline_dag.py", line 78, in invoice_pipeline
    create_tables_task >> extracted
    ~~~~~~~~~~~~~~~~~~~^^~~~~~~~~~~
  File "/home/airflow/.local/lib/python3.12/site-packages/airflow/models/taskmixin.py", line 109, in __rrshift__
    self.__lshift__(other)
  File "/home/airflow/.local/lib/python3.12/site-packages/airflow/models/taskmixin.py", line 99, in __lshift__
    self.set_upstream(other)
  File "/home/airflow/.local/lib/python3.12/site-packages/airflow/models/xcom_arg.py", line 153, in set_upstream
    operator.set_upstream(task_or_task_list, edge_modifier)
  File "/home/airflow/.local/lib/python3.12/site-packages/airflow/models/taskmixin.py", line 271, in set_upstream
    self._set_relatives(task_or_task_list, upstream=True, edge_modifier=edge_modifier)
  File "/home/airflow/.local/lib/python3.12/site-packages/airflow/models/taskmixin.py", line 215, in _set_relatives
    task_object.update_relative(self, not upstream, edge_modifier=edge_modifier)
    ^^^^^^^^^^^^^^^^^^^^^^^^^^^
AttributeError: '_TaskDecorator' object has no attribute 'update_relative'
[2026-07-30T15:49:22.881+0000] {processor.py:927} WARNING - No viable dags retrieved from /opt/airflow/dags/invoice_data_pipeline_dag.py
[2026-07-30T15:49:22.934+0000] {processor.py:208} INFO - Processing /opt/airflow/dags/invoice_data_pipeline_dag.py took 1.188 seconds
[2026-07-30T15:49:53.523+0000] {processor.py:186} INFO - Started process (PID=257) to work on /opt/airflow/dags/invoice_data_pipeline_dag.py
[2026-07-30T15:49:53.526+0000] {processor.py:914} INFO - Processing file /opt/airflow/dags/invoice_data_pipeline_dag.py for tasks to queue
[2026-07-30T15:49:53.536+0000] {logging_mixin.py:190} INFO - [2026-07-30T15:49:53.535+0000] {dagbag.py:588} INFO - Filling up the DagBag from /opt/airflow/dags/invoice_data_pipeline_dag.py
[2026-07-30T15:49:54.026+0000] {logging_mixin.py:190} INFO - [2026-07-30T15:49:54.020+0000] {dagbag.py:387} ERROR - Failed to import: /opt/airflow/dags/invoice_data_pipeline_dag.py
Traceback (most recent call last):
  File "/home/airflow/.local/lib/python3.12/site-packages/airflow/models/dagbag.py", line 383, in parse
    loader.exec_module(new_module)
  File "<frozen importlib._bootstrap_external>", line 995, in exec_module
  File "<frozen importlib._bootstrap>", line 488, in _call_with_frames_removed
  File "/opt/airflow/dags/invoice_data_pipeline_dag.py", line 84, in <module>
    invoice_pipeline()
  File "/home/airflow/.local/lib/python3.12/site-packages/airflow/models/dag.py", line 4307, in factory
    f(**f_kwargs)
  File "/opt/airflow/dags/invoice_data_pipeline_dag.py", line 78, in invoice_pipeline
    create_tables_task >> extracted
    ~~~~~~~~~~~~~~~~~~~^^~~~~~~~~~~
  File "/home/airflow/.local/lib/python3.12/site-packages/airflow/models/taskmixin.py", line 109, in __rrshift__
    self.__lshift__(other)
  File "/home/airflow/.local/lib/python3.12/site-packages/airflow/models/taskmixin.py", line 99, in __lshift__
    self.set_upstream(other)
  File "/home/airflow/.local/lib/python3.12/site-packages/airflow/models/xcom_arg.py", line 153, in set_upstream
    operator.set_upstream(task_or_task_list, edge_modifier)
  File "/home/airflow/.local/lib/python3.12/site-packages/airflow/models/taskmixin.py", line 271, in set_upstream
    self._set_relatives(task_or_task_list, upstream=True, edge_modifier=edge_modifier)
  File "/home/airflow/.local/lib/python3.12/site-packages/airflow/models/taskmixin.py", line 215, in _set_relatives
    task_object.update_relative(self, not upstream, edge_modifier=edge_modifier)
    ^^^^^^^^^^^^^^^^^^^^^^^^^^^
AttributeError: '_TaskDecorator' object has no attribute 'update_relative'
[2026-07-30T15:49:54.029+0000] {processor.py:927} WARNING - No viable dags retrieved from /opt/airflow/dags/invoice_data_pipeline_dag.py
[2026-07-30T15:49:54.061+0000] {processor.py:208} INFO - Processing /opt/airflow/dags/invoice_data_pipeline_dag.py took 0.547 seconds
[2026-07-30T15:50:24.427+0000] {processor.py:186} INFO - Started process (PID=263) to work on /opt/airflow/dags/invoice_data_pipeline_dag.py
[2026-07-30T15:50:24.432+0000] {processor.py:914} INFO - Processing file /opt/airflow/dags/invoice_data_pipeline_dag.py for tasks to queue
[2026-07-30T15:50:24.448+0000] {logging_mixin.py:190} INFO - [2026-07-30T15:50:24.446+0000] {dagbag.py:588} INFO - Filling up the DagBag from /opt/airflow/dags/invoice_data_pipeline_dag.py
[2026-07-30T15:50:25.382+0000] {logging_mixin.py:190} INFO - [2026-07-30T15:50:25.335+0000] {dagbag.py:387} ERROR - Failed to import: /opt/airflow/dags/invoice_data_pipeline_dag.py
Traceback (most recent call last):
  File "/home/airflow/.local/lib/python3.12/site-packages/airflow/models/dagbag.py", line 383, in parse
    loader.exec_module(new_module)
  File "<frozen importlib._bootstrap_external>", line 995, in exec_module
  File "<frozen importlib._bootstrap>", line 488, in _call_with_frames_removed
  File "/opt/airflow/dags/invoice_data_pipeline_dag.py", line 84, in <module>
    invoice_pipeline()
  File "/home/airflow/.local/lib/python3.12/site-packages/airflow/models/dag.py", line 4307, in factory
    f(**f_kwargs)
  File "/opt/airflow/dags/invoice_data_pipeline_dag.py", line 78, in invoice_pipeline
    create_tables_task >> extracted
    ~~~~~~~~~~~~~~~~~~~^^~~~~~~~~~~
  File "/home/airflow/.local/lib/python3.12/site-packages/airflow/models/taskmixin.py", line 109, in __rrshift__
    self.__lshift__(other)
  File "/home/airflow/.local/lib/python3.12/site-packages/airflow/models/taskmixin.py", line 99, in __lshift__
    self.set_upstream(other)
  File "/home/airflow/.local/lib/python3.12/site-packages/airflow/models/xcom_arg.py", line 153, in set_upstream
    operator.set_upstream(task_or_task_list, edge_modifier)
  File "/home/airflow/.local/lib/python3.12/site-packages/airflow/models/taskmixin.py", line 271, in set_upstream
    self._set_relatives(task_or_task_list, upstream=True, edge_modifier=edge_modifier)
  File "/home/airflow/.local/lib/python3.12/site-packages/airflow/models/taskmixin.py", line 215, in _set_relatives
    task_object.update_relative(self, not upstream, edge_modifier=edge_modifier)
    ^^^^^^^^^^^^^^^^^^^^^^^^^^^
AttributeError: '_TaskDecorator' object has no attribute 'update_relative'
[2026-07-30T15:50:25.386+0000] {processor.py:927} WARNING - No viable dags retrieved from /opt/airflow/dags/invoice_data_pipeline_dag.py
[2026-07-30T15:50:25.463+0000] {processor.py:208} INFO - Processing /opt/airflow/dags/invoice_data_pipeline_dag.py took 1.062 seconds
[2026-07-30T15:50:55.745+0000] {processor.py:186} INFO - Started process (PID=269) to work on /opt/airflow/dags/invoice_data_pipeline_dag.py
[2026-07-30T15:50:55.747+0000] {processor.py:914} INFO - Processing file /opt/airflow/dags/invoice_data_pipeline_dag.py for tasks to queue
[2026-07-30T15:50:55.755+0000] {logging_mixin.py:190} INFO - [2026-07-30T15:50:55.754+0000] {dagbag.py:588} INFO - Filling up the DagBag from /opt/airflow/dags/invoice_data_pipeline_dag.py
[2026-07-30T15:50:56.448+0000] {logging_mixin.py:190} INFO - [2026-07-30T15:50:56.440+0000] {dagbag.py:387} ERROR - Failed to import: /opt/airflow/dags/invoice_data_pipeline_dag.py
Traceback (most recent call last):
  File "/home/airflow/.local/lib/python3.12/site-packages/airflow/models/dagbag.py", line 383, in parse
    loader.exec_module(new_module)
  File "<frozen importlib._bootstrap_external>", line 995, in exec_module
  File "<frozen importlib._bootstrap>", line 488, in _call_with_frames_removed
  File "/opt/airflow/dags/invoice_data_pipeline_dag.py", line 84, in <module>
    invoice_pipeline()
  File "/home/airflow/.local/lib/python3.12/site-packages/airflow/models/dag.py", line 4307, in factory
    f(**f_kwargs)
  File "/opt/airflow/dags/invoice_data_pipeline_dag.py", line 78, in invoice_pipeline
    create_tables_task >> extracted
    ~~~~~~~~~~~~~~~~~~~^^~~~~~~~~~~
  File "/home/airflow/.local/lib/python3.12/site-packages/airflow/models/taskmixin.py", line 109, in __rrshift__
    self.__lshift__(other)
  File "/home/airflow/.local/lib/python3.12/site-packages/airflow/models/taskmixin.py", line 99, in __lshift__
    self.set_upstream(other)
  File "/home/airflow/.local/lib/python3.12/site-packages/airflow/models/xcom_arg.py", line 153, in set_upstream
    operator.set_upstream(task_or_task_list, edge_modifier)
  File "/home/airflow/.local/lib/python3.12/site-packages/airflow/models/taskmixin.py", line 271, in set_upstream
    self._set_relatives(task_or_task_list, upstream=True, edge_modifier=edge_modifier)
  File "/home/airflow/.local/lib/python3.12/site-packages/airflow/models/taskmixin.py", line 215, in _set_relatives
    task_object.update_relative(self, not upstream, edge_modifier=edge_modifier)
    ^^^^^^^^^^^^^^^^^^^^^^^^^^^
AttributeError: '_TaskDecorator' object has no attribute 'update_relative'
[2026-07-30T15:50:56.451+0000] {processor.py:927} WARNING - No viable dags retrieved from /opt/airflow/dags/invoice_data_pipeline_dag.py
[2026-07-30T15:50:56.496+0000] {processor.py:208} INFO - Processing /opt/airflow/dags/invoice_data_pipeline_dag.py took 0.759 seconds
[2026-07-30T15:51:26.830+0000] {processor.py:186} INFO - Started process (PID=275) to work on /opt/airflow/dags/invoice_data_pipeline_dag.py
[2026-07-30T15:51:26.838+0000] {processor.py:914} INFO - Processing file /opt/airflow/dags/invoice_data_pipeline_dag.py for tasks to queue
[2026-07-30T15:51:26.853+0000] {logging_mixin.py:190} INFO - [2026-07-30T15:51:26.851+0000] {dagbag.py:588} INFO - Filling up the DagBag from /opt/airflow/dags/invoice_data_pipeline_dag.py
[2026-07-30T15:51:27.450+0000] {logging_mixin.py:190} INFO - [2026-07-30T15:51:27.439+0000] {dagbag.py:387} ERROR - Failed to import: /opt/airflow/dags/invoice_data_pipeline_dag.py
Traceback (most recent call last):
  File "/home/airflow/.local/lib/python3.12/site-packages/airflow/models/dagbag.py", line 383, in parse
    loader.exec_module(new_module)
  File "<frozen importlib._bootstrap_external>", line 995, in exec_module
  File "<frozen importlib._bootstrap>", line 488, in _call_with_frames_removed
  File "/opt/airflow/dags/invoice_data_pipeline_dag.py", line 84, in <module>
    invoice_pipeline()
  File "/home/airflow/.local/lib/python3.12/site-packages/airflow/models/dag.py", line 4307, in factory
    f(**f_kwargs)
  File "/opt/airflow/dags/invoice_data_pipeline_dag.py", line 78, in invoice_pipeline
    create_tables_task >> extracted
    ~~~~~~~~~~~~~~~~~~~^^~~~~~~~~~~
  File "/home/airflow/.local/lib/python3.12/site-packages/airflow/models/taskmixin.py", line 109, in __rrshift__
    self.__lshift__(other)
  File "/home/airflow/.local/lib/python3.12/site-packages/airflow/models/taskmixin.py", line 99, in __lshift__
    self.set_upstream(other)
  File "/home/airflow/.local/lib/python3.12/site-packages/airflow/models/xcom_arg.py", line 153, in set_upstream
    operator.set_upstream(task_or_task_list, edge_modifier)
  File "/home/airflow/.local/lib/python3.12/site-packages/airflow/models/taskmixin.py", line 271, in set_upstream
    self._set_relatives(task_or_task_list, upstream=True, edge_modifier=edge_modifier)
  File "/home/airflow/.local/lib/python3.12/site-packages/airflow/models/taskmixin.py", line 215, in _set_relatives
    task_object.update_relative(self, not upstream, edge_modifier=edge_modifier)
    ^^^^^^^^^^^^^^^^^^^^^^^^^^^
AttributeError: '_TaskDecorator' object has no attribute 'update_relative'
[2026-07-30T15:51:27.454+0000] {processor.py:927} WARNING - No viable dags retrieved from /opt/airflow/dags/invoice_data_pipeline_dag.py
[2026-07-30T15:51:27.498+0000] {processor.py:208} INFO - Processing /opt/airflow/dags/invoice_data_pipeline_dag.py took 0.676 seconds
[2026-07-30T15:51:57.803+0000] {processor.py:186} INFO - Started process (PID=281) to work on /opt/airflow/dags/invoice_data_pipeline_dag.py
[2026-07-30T15:51:57.805+0000] {processor.py:914} INFO - Processing file /opt/airflow/dags/invoice_data_pipeline_dag.py for tasks to queue
[2026-07-30T15:51:57.808+0000] {logging_mixin.py:190} INFO - [2026-07-30T15:51:57.808+0000] {dagbag.py:588} INFO - Filling up the DagBag from /opt/airflow/dags/invoice_data_pipeline_dag.py
[2026-07-30T15:51:58.261+0000] {logging_mixin.py:190} INFO - [2026-07-30T15:51:58.255+0000] {dagbag.py:387} ERROR - Failed to import: /opt/airflow/dags/invoice_data_pipeline_dag.py
Traceback (most recent call last):
  File "/home/airflow/.local/lib/python3.12/site-packages/airflow/models/dagbag.py", line 383, in parse
    loader.exec_module(new_module)
  File "<frozen importlib._bootstrap_external>", line 995, in exec_module
  File "<frozen importlib._bootstrap>", line 488, in _call_with_frames_removed
  File "/opt/airflow/dags/invoice_data_pipeline_dag.py", line 84, in <module>
    invoice_pipeline()
  File "/home/airflow/.local/lib/python3.12/site-packages/airflow/models/dag.py", line 4307, in factory
    f(**f_kwargs)
  File "/opt/airflow/dags/invoice_data_pipeline_dag.py", line 78, in invoice_pipeline
    create_tables_task >> extracted
    ~~~~~~~~~~~~~~~~~~~^^~~~~~~~~~~
  File "/home/airflow/.local/lib/python3.12/site-packages/airflow/models/taskmixin.py", line 109, in __rrshift__
    self.__lshift__(other)
  File "/home/airflow/.local/lib/python3.12/site-packages/airflow/models/taskmixin.py", line 99, in __lshift__
    self.set_upstream(other)
  File "/home/airflow/.local/lib/python3.12/site-packages/airflow/models/xcom_arg.py", line 153, in set_upstream
    operator.set_upstream(task_or_task_list, edge_modifier)
  File "/home/airflow/.local/lib/python3.12/site-packages/airflow/models/taskmixin.py", line 271, in set_upstream
    self._set_relatives(task_or_task_list, upstream=True, edge_modifier=edge_modifier)
  File "/home/airflow/.local/lib/python3.12/site-packages/airflow/models/taskmixin.py", line 215, in _set_relatives
    task_object.update_relative(self, not upstream, edge_modifier=edge_modifier)
    ^^^^^^^^^^^^^^^^^^^^^^^^^^^
AttributeError: '_TaskDecorator' object has no attribute 'update_relative'
[2026-07-30T15:51:58.264+0000] {processor.py:927} WARNING - No viable dags retrieved from /opt/airflow/dags/invoice_data_pipeline_dag.py
[2026-07-30T15:51:58.308+0000] {processor.py:208} INFO - Processing /opt/airflow/dags/invoice_data_pipeline_dag.py took 0.513 seconds
[2026-07-30T15:52:28.651+0000] {processor.py:186} INFO - Started process (PID=287) to work on /opt/airflow/dags/invoice_data_pipeline_dag.py
[2026-07-30T15:52:28.654+0000] {processor.py:914} INFO - Processing file /opt/airflow/dags/invoice_data_pipeline_dag.py for tasks to queue
[2026-07-30T15:52:28.660+0000] {logging_mixin.py:190} INFO - [2026-07-30T15:52:28.659+0000] {dagbag.py:588} INFO - Filling up the DagBag from /opt/airflow/dags/invoice_data_pipeline_dag.py
[2026-07-30T15:52:29.387+0000] {logging_mixin.py:190} INFO - [2026-07-30T15:52:29.376+0000] {dagbag.py:387} ERROR - Failed to import: /opt/airflow/dags/invoice_data_pipeline_dag.py
Traceback (most recent call last):
  File "/home/airflow/.local/lib/python3.12/site-packages/airflow/models/dagbag.py", line 383, in parse
    loader.exec_module(new_module)
  File "<frozen importlib._bootstrap_external>", line 995, in exec_module
  File "<frozen importlib._bootstrap>", line 488, in _call_with_frames_removed
  File "/opt/airflow/dags/invoice_data_pipeline_dag.py", line 84, in <module>
    invoice_pipeline()
  File "/home/airflow/.local/lib/python3.12/site-packages/airflow/models/dag.py", line 4307, in factory
    f(**f_kwargs)
  File "/opt/airflow/dags/invoice_data_pipeline_dag.py", line 78, in invoice_pipeline
    create_tables_task >> extracted
    ~~~~~~~~~~~~~~~~~~~^^~~~~~~~~~~
  File "/home/airflow/.local/lib/python3.12/site-packages/airflow/models/taskmixin.py", line 109, in __rrshift__
    self.__lshift__(other)
  File "/home/airflow/.local/lib/python3.12/site-packages/airflow/models/taskmixin.py", line 99, in __lshift__
    self.set_upstream(other)
  File "/home/airflow/.local/lib/python3.12/site-packages/airflow/models/xcom_arg.py", line 153, in set_upstream
    operator.set_upstream(task_or_task_list, edge_modifier)
  File "/home/airflow/.local/lib/python3.12/site-packages/airflow/models/taskmixin.py", line 271, in set_upstream
    self._set_relatives(task_or_task_list, upstream=True, edge_modifier=edge_modifier)
  File "/home/airflow/.local/lib/python3.12/site-packages/airflow/models/taskmixin.py", line 215, in _set_relatives
    task_object.update_relative(self, not upstream, edge_modifier=edge_modifier)
    ^^^^^^^^^^^^^^^^^^^^^^^^^^^
AttributeError: '_TaskDecorator' object has no attribute 'update_relative'
[2026-07-30T15:52:29.390+0000] {processor.py:927} WARNING - No viable dags retrieved from /opt/airflow/dags/invoice_data_pipeline_dag.py
[2026-07-30T15:52:29.455+0000] {processor.py:208} INFO - Processing /opt/airflow/dags/invoice_data_pipeline_dag.py took 0.820 seconds
[2026-07-30T15:52:59.771+0000] {processor.py:186} INFO - Started process (PID=293) to work on /opt/airflow/dags/invoice_data_pipeline_dag.py
[2026-07-30T15:52:59.773+0000] {processor.py:914} INFO - Processing file /opt/airflow/dags/invoice_data_pipeline_dag.py for tasks to queue
[2026-07-30T15:52:59.777+0000] {logging_mixin.py:190} INFO - [2026-07-30T15:52:59.777+0000] {dagbag.py:588} INFO - Filling up the DagBag from /opt/airflow/dags/invoice_data_pipeline_dag.py
[2026-07-30T15:53:00.176+0000] {logging_mixin.py:190} INFO - [2026-07-30T15:53:00.169+0000] {dagbag.py:387} ERROR - Failed to import: /opt/airflow/dags/invoice_data_pipeline_dag.py
Traceback (most recent call last):
  File "/home/airflow/.local/lib/python3.12/site-packages/airflow/models/dagbag.py", line 383, in parse
    loader.exec_module(new_module)
  File "<frozen importlib._bootstrap_external>", line 995, in exec_module
  File "<frozen importlib._bootstrap>", line 488, in _call_with_frames_removed
  File "/opt/airflow/dags/invoice_data_pipeline_dag.py", line 84, in <module>
    invoice_pipeline()
  File "/home/airflow/.local/lib/python3.12/site-packages/airflow/models/dag.py", line 4307, in factory
    f(**f_kwargs)
  File "/opt/airflow/dags/invoice_data_pipeline_dag.py", line 78, in invoice_pipeline
    create_tables_task >> extracted
    ~~~~~~~~~~~~~~~~~~~^^~~~~~~~~~~
  File "/home/airflow/.local/lib/python3.12/site-packages/airflow/models/taskmixin.py", line 109, in __rrshift__
    self.__lshift__(other)
  File "/home/airflow/.local/lib/python3.12/site-packages/airflow/models/taskmixin.py", line 99, in __lshift__
    self.set_upstream(other)
  File "/home/airflow/.local/lib/python3.12/site-packages/airflow/models/xcom_arg.py", line 153, in set_upstream
    operator.set_upstream(task_or_task_list, edge_modifier)
  File "/home/airflow/.local/lib/python3.12/site-packages/airflow/models/taskmixin.py", line 271, in set_upstream
    self._set_relatives(task_or_task_list, upstream=True, edge_modifier=edge_modifier)
  File "/home/airflow/.local/lib/python3.12/site-packages/airflow/models/taskmixin.py", line 215, in _set_relatives
    task_object.update_relative(self, not upstream, edge_modifier=edge_modifier)
    ^^^^^^^^^^^^^^^^^^^^^^^^^^^
AttributeError: '_TaskDecorator' object has no attribute 'update_relative'
[2026-07-30T15:53:00.179+0000] {processor.py:927} WARNING - No viable dags retrieved from /opt/airflow/dags/invoice_data_pipeline_dag.py
[2026-07-30T15:53:00.212+0000] {processor.py:208} INFO - Processing /opt/airflow/dags/invoice_data_pipeline_dag.py took 0.449 seconds
[2026-07-30T15:56:16.386+0000] {processor.py:186} INFO - Started process (PID=167) to work on /opt/airflow/dags/invoice_data_pipeline_dag.py
[2026-07-30T15:56:16.390+0000] {processor.py:914} INFO - Processing file /opt/airflow/dags/invoice_data_pipeline_dag.py for tasks to queue
[2026-07-30T15:56:16.393+0000] {logging_mixin.py:190} INFO - [2026-07-30T15:56:16.393+0000] {dagbag.py:588} INFO - Filling up the DagBag from /opt/airflow/dags/invoice_data_pipeline_dag.py
[2026-07-30T15:56:18.161+0000] {logging_mixin.py:190} INFO - [2026-07-30T15:56:18.152+0000] {dagbag.py:387} ERROR - Failed to import: /opt/airflow/dags/invoice_data_pipeline_dag.py
Traceback (most recent call last):
  File "/home/airflow/.local/lib/python3.12/site-packages/airflow/models/dagbag.py", line 383, in parse
    loader.exec_module(new_module)
  File "<frozen importlib._bootstrap_external>", line 995, in exec_module
  File "<frozen importlib._bootstrap>", line 488, in _call_with_frames_removed
  File "/opt/airflow/dags/invoice_data_pipeline_dag.py", line 84, in <module>
    invoice_pipeline()
  File "/home/airflow/.local/lib/python3.12/site-packages/airflow/models/dag.py", line 4307, in factory
    f(**f_kwargs)
  File "/opt/airflow/dags/invoice_data_pipeline_dag.py", line 78, in invoice_pipeline
    create_tables_task >> extracted
    ~~~~~~~~~~~~~~~~~~~^^~~~~~~~~~~
  File "/home/airflow/.local/lib/python3.12/site-packages/airflow/models/taskmixin.py", line 109, in __rrshift__
    self.__lshift__(other)
  File "/home/airflow/.local/lib/python3.12/site-packages/airflow/models/taskmixin.py", line 99, in __lshift__
    self.set_upstream(other)
  File "/home/airflow/.local/lib/python3.12/site-packages/airflow/models/xcom_arg.py", line 153, in set_upstream
    operator.set_upstream(task_or_task_list, edge_modifier)
  File "/home/airflow/.local/lib/python3.12/site-packages/airflow/models/taskmixin.py", line 271, in set_upstream
    self._set_relatives(task_or_task_list, upstream=True, edge_modifier=edge_modifier)
  File "/home/airflow/.local/lib/python3.12/site-packages/airflow/models/taskmixin.py", line 215, in _set_relatives
    task_object.update_relative(self, not upstream, edge_modifier=edge_modifier)
    ^^^^^^^^^^^^^^^^^^^^^^^^^^^
AttributeError: '_TaskDecorator' object has no attribute 'update_relative'
[2026-07-30T15:56:18.164+0000] {processor.py:927} WARNING - No viable dags retrieved from /opt/airflow/dags/invoice_data_pipeline_dag.py
[2026-07-30T15:56:18.191+0000] {processor.py:208} INFO - Processing /opt/airflow/dags/invoice_data_pipeline_dag.py took 1.817 seconds
[2026-07-30T15:56:48.561+0000] {processor.py:186} INFO - Started process (PID=173) to work on /opt/airflow/dags/invoice_data_pipeline_dag.py
[2026-07-30T15:56:48.564+0000] {processor.py:914} INFO - Processing file /opt/airflow/dags/invoice_data_pipeline_dag.py for tasks to queue
[2026-07-30T15:56:48.575+0000] {logging_mixin.py:190} INFO - [2026-07-30T15:56:48.574+0000] {dagbag.py:588} INFO - Filling up the DagBag from /opt/airflow/dags/invoice_data_pipeline_dag.py
[2026-07-30T15:56:49.558+0000] {logging_mixin.py:190} INFO - [2026-07-30T15:56:49.551+0000] {dagbag.py:387} ERROR - Failed to import: /opt/airflow/dags/invoice_data_pipeline_dag.py
Traceback (most recent call last):
  File "/home/airflow/.local/lib/python3.12/site-packages/airflow/models/dagbag.py", line 383, in parse
    loader.exec_module(new_module)
  File "<frozen importlib._bootstrap_external>", line 995, in exec_module
  File "<frozen importlib._bootstrap>", line 488, in _call_with_frames_removed
  File "/opt/airflow/dags/invoice_data_pipeline_dag.py", line 84, in <module>
    invoice_pipeline()
  File "/home/airflow/.local/lib/python3.12/site-packages/airflow/models/dag.py", line 4307, in factory
    f(**f_kwargs)
  File "/opt/airflow/dags/invoice_data_pipeline_dag.py", line 78, in invoice_pipeline
    create_tables_task >> extracted
    ~~~~~~~~~~~~~~~~~~~^^~~~~~~~~~~
  File "/home/airflow/.local/lib/python3.12/site-packages/airflow/models/taskmixin.py", line 109, in __rrshift__
    self.__lshift__(other)
  File "/home/airflow/.local/lib/python3.12/site-packages/airflow/models/taskmixin.py", line 99, in __lshift__
    self.set_upstream(other)
  File "/home/airflow/.local/lib/python3.12/site-packages/airflow/models/xcom_arg.py", line 153, in set_upstream
    operator.set_upstream(task_or_task_list, edge_modifier)
  File "/home/airflow/.local/lib/python3.12/site-packages/airflow/models/taskmixin.py", line 271, in set_upstream
    self._set_relatives(task_or_task_list, upstream=True, edge_modifier=edge_modifier)
  File "/home/airflow/.local/lib/python3.12/site-packages/airflow/models/taskmixin.py", line 215, in _set_relatives
    task_object.update_relative(self, not upstream, edge_modifier=edge_modifier)
    ^^^^^^^^^^^^^^^^^^^^^^^^^^^
AttributeError: '_TaskDecorator' object has no attribute 'update_relative'
[2026-07-30T15:56:49.561+0000] {processor.py:927} WARNING - No viable dags retrieved from /opt/airflow/dags/invoice_data_pipeline_dag.py
[2026-07-30T15:56:49.586+0000] {processor.py:208} INFO - Processing /opt/airflow/dags/invoice_data_pipeline_dag.py took 1.047 seconds
[2026-07-30T15:57:17.881+0000] {processor.py:186} INFO - Started process (PID=179) to work on /opt/airflow/dags/invoice_data_pipeline_dag.py
[2026-07-30T15:57:17.886+0000] {processor.py:914} INFO - Processing file /opt/airflow/dags/invoice_data_pipeline_dag.py for tasks to queue
[2026-07-30T15:57:17.904+0000] {logging_mixin.py:190} INFO - [2026-07-30T15:57:17.902+0000] {dagbag.py:588} INFO - Filling up the DagBag from /opt/airflow/dags/invoice_data_pipeline_dag.py
[2026-07-30T15:57:20.016+0000] {processor.py:925} INFO - DAG(s) 'invoice_data_pipeline' retrieved from /opt/airflow/dags/invoice_data_pipeline_dag.py
[2026-07-30T15:57:20.280+0000] {logging_mixin.py:190} INFO - [2026-07-30T15:57:20.280+0000] {dag.py:3239} INFO - Sync 1 DAGs
[2026-07-30T15:57:20.312+0000] {logging_mixin.py:190} INFO - [2026-07-30T15:57:20.312+0000] {dag.py:4180} INFO - Setting next_dagrun for invoice_data_pipeline to 2026-07-30 00:00:00+00:00, run_after=2026-07-31 00:00:00+00:00
[2026-07-30T15:57:20.348+0000] {processor.py:208} INFO - Processing /opt/airflow/dags/invoice_data_pipeline_dag.py took 2.513 seconds
[2026-07-30T15:57:50.702+0000] {processor.py:186} INFO - Started process (PID=217) to work on /opt/airflow/dags/invoice_data_pipeline_dag.py
[2026-07-30T15:57:50.705+0000] {processor.py:914} INFO - Processing file /opt/airflow/dags/invoice_data_pipeline_dag.py for tasks to queue
[2026-07-30T15:57:50.717+0000] {logging_mixin.py:190} INFO - [2026-07-30T15:57:50.716+0000] {dagbag.py:588} INFO - Filling up the DagBag from /opt/airflow/dags/invoice_data_pipeline_dag.py
[2026-07-30T15:57:52.255+0000] {processor.py:925} INFO - DAG(s) 'invoice_data_pipeline' retrieved from /opt/airflow/dags/invoice_data_pipeline_dag.py
[2026-07-30T15:57:52.352+0000] {logging_mixin.py:190} INFO - [2026-07-30T15:57:52.351+0000] {dag.py:3239} INFO - Sync 1 DAGs
[2026-07-30T15:57:52.392+0000] {logging_mixin.py:190} INFO - [2026-07-30T15:57:52.392+0000] {dag.py:4180} INFO - Setting next_dagrun for invoice_data_pipeline to 2026-07-30 00:00:00+00:00, run_after=2026-07-31 00:00:00+00:00
[2026-07-30T15:57:52.423+0000] {processor.py:208} INFO - Processing /opt/airflow/dags/invoice_data_pipeline_dag.py took 1.744 seconds
[2026-07-30T15:58:02.351+0000] {processor.py:186} INFO - Started process (PID=223) to work on /opt/airflow/dags/invoice_data_pipeline_dag.py
[2026-07-30T15:58:02.353+0000] {processor.py:914} INFO - Processing file /opt/airflow/dags/invoice_data_pipeline_dag.py for tasks to queue
[2026-07-30T15:58:02.357+0000] {logging_mixin.py:190} INFO - [2026-07-30T15:58:02.357+0000] {dagbag.py:588} INFO - Filling up the DagBag from /opt/airflow/dags/invoice_data_pipeline_dag.py
[2026-07-30T15:58:02.965+0000] {processor.py:925} INFO - DAG(s) 'invoice_data_pipeline' retrieved from /opt/airflow/dags/invoice_data_pipeline_dag.py
[2026-07-30T15:58:03.103+0000] {logging_mixin.py:190} INFO - [2026-07-30T15:58:03.103+0000] {dag.py:3239} INFO - Sync 1 DAGs
[2026-07-30T15:58:03.122+0000] {logging_mixin.py:190} INFO - [2026-07-30T15:58:03.122+0000] {dag.py:4180} INFO - Setting next_dagrun for invoice_data_pipeline to 2026-07-30 00:00:00+00:00, run_after=2026-07-31 00:00:00+00:00
[2026-07-30T15:58:03.147+0000] {processor.py:208} INFO - Processing /opt/airflow/dags/invoice_data_pipeline_dag.py took 0.804 seconds
[2026-07-30T15:58:13.410+0000] {processor.py:186} INFO - Started process (PID=229) to work on /opt/airflow/dags/invoice_data_pipeline_dag.py
[2026-07-30T15:58:13.420+0000] {processor.py:914} INFO - Processing file /opt/airflow/dags/invoice_data_pipeline_dag.py for tasks to queue
[2026-07-30T15:58:13.440+0000] {logging_mixin.py:190} INFO - [2026-07-30T15:58:13.437+0000] {dagbag.py:588} INFO - Filling up the DagBag from /opt/airflow/dags/invoice_data_pipeline_dag.py
[2026-07-30T15:58:16.602+0000] {processor.py:925} INFO - DAG(s) 'invoice_data_pipeline' retrieved from /opt/airflow/dags/invoice_data_pipeline_dag.py
[2026-07-30T15:58:16.715+0000] {logging_mixin.py:190} INFO - [2026-07-30T15:58:16.714+0000] {dag.py:3239} INFO - Sync 1 DAGs
[2026-07-30T15:58:16.791+0000] {logging_mixin.py:190} INFO - [2026-07-30T15:58:16.791+0000] {dag.py:4180} INFO - Setting next_dagrun for invoice_data_pipeline to 2026-07-30 00:00:00+00:00, run_after=2026-07-31 00:00:00+00:00
[2026-07-30T15:58:16.837+0000] {processor.py:208} INFO - Processing /opt/airflow/dags/invoice_data_pipeline_dag.py took 3.474 seconds
[2026-07-30T15:58:47.397+0000] {processor.py:186} INFO - Started process (PID=239) to work on /opt/airflow/dags/invoice_data_pipeline_dag.py
[2026-07-30T15:58:47.410+0000] {processor.py:914} INFO - Processing file /opt/airflow/dags/invoice_data_pipeline_dag.py for tasks to queue
[2026-07-30T15:58:47.437+0000] {logging_mixin.py:190} INFO - [2026-07-30T15:58:47.435+0000] {dagbag.py:588} INFO - Filling up the DagBag from /opt/airflow/dags/invoice_data_pipeline_dag.py
[2026-07-30T15:58:49.019+0000] {processor.py:925} INFO - DAG(s) 'invoice_data_pipeline' retrieved from /opt/airflow/dags/invoice_data_pipeline_dag.py
[2026-07-30T15:58:49.302+0000] {logging_mixin.py:190} INFO - [2026-07-30T15:58:49.301+0000] {dag.py:3239} INFO - Sync 1 DAGs
[2026-07-30T15:58:49.366+0000] {logging_mixin.py:190} INFO - [2026-07-30T15:58:49.365+0000] {dag.py:4180} INFO - Setting next_dagrun for invoice_data_pipeline to 2026-07-30 00:00:00+00:00, run_after=2026-07-31 00:00:00+00:00
[2026-07-30T15:58:49.407+0000] {processor.py:208} INFO - Processing /opt/airflow/dags/invoice_data_pipeline_dag.py took 2.139 seconds
[2026-07-30T15:59:19.692+0000] {processor.py:186} INFO - Started process (PID=257) to work on /opt/airflow/dags/invoice_data_pipeline_dag.py
[2026-07-30T15:59:19.697+0000] {processor.py:914} INFO - Processing file /opt/airflow/dags/invoice_data_pipeline_dag.py for tasks to queue
[2026-07-30T15:59:19.717+0000] {logging_mixin.py:190} INFO - [2026-07-30T15:59:19.713+0000] {dagbag.py:588} INFO - Filling up the DagBag from /opt/airflow/dags/invoice_data_pipeline_dag.py
[2026-07-30T15:59:22.614+0000] {processor.py:925} INFO - DAG(s) 'invoice_data_pipeline' retrieved from /opt/airflow/dags/invoice_data_pipeline_dag.py
[2026-07-30T15:59:22.728+0000] {logging_mixin.py:190} INFO - [2026-07-30T15:59:22.727+0000] {dag.py:3239} INFO - Sync 1 DAGs
[2026-07-30T15:59:22.758+0000] {logging_mixin.py:190} INFO - [2026-07-30T15:59:22.758+0000] {dag.py:4180} INFO - Setting next_dagrun for invoice_data_pipeline to 2026-07-30 00:00:00+00:00, run_after=2026-07-31 00:00:00+00:00
[2026-07-30T15:59:22.786+0000] {processor.py:208} INFO - Processing /opt/airflow/dags/invoice_data_pipeline_dag.py took 3.135 seconds
[2026-07-30T15:59:53.023+0000] {processor.py:186} INFO - Started process (PID=271) to work on /opt/airflow/dags/invoice_data_pipeline_dag.py
[2026-07-30T15:59:53.025+0000] {processor.py:914} INFO - Processing file /opt/airflow/dags/invoice_data_pipeline_dag.py for tasks to queue
[2026-07-30T15:59:53.033+0000] {logging_mixin.py:190} INFO - [2026-07-30T15:59:53.032+0000] {dagbag.py:588} INFO - Filling up the DagBag from /opt/airflow/dags/invoice_data_pipeline_dag.py
[2026-07-30T15:59:53.720+0000] {logging_mixin.py:190} INFO - [CRATE TABLE PIPELINE] Could not create table to Postgres at 'postgres:5432/airflow'. Check if the container is up. Details: (psycopg2.OperationalError) connection to server at "localhost" (::1), port 5432 failed: Connection refused
	Is the server running on that host and accepting TCP/IP connections?
connection to server at "localhost" (127.0.0.1), port 5432 failed: Connection refused
	Is the server running on that host and accepting TCP/IP connections?

(Background on this error at: https://sqlalche.me/e/14/e3q8)
[2026-07-30T15:59:53.738+0000] {logging_mixin.py:190} INFO - [2026-07-30T15:59:53.721+0000] {dagbag.py:387} ERROR - Failed to import: /opt/airflow/dags/invoice_data_pipeline_dag.py
Traceback (most recent call last):
  File "/home/airflow/.local/lib/python3.12/site-packages/sqlalchemy/engine/base.py", line 3371, in _wrap_pool_connect
    return fn()
           ^^^^
  File "/home/airflow/.local/lib/python3.12/site-packages/sqlalchemy/pool/base.py", line 327, in connect
    return _ConnectionFairy._checkout(self)
           ^^^^^^^^^^^^^^^^^^^^^^^^^^^^^^^^
  File "/home/airflow/.local/lib/python3.12/site-packages/sqlalchemy/pool/base.py", line 894, in _checkout
    fairy = _ConnectionRecord.checkout(pool)
            ^^^^^^^^^^^^^^^^^^^^^^^^^^^^^^^^
  File "/home/airflow/.local/lib/python3.12/site-packages/sqlalchemy/pool/base.py", line 493, in checkout
    rec = pool._do_get()
          ^^^^^^^^^^^^^^
  File "/home/airflow/.local/lib/python3.12/site-packages/sqlalchemy/pool/impl.py", line 145, in _do_get
    with util.safe_reraise():
         ^^^^^^^^^^^^^^^^^^^
  File "/home/airflow/.local/lib/python3.12/site-packages/sqlalchemy/util/langhelpers.py", line 70, in __exit__
    compat.raise_(
  File "/home/airflow/.local/lib/python3.12/site-packages/sqlalchemy/util/compat.py", line 211, in raise_
    raise exception
  File "/home/airflow/.local/lib/python3.12/site-packages/sqlalchemy/pool/impl.py", line 143, in _do_get
    return self._create_connection()
           ^^^^^^^^^^^^^^^^^^^^^^^^^
  File "/home/airflow/.local/lib/python3.12/site-packages/sqlalchemy/pool/base.py", line 273, in _create_connection
    return _ConnectionRecord(self)
           ^^^^^^^^^^^^^^^^^^^^^^^
  File "/home/airflow/.local/lib/python3.12/site-packages/sqlalchemy/pool/base.py", line 388, in __init__
    self.__connect()
  File "/home/airflow/.local/lib/python3.12/site-packages/sqlalchemy/pool/base.py", line 690, in __connect
    with util.safe_reraise():
         ^^^^^^^^^^^^^^^^^^^
  File "/home/airflow/.local/lib/python3.12/site-packages/sqlalchemy/util/langhelpers.py", line 70, in __exit__
    compat.raise_(
  File "/home/airflow/.local/lib/python3.12/site-packages/sqlalchemy/util/compat.py", line 211, in raise_
    raise exception
  File "/home/airflow/.local/lib/python3.12/site-packages/sqlalchemy/pool/base.py", line 686, in __connect
    self.dbapi_connection = connection = pool._invoke_creator(self)
                                         ^^^^^^^^^^^^^^^^^^^^^^^^^^
  File "/home/airflow/.local/lib/python3.12/site-packages/sqlalchemy/engine/create.py", line 574, in connect
    return dialect.connect(*cargs, **cparams)
           ^^^^^^^^^^^^^^^^^^^^^^^^^^^^^^^^^^
  File "/home/airflow/.local/lib/python3.12/site-packages/sqlalchemy/engine/default.py", line 598, in connect
    return self.dbapi.connect(*cargs, **cparams)
           ^^^^^^^^^^^^^^^^^^^^^^^^^^^^^^^^^^^^^
  File "/home/airflow/.local/lib/python3.12/site-packages/psycopg2/__init__.py", line 122, in connect
    conn = _connect(dsn, connection_factory=connection_factory, **kwasync)
           ^^^^^^^^^^^^^^^^^^^^^^^^^^^^^^^^^^^^^^^^^^^^^^^^^^^^^^^^^^^^^^^
psycopg2.OperationalError: connection to server at "localhost" (::1), port 5432 failed: Connection refused
	Is the server running on that host and accepting TCP/IP connections?
connection to server at "localhost" (127.0.0.1), port 5432 failed: Connection refused
	Is the server running on that host and accepting TCP/IP connections?


The above exception was the direct cause of the following exception:

Traceback (most recent call last):
  File "/home/airflow/.local/lib/python3.12/site-packages/airflow/models/dagbag.py", line 383, in parse
    loader.exec_module(new_module)
  File "<frozen importlib._bootstrap_external>", line 995, in exec_module
  File "<frozen importlib._bootstrap>", line 488, in _call_with_frames_removed
  File "/opt/airflow/dags/invoice_data_pipeline_dag.py", line 11, in <module>
    from database.init_db import create_tables
  File "/opt/airflow/dags/database/init_db.py", line 21, in <module>
    create_tables()
  File "/opt/airflow/dags/database/init_db.py", line 11, in create_tables
    with engine.begin() as conn:
         ^^^^^^^^^^^^^^
  File "/home/airflow/.local/lib/python3.12/site-packages/sqlalchemy/engine/base.py", line 3153, in begin
    conn = self.connect(close_with_result=close_with_result)
           ^^^^^^^^^^^^^^^^^^^^^^^^^^^^^^^^^^^^^^^^^^^^^^^^^
  File "/home/airflow/.local/lib/python3.12/site-packages/sqlalchemy/engine/base.py", line 3325, in connect
    return self._connection_cls(self, close_with_result=close_with_result)
           ^^^^^^^^^^^^^^^^^^^^^^^^^^^^^^^^^^^^^^^^^^^^^^^^^^^^^^^^^^^^^^^
  File "/home/airflow/.local/lib/python3.12/site-packages/sqlalchemy/engine/base.py", line 96, in __init__
    else engine.raw_connection()
         ^^^^^^^^^^^^^^^^^^^^^^^
  File "/home/airflow/.local/lib/python3.12/site-packages/sqlalchemy/engine/base.py", line 3404, in raw_connection
    return self._wrap_pool_connect(self.pool.connect, _connection)
           ^^^^^^^^^^^^^^^^^^^^^^^^^^^^^^^^^^^^^^^^^^^^^^^^^^^^^^^
  File "/home/airflow/.local/lib/python3.12/site-packages/sqlalchemy/engine/base.py", line 3374, in _wrap_pool_connect
    Connection._handle_dbapi_exception_noconnection(
  File "/home/airflow/.local/lib/python3.12/site-packages/sqlalchemy/engine/base.py", line 2208, in _handle_dbapi_exception_noconnection
    util.raise_(
  File "/home/airflow/.local/lib/python3.12/site-packages/sqlalchemy/util/compat.py", line 211, in raise_
    raise exception
  File "/home/airflow/.local/lib/python3.12/site-packages/sqlalchemy/engine/base.py", line 3371, in _wrap_pool_connect
    return fn()
           ^^^^
  File "/home/airflow/.local/lib/python3.12/site-packages/sqlalchemy/pool/base.py", line 327, in connect
    return _ConnectionFairy._checkout(self)
           ^^^^^^^^^^^^^^^^^^^^^^^^^^^^^^^^
  File "/home/airflow/.local/lib/python3.12/site-packages/sqlalchemy/pool/base.py", line 894, in _checkout
    fairy = _ConnectionRecord.checkout(pool)
            ^^^^^^^^^^^^^^^^^^^^^^^^^^^^^^^^
  File "/home/airflow/.local/lib/python3.12/site-packages/sqlalchemy/pool/base.py", line 493, in checkout
    rec = pool._do_get()
          ^^^^^^^^^^^^^^
  File "/home/airflow/.local/lib/python3.12/site-packages/sqlalchemy/pool/impl.py", line 145, in _do_get
    with util.safe_reraise():
         ^^^^^^^^^^^^^^^^^^^
  File "/home/airflow/.local/lib/python3.12/site-packages/sqlalchemy/util/langhelpers.py", line 70, in __exit__
    compat.raise_(
  File "/home/airflow/.local/lib/python3.12/site-packages/sqlalchemy/util/compat.py", line 211, in raise_
    raise exception
  File "/home/airflow/.local/lib/python3.12/site-packages/sqlalchemy/pool/impl.py", line 143, in _do_get
    return self._create_connection()
           ^^^^^^^^^^^^^^^^^^^^^^^^^
  File "/home/airflow/.local/lib/python3.12/site-packages/sqlalchemy/pool/base.py", line 273, in _create_connection
    return _ConnectionRecord(self)
           ^^^^^^^^^^^^^^^^^^^^^^^
  File "/home/airflow/.local/lib/python3.12/site-packages/sqlalchemy/pool/base.py", line 388, in __init__
    self.__connect()
  File "/home/airflow/.local/lib/python3.12/site-packages/sqlalchemy/pool/base.py", line 690, in __connect
    with util.safe_reraise():
         ^^^^^^^^^^^^^^^^^^^
  File "/home/airflow/.local/lib/python3.12/site-packages/sqlalchemy/util/langhelpers.py", line 70, in __exit__
    compat.raise_(
  File "/home/airflow/.local/lib/python3.12/site-packages/sqlalchemy/util/compat.py", line 211, in raise_
    raise exception
  File "/home/airflow/.local/lib/python3.12/site-packages/sqlalchemy/pool/base.py", line 686, in __connect
    self.dbapi_connection = connection = pool._invoke_creator(self)
                                         ^^^^^^^^^^^^^^^^^^^^^^^^^^
  File "/home/airflow/.local/lib/python3.12/site-packages/sqlalchemy/engine/create.py", line 574, in connect
    return dialect.connect(*cargs, **cparams)
           ^^^^^^^^^^^^^^^^^^^^^^^^^^^^^^^^^^
  File "/home/airflow/.local/lib/python3.12/site-packages/sqlalchemy/engine/default.py", line 598, in connect
    return self.dbapi.connect(*cargs, **cparams)
           ^^^^^^^^^^^^^^^^^^^^^^^^^^^^^^^^^^^^^
  File "/home/airflow/.local/lib/python3.12/site-packages/psycopg2/__init__.py", line 122, in connect
    conn = _connect(dsn, connection_factory=connection_factory, **kwasync)
           ^^^^^^^^^^^^^^^^^^^^^^^^^^^^^^^^^^^^^^^^^^^^^^^^^^^^^^^^^^^^^^^
sqlalchemy.exc.OperationalError: (psycopg2.OperationalError) connection to server at "localhost" (::1), port 5432 failed: Connection refused
	Is the server running on that host and accepting TCP/IP connections?
connection to server at "localhost" (127.0.0.1), port 5432 failed: Connection refused
	Is the server running on that host and accepting TCP/IP connections?

(Background on this error at: https://sqlalche.me/e/14/e3q8)
[2026-07-30T15:59:53.741+0000] {processor.py:927} WARNING - No viable dags retrieved from /opt/airflow/dags/invoice_data_pipeline_dag.py
[2026-07-30T15:59:53.776+0000] {processor.py:208} INFO - Processing /opt/airflow/dags/invoice_data_pipeline_dag.py took 0.766 seconds
[2026-07-30T16:00:24.346+0000] {processor.py:186} INFO - Started process (PID=281) to work on /opt/airflow/dags/invoice_data_pipeline_dag.py
[2026-07-30T16:00:24.353+0000] {processor.py:914} INFO - Processing file /opt/airflow/dags/invoice_data_pipeline_dag.py for tasks to queue
[2026-07-30T16:00:24.376+0000] {logging_mixin.py:190} INFO - [2026-07-30T16:00:24.370+0000] {dagbag.py:588} INFO - Filling up the DagBag from /opt/airflow/dags/invoice_data_pipeline_dag.py
[2026-07-30T16:00:27.098+0000] {logging_mixin.py:190} INFO - [CRATE TABLE PIPELINE] Could not create table to Postgres at 'postgres:5432/airflow'. Check if the container is up. Details: (psycopg2.OperationalError) connection to server at "localhost" (::1), port 5432 failed: Connection refused
	Is the server running on that host and accepting TCP/IP connections?
connection to server at "localhost" (127.0.0.1), port 5432 failed: Connection refused
	Is the server running on that host and accepting TCP/IP connections?

(Background on this error at: https://sqlalche.me/e/14/e3q8)
[2026-07-30T16:00:27.128+0000] {logging_mixin.py:190} INFO - [2026-07-30T16:00:27.101+0000] {dagbag.py:387} ERROR - Failed to import: /opt/airflow/dags/invoice_data_pipeline_dag.py
Traceback (most recent call last):
  File "/home/airflow/.local/lib/python3.12/site-packages/sqlalchemy/engine/base.py", line 3371, in _wrap_pool_connect
    return fn()
           ^^^^
  File "/home/airflow/.local/lib/python3.12/site-packages/sqlalchemy/pool/base.py", line 327, in connect
    return _ConnectionFairy._checkout(self)
           ^^^^^^^^^^^^^^^^^^^^^^^^^^^^^^^^
  File "/home/airflow/.local/lib/python3.12/site-packages/sqlalchemy/pool/base.py", line 894, in _checkout
    fairy = _ConnectionRecord.checkout(pool)
            ^^^^^^^^^^^^^^^^^^^^^^^^^^^^^^^^
  File "/home/airflow/.local/lib/python3.12/site-packages/sqlalchemy/pool/base.py", line 493, in checkout
    rec = pool._do_get()
          ^^^^^^^^^^^^^^
  File "/home/airflow/.local/lib/python3.12/site-packages/sqlalchemy/pool/impl.py", line 145, in _do_get
    with util.safe_reraise():
         ^^^^^^^^^^^^^^^^^^^
  File "/home/airflow/.local/lib/python3.12/site-packages/sqlalchemy/util/langhelpers.py", line 70, in __exit__
    compat.raise_(
  File "/home/airflow/.local/lib/python3.12/site-packages/sqlalchemy/util/compat.py", line 211, in raise_
    raise exception
  File "/home/airflow/.local/lib/python3.12/site-packages/sqlalchemy/pool/impl.py", line 143, in _do_get
    return self._create_connection()
           ^^^^^^^^^^^^^^^^^^^^^^^^^
  File "/home/airflow/.local/lib/python3.12/site-packages/sqlalchemy/pool/base.py", line 273, in _create_connection
    return _ConnectionRecord(self)
           ^^^^^^^^^^^^^^^^^^^^^^^
  File "/home/airflow/.local/lib/python3.12/site-packages/sqlalchemy/pool/base.py", line 388, in __init__
    self.__connect()
  File "/home/airflow/.local/lib/python3.12/site-packages/sqlalchemy/pool/base.py", line 690, in __connect
    with util.safe_reraise():
         ^^^^^^^^^^^^^^^^^^^
  File "/home/airflow/.local/lib/python3.12/site-packages/sqlalchemy/util/langhelpers.py", line 70, in __exit__
    compat.raise_(
  File "/home/airflow/.local/lib/python3.12/site-packages/sqlalchemy/util/compat.py", line 211, in raise_
    raise exception
  File "/home/airflow/.local/lib/python3.12/site-packages/sqlalchemy/pool/base.py", line 686, in __connect
    self.dbapi_connection = connection = pool._invoke_creator(self)
                                         ^^^^^^^^^^^^^^^^^^^^^^^^^^
  File "/home/airflow/.local/lib/python3.12/site-packages/sqlalchemy/engine/create.py", line 574, in connect
    return dialect.connect(*cargs, **cparams)
           ^^^^^^^^^^^^^^^^^^^^^^^^^^^^^^^^^^
  File "/home/airflow/.local/lib/python3.12/site-packages/sqlalchemy/engine/default.py", line 598, in connect
    return self.dbapi.connect(*cargs, **cparams)
           ^^^^^^^^^^^^^^^^^^^^^^^^^^^^^^^^^^^^^
  File "/home/airflow/.local/lib/python3.12/site-packages/psycopg2/__init__.py", line 122, in connect
    conn = _connect(dsn, connection_factory=connection_factory, **kwasync)
           ^^^^^^^^^^^^^^^^^^^^^^^^^^^^^^^^^^^^^^^^^^^^^^^^^^^^^^^^^^^^^^^
psycopg2.OperationalError: connection to server at "localhost" (::1), port 5432 failed: Connection refused
	Is the server running on that host and accepting TCP/IP connections?
connection to server at "localhost" (127.0.0.1), port 5432 failed: Connection refused
	Is the server running on that host and accepting TCP/IP connections?


The above exception was the direct cause of the following exception:

Traceback (most recent call last):
  File "/home/airflow/.local/lib/python3.12/site-packages/airflow/models/dagbag.py", line 383, in parse
    loader.exec_module(new_module)
  File "<frozen importlib._bootstrap_external>", line 995, in exec_module
  File "<frozen importlib._bootstrap>", line 488, in _call_with_frames_removed
  File "/opt/airflow/dags/invoice_data_pipeline_dag.py", line 11, in <module>
    from database.init_db import create_tables
  File "/opt/airflow/dags/database/init_db.py", line 21, in <module>
    create_tables()
  File "/opt/airflow/dags/database/init_db.py", line 11, in create_tables
    with engine.begin() as conn:
         ^^^^^^^^^^^^^^
  File "/home/airflow/.local/lib/python3.12/site-packages/sqlalchemy/engine/base.py", line 3153, in begin
    conn = self.connect(close_with_result=close_with_result)
           ^^^^^^^^^^^^^^^^^^^^^^^^^^^^^^^^^^^^^^^^^^^^^^^^^
  File "/home/airflow/.local/lib/python3.12/site-packages/sqlalchemy/engine/base.py", line 3325, in connect
    return self._connection_cls(self, close_with_result=close_with_result)
           ^^^^^^^^^^^^^^^^^^^^^^^^^^^^^^^^^^^^^^^^^^^^^^^^^^^^^^^^^^^^^^^
  File "/home/airflow/.local/lib/python3.12/site-packages/sqlalchemy/engine/base.py", line 96, in __init__
    else engine.raw_connection()
         ^^^^^^^^^^^^^^^^^^^^^^^
  File "/home/airflow/.local/lib/python3.12/site-packages/sqlalchemy/engine/base.py", line 3404, in raw_connection
    return self._wrap_pool_connect(self.pool.connect, _connection)
           ^^^^^^^^^^^^^^^^^^^^^^^^^^^^^^^^^^^^^^^^^^^^^^^^^^^^^^^
  File "/home/airflow/.local/lib/python3.12/site-packages/sqlalchemy/engine/base.py", line 3374, in _wrap_pool_connect
    Connection._handle_dbapi_exception_noconnection(
  File "/home/airflow/.local/lib/python3.12/site-packages/sqlalchemy/engine/base.py", line 2208, in _handle_dbapi_exception_noconnection
    util.raise_(
  File "/home/airflow/.local/lib/python3.12/site-packages/sqlalchemy/util/compat.py", line 211, in raise_
    raise exception
  File "/home/airflow/.local/lib/python3.12/site-packages/sqlalchemy/engine/base.py", line 3371, in _wrap_pool_connect
    return fn()
           ^^^^
  File "/home/airflow/.local/lib/python3.12/site-packages/sqlalchemy/pool/base.py", line 327, in connect
    return _ConnectionFairy._checkout(self)
           ^^^^^^^^^^^^^^^^^^^^^^^^^^^^^^^^
  File "/home/airflow/.local/lib/python3.12/site-packages/sqlalchemy/pool/base.py", line 894, in _checkout
    fairy = _ConnectionRecord.checkout(pool)
            ^^^^^^^^^^^^^^^^^^^^^^^^^^^^^^^^
  File "/home/airflow/.local/lib/python3.12/site-packages/sqlalchemy/pool/base.py", line 493, in checkout
    rec = pool._do_get()
          ^^^^^^^^^^^^^^
  File "/home/airflow/.local/lib/python3.12/site-packages/sqlalchemy/pool/impl.py", line 145, in _do_get
    with util.safe_reraise():
         ^^^^^^^^^^^^^^^^^^^
  File "/home/airflow/.local/lib/python3.12/site-packages/sqlalchemy/util/langhelpers.py", line 70, in __exit__
    compat.raise_(
  File "/home/airflow/.local/lib/python3.12/site-packages/sqlalchemy/util/compat.py", line 211, in raise_
    raise exception
  File "/home/airflow/.local/lib/python3.12/site-packages/sqlalchemy/pool/impl.py", line 143, in _do_get
    return self._create_connection()
           ^^^^^^^^^^^^^^^^^^^^^^^^^
  File "/home/airflow/.local/lib/python3.12/site-packages/sqlalchemy/pool/base.py", line 273, in _create_connection
    return _ConnectionRecord(self)
           ^^^^^^^^^^^^^^^^^^^^^^^
  File "/home/airflow/.local/lib/python3.12/site-packages/sqlalchemy/pool/base.py", line 388, in __init__
    self.__connect()
  File "/home/airflow/.local/lib/python3.12/site-packages/sqlalchemy/pool/base.py", line 690, in __connect
    with util.safe_reraise():
         ^^^^^^^^^^^^^^^^^^^
  File "/home/airflow/.local/lib/python3.12/site-packages/sqlalchemy/util/langhelpers.py", line 70, in __exit__
    compat.raise_(
  File "/home/airflow/.local/lib/python3.12/site-packages/sqlalchemy/util/compat.py", line 211, in raise_
    raise exception
  File "/home/airflow/.local/lib/python3.12/site-packages/sqlalchemy/pool/base.py", line 686, in __connect
    self.dbapi_connection = connection = pool._invoke_creator(self)
                                         ^^^^^^^^^^^^^^^^^^^^^^^^^^
  File "/home/airflow/.local/lib/python3.12/site-packages/sqlalchemy/engine/create.py", line 574, in connect
    return dialect.connect(*cargs, **cparams)
           ^^^^^^^^^^^^^^^^^^^^^^^^^^^^^^^^^^
  File "/home/airflow/.local/lib/python3.12/site-packages/sqlalchemy/engine/default.py", line 598, in connect
    return self.dbapi.connect(*cargs, **cparams)
           ^^^^^^^^^^^^^^^^^^^^^^^^^^^^^^^^^^^^^
  File "/home/airflow/.local/lib/python3.12/site-packages/psycopg2/__init__.py", line 122, in connect
    conn = _connect(dsn, connection_factory=connection_factory, **kwasync)
           ^^^^^^^^^^^^^^^^^^^^^^^^^^^^^^^^^^^^^^^^^^^^^^^^^^^^^^^^^^^^^^^
sqlalchemy.exc.OperationalError: (psycopg2.OperationalError) connection to server at "localhost" (::1), port 5432 failed: Connection refused
	Is the server running on that host and accepting TCP/IP connections?
connection to server at "localhost" (127.0.0.1), port 5432 failed: Connection refused
	Is the server running on that host and accepting TCP/IP connections?

(Background on this error at: https://sqlalche.me/e/14/e3q8)
[2026-07-30T16:00:27.132+0000] {processor.py:927} WARNING - No viable dags retrieved from /opt/airflow/dags/invoice_data_pipeline_dag.py
[2026-07-30T16:00:27.270+0000] {processor.py:208} INFO - Processing /opt/airflow/dags/invoice_data_pipeline_dag.py took 2.990 seconds
[2026-07-30T16:00:49.480+0000] {processor.py:186} INFO - Started process (PID=289) to work on /opt/airflow/dags/invoice_data_pipeline_dag.py
[2026-07-30T16:00:49.483+0000] {processor.py:914} INFO - Processing file /opt/airflow/dags/invoice_data_pipeline_dag.py for tasks to queue
[2026-07-30T16:00:49.492+0000] {logging_mixin.py:190} INFO - [2026-07-30T16:00:49.491+0000] {dagbag.py:588} INFO - Filling up the DagBag from /opt/airflow/dags/invoice_data_pipeline_dag.py
[2026-07-30T16:00:50.161+0000] {logging_mixin.py:190} INFO - [CRATE TABLE PIPELINE] Could not create table to Postgres at 'postgres:5432/airflow'. Check if the container is up. Details: (psycopg2.OperationalError) connection to server at "localhost" (::1), port 5432 failed: Connection refused
	Is the server running on that host and accepting TCP/IP connections?
connection to server at "localhost" (127.0.0.1), port 5432 failed: Connection refused
	Is the server running on that host and accepting TCP/IP connections?

(Background on this error at: https://sqlalche.me/e/14/e3q8)
[2026-07-30T16:00:50.173+0000] {logging_mixin.py:190} INFO - [2026-07-30T16:00:50.162+0000] {dagbag.py:387} ERROR - Failed to import: /opt/airflow/dags/invoice_data_pipeline_dag.py
Traceback (most recent call last):
  File "/home/airflow/.local/lib/python3.12/site-packages/sqlalchemy/engine/base.py", line 3371, in _wrap_pool_connect
    return fn()
           ^^^^
  File "/home/airflow/.local/lib/python3.12/site-packages/sqlalchemy/pool/base.py", line 327, in connect
    return _ConnectionFairy._checkout(self)
           ^^^^^^^^^^^^^^^^^^^^^^^^^^^^^^^^
  File "/home/airflow/.local/lib/python3.12/site-packages/sqlalchemy/pool/base.py", line 894, in _checkout
    fairy = _ConnectionRecord.checkout(pool)
            ^^^^^^^^^^^^^^^^^^^^^^^^^^^^^^^^
  File "/home/airflow/.local/lib/python3.12/site-packages/sqlalchemy/pool/base.py", line 493, in checkout
    rec = pool._do_get()
          ^^^^^^^^^^^^^^
  File "/home/airflow/.local/lib/python3.12/site-packages/sqlalchemy/pool/impl.py", line 145, in _do_get
    with util.safe_reraise():
         ^^^^^^^^^^^^^^^^^^^
  File "/home/airflow/.local/lib/python3.12/site-packages/sqlalchemy/util/langhelpers.py", line 70, in __exit__
    compat.raise_(
  File "/home/airflow/.local/lib/python3.12/site-packages/sqlalchemy/util/compat.py", line 211, in raise_
    raise exception
  File "/home/airflow/.local/lib/python3.12/site-packages/sqlalchemy/pool/impl.py", line 143, in _do_get
    return self._create_connection()
           ^^^^^^^^^^^^^^^^^^^^^^^^^
  File "/home/airflow/.local/lib/python3.12/site-packages/sqlalchemy/pool/base.py", line 273, in _create_connection
    return _ConnectionRecord(self)
           ^^^^^^^^^^^^^^^^^^^^^^^
  File "/home/airflow/.local/lib/python3.12/site-packages/sqlalchemy/pool/base.py", line 388, in __init__
    self.__connect()
  File "/home/airflow/.local/lib/python3.12/site-packages/sqlalchemy/pool/base.py", line 690, in __connect
    with util.safe_reraise():
         ^^^^^^^^^^^^^^^^^^^
  File "/home/airflow/.local/lib/python3.12/site-packages/sqlalchemy/util/langhelpers.py", line 70, in __exit__
    compat.raise_(
  File "/home/airflow/.local/lib/python3.12/site-packages/sqlalchemy/util/compat.py", line 211, in raise_
    raise exception
  File "/home/airflow/.local/lib/python3.12/site-packages/sqlalchemy/pool/base.py", line 686, in __connect
    self.dbapi_connection = connection = pool._invoke_creator(self)
                                         ^^^^^^^^^^^^^^^^^^^^^^^^^^
  File "/home/airflow/.local/lib/python3.12/site-packages/sqlalchemy/engine/create.py", line 574, in connect
    return dialect.connect(*cargs, **cparams)
           ^^^^^^^^^^^^^^^^^^^^^^^^^^^^^^^^^^
  File "/home/airflow/.local/lib/python3.12/site-packages/sqlalchemy/engine/default.py", line 598, in connect
    return self.dbapi.connect(*cargs, **cparams)
           ^^^^^^^^^^^^^^^^^^^^^^^^^^^^^^^^^^^^^
  File "/home/airflow/.local/lib/python3.12/site-packages/psycopg2/__init__.py", line 122, in connect
    conn = _connect(dsn, connection_factory=connection_factory, **kwasync)
           ^^^^^^^^^^^^^^^^^^^^^^^^^^^^^^^^^^^^^^^^^^^^^^^^^^^^^^^^^^^^^^^
psycopg2.OperationalError: connection to server at "localhost" (::1), port 5432 failed: Connection refused
	Is the server running on that host and accepting TCP/IP connections?
connection to server at "localhost" (127.0.0.1), port 5432 failed: Connection refused
	Is the server running on that host and accepting TCP/IP connections?


The above exception was the direct cause of the following exception:

Traceback (most recent call last):
  File "/home/airflow/.local/lib/python3.12/site-packages/airflow/models/dagbag.py", line 383, in parse
    loader.exec_module(new_module)
  File "<frozen importlib._bootstrap_external>", line 995, in exec_module
  File "<frozen importlib._bootstrap>", line 488, in _call_with_frames_removed
  File "/opt/airflow/dags/invoice_data_pipeline_dag.py", line 11, in <module>
    from database.init_db import create_tables
  File "/opt/airflow/dags/database/init_db.py", line 21, in <module>
    create_tables()
  File "/opt/airflow/dags/database/init_db.py", line 11, in create_tables
    with engine.begin() as conn:
         ^^^^^^^^^^^^^^
  File "/home/airflow/.local/lib/python3.12/site-packages/sqlalchemy/engine/base.py", line 3153, in begin
    conn = self.connect(close_with_result=close_with_result)
           ^^^^^^^^^^^^^^^^^^^^^^^^^^^^^^^^^^^^^^^^^^^^^^^^^
  File "/home/airflow/.local/lib/python3.12/site-packages/sqlalchemy/engine/base.py", line 3325, in connect
    return self._connection_cls(self, close_with_result=close_with_result)
           ^^^^^^^^^^^^^^^^^^^^^^^^^^^^^^^^^^^^^^^^^^^^^^^^^^^^^^^^^^^^^^^
  File "/home/airflow/.local/lib/python3.12/site-packages/sqlalchemy/engine/base.py", line 96, in __init__
    else engine.raw_connection()
         ^^^^^^^^^^^^^^^^^^^^^^^
  File "/home/airflow/.local/lib/python3.12/site-packages/sqlalchemy/engine/base.py", line 3404, in raw_connection
    return self._wrap_pool_connect(self.pool.connect, _connection)
           ^^^^^^^^^^^^^^^^^^^^^^^^^^^^^^^^^^^^^^^^^^^^^^^^^^^^^^^
  File "/home/airflow/.local/lib/python3.12/site-packages/sqlalchemy/engine/base.py", line 3374, in _wrap_pool_connect
    Connection._handle_dbapi_exception_noconnection(
  File "/home/airflow/.local/lib/python3.12/site-packages/sqlalchemy/engine/base.py", line 2208, in _handle_dbapi_exception_noconnection
    util.raise_(
  File "/home/airflow/.local/lib/python3.12/site-packages/sqlalchemy/util/compat.py", line 211, in raise_
    raise exception
  File "/home/airflow/.local/lib/python3.12/site-packages/sqlalchemy/engine/base.py", line 3371, in _wrap_pool_connect
    return fn()
           ^^^^
  File "/home/airflow/.local/lib/python3.12/site-packages/sqlalchemy/pool/base.py", line 327, in connect
    return _ConnectionFairy._checkout(self)
           ^^^^^^^^^^^^^^^^^^^^^^^^^^^^^^^^
  File "/home/airflow/.local/lib/python3.12/site-packages/sqlalchemy/pool/base.py", line 894, in _checkout
    fairy = _ConnectionRecord.checkout(pool)
            ^^^^^^^^^^^^^^^^^^^^^^^^^^^^^^^^
  File "/home/airflow/.local/lib/python3.12/site-packages/sqlalchemy/pool/base.py", line 493, in checkout
    rec = pool._do_get()
          ^^^^^^^^^^^^^^
  File "/home/airflow/.local/lib/python3.12/site-packages/sqlalchemy/pool/impl.py", line 145, in _do_get
    with util.safe_reraise():
         ^^^^^^^^^^^^^^^^^^^
  File "/home/airflow/.local/lib/python3.12/site-packages/sqlalchemy/util/langhelpers.py", line 70, in __exit__
    compat.raise_(
  File "/home/airflow/.local/lib/python3.12/site-packages/sqlalchemy/util/compat.py", line 211, in raise_
    raise exception
  File "/home/airflow/.local/lib/python3.12/site-packages/sqlalchemy/pool/impl.py", line 143, in _do_get
    return self._create_connection()
           ^^^^^^^^^^^^^^^^^^^^^^^^^
  File "/home/airflow/.local/lib/python3.12/site-packages/sqlalchemy/pool/base.py", line 273, in _create_connection
    return _ConnectionRecord(self)
           ^^^^^^^^^^^^^^^^^^^^^^^
  File "/home/airflow/.local/lib/python3.12/site-packages/sqlalchemy/pool/base.py", line 388, in __init__
    self.__connect()
  File "/home/airflow/.local/lib/python3.12/site-packages/sqlalchemy/pool/base.py", line 690, in __connect
    with util.safe_reraise():
         ^^^^^^^^^^^^^^^^^^^
  File "/home/airflow/.local/lib/python3.12/site-packages/sqlalchemy/util/langhelpers.py", line 70, in __exit__
    compat.raise_(
  File "/home/airflow/.local/lib/python3.12/site-packages/sqlalchemy/util/compat.py", line 211, in raise_
    raise exception
  File "/home/airflow/.local/lib/python3.12/site-packages/sqlalchemy/pool/base.py", line 686, in __connect
    self.dbapi_connection = connection = pool._invoke_creator(self)
                                         ^^^^^^^^^^^^^^^^^^^^^^^^^^
  File "/home/airflow/.local/lib/python3.12/site-packages/sqlalchemy/engine/create.py", line 574, in connect
    return dialect.connect(*cargs, **cparams)
           ^^^^^^^^^^^^^^^^^^^^^^^^^^^^^^^^^^
  File "/home/airflow/.local/lib/python3.12/site-packages/sqlalchemy/engine/default.py", line 598, in connect
    return self.dbapi.connect(*cargs, **cparams)
           ^^^^^^^^^^^^^^^^^^^^^^^^^^^^^^^^^^^^^
  File "/home/airflow/.local/lib/python3.12/site-packages/psycopg2/__init__.py", line 122, in connect
    conn = _connect(dsn, connection_factory=connection_factory, **kwasync)
           ^^^^^^^^^^^^^^^^^^^^^^^^^^^^^^^^^^^^^^^^^^^^^^^^^^^^^^^^^^^^^^^
sqlalchemy.exc.OperationalError: (psycopg2.OperationalError) connection to server at "localhost" (::1), port 5432 failed: Connection refused
	Is the server running on that host and accepting TCP/IP connections?
connection to server at "localhost" (127.0.0.1), port 5432 failed: Connection refused
	Is the server running on that host and accepting TCP/IP connections?

(Background on this error at: https://sqlalche.me/e/14/e3q8)
[2026-07-30T16:00:50.175+0000] {processor.py:927} WARNING - No viable dags retrieved from /opt/airflow/dags/invoice_data_pipeline_dag.py
[2026-07-30T16:00:50.205+0000] {processor.py:208} INFO - Processing /opt/airflow/dags/invoice_data_pipeline_dag.py took 0.743 seconds
[2026-07-30T16:01:11.828+0000] {processor.py:186} INFO - Started process (PID=301) to work on /opt/airflow/dags/invoice_data_pipeline_dag.py
[2026-07-30T16:01:11.834+0000] {processor.py:914} INFO - Processing file /opt/airflow/dags/invoice_data_pipeline_dag.py for tasks to queue
[2026-07-30T16:01:11.848+0000] {logging_mixin.py:190} INFO - [2026-07-30T16:01:11.847+0000] {dagbag.py:588} INFO - Filling up the DagBag from /opt/airflow/dags/invoice_data_pipeline_dag.py
[2026-07-30T16:01:13.756+0000] {logging_mixin.py:190} INFO - [CRATE TABLE PIPELINE] Could not create table to Postgres at 'postgres:5432/airflow'. Check if the container is up. Details: (psycopg2.OperationalError) connection to server at "localhost" (::1), port 5432 failed: Connection refused
	Is the server running on that host and accepting TCP/IP connections?
connection to server at "localhost" (127.0.0.1), port 5432 failed: Connection refused
	Is the server running on that host and accepting TCP/IP connections?

(Background on this error at: https://sqlalche.me/e/14/e3q8)
[2026-07-30T16:01:13.772+0000] {logging_mixin.py:190} INFO - [2026-07-30T16:01:13.758+0000] {dagbag.py:387} ERROR - Failed to import: /opt/airflow/dags/invoice_data_pipeline_dag.py
Traceback (most recent call last):
  File "/home/airflow/.local/lib/python3.12/site-packages/sqlalchemy/engine/base.py", line 3371, in _wrap_pool_connect
    return fn()
           ^^^^
  File "/home/airflow/.local/lib/python3.12/site-packages/sqlalchemy/pool/base.py", line 327, in connect
    return _ConnectionFairy._checkout(self)
           ^^^^^^^^^^^^^^^^^^^^^^^^^^^^^^^^
  File "/home/airflow/.local/lib/python3.12/site-packages/sqlalchemy/pool/base.py", line 894, in _checkout
    fairy = _ConnectionRecord.checkout(pool)
            ^^^^^^^^^^^^^^^^^^^^^^^^^^^^^^^^
  File "/home/airflow/.local/lib/python3.12/site-packages/sqlalchemy/pool/base.py", line 493, in checkout
    rec = pool._do_get()
          ^^^^^^^^^^^^^^
  File "/home/airflow/.local/lib/python3.12/site-packages/sqlalchemy/pool/impl.py", line 145, in _do_get
    with util.safe_reraise():
         ^^^^^^^^^^^^^^^^^^^
  File "/home/airflow/.local/lib/python3.12/site-packages/sqlalchemy/util/langhelpers.py", line 70, in __exit__
    compat.raise_(
  File "/home/airflow/.local/lib/python3.12/site-packages/sqlalchemy/util/compat.py", line 211, in raise_
    raise exception
  File "/home/airflow/.local/lib/python3.12/site-packages/sqlalchemy/pool/impl.py", line 143, in _do_get
    return self._create_connection()
           ^^^^^^^^^^^^^^^^^^^^^^^^^
  File "/home/airflow/.local/lib/python3.12/site-packages/sqlalchemy/pool/base.py", line 273, in _create_connection
    return _ConnectionRecord(self)
           ^^^^^^^^^^^^^^^^^^^^^^^
  File "/home/airflow/.local/lib/python3.12/site-packages/sqlalchemy/pool/base.py", line 388, in __init__
    self.__connect()
  File "/home/airflow/.local/lib/python3.12/site-packages/sqlalchemy/pool/base.py", line 690, in __connect
    with util.safe_reraise():
         ^^^^^^^^^^^^^^^^^^^
  File "/home/airflow/.local/lib/python3.12/site-packages/sqlalchemy/util/langhelpers.py", line 70, in __exit__
    compat.raise_(
  File "/home/airflow/.local/lib/python3.12/site-packages/sqlalchemy/util/compat.py", line 211, in raise_
    raise exception
  File "/home/airflow/.local/lib/python3.12/site-packages/sqlalchemy/pool/base.py", line 686, in __connect
    self.dbapi_connection = connection = pool._invoke_creator(self)
                                         ^^^^^^^^^^^^^^^^^^^^^^^^^^
  File "/home/airflow/.local/lib/python3.12/site-packages/sqlalchemy/engine/create.py", line 574, in connect
    return dialect.connect(*cargs, **cparams)
           ^^^^^^^^^^^^^^^^^^^^^^^^^^^^^^^^^^
  File "/home/airflow/.local/lib/python3.12/site-packages/sqlalchemy/engine/default.py", line 598, in connect
    return self.dbapi.connect(*cargs, **cparams)
           ^^^^^^^^^^^^^^^^^^^^^^^^^^^^^^^^^^^^^
  File "/home/airflow/.local/lib/python3.12/site-packages/psycopg2/__init__.py", line 122, in connect
    conn = _connect(dsn, connection_factory=connection_factory, **kwasync)
           ^^^^^^^^^^^^^^^^^^^^^^^^^^^^^^^^^^^^^^^^^^^^^^^^^^^^^^^^^^^^^^^
psycopg2.OperationalError: connection to server at "localhost" (::1), port 5432 failed: Connection refused
	Is the server running on that host and accepting TCP/IP connections?
connection to server at "localhost" (127.0.0.1), port 5432 failed: Connection refused
	Is the server running on that host and accepting TCP/IP connections?


The above exception was the direct cause of the following exception:

Traceback (most recent call last):
  File "/home/airflow/.local/lib/python3.12/site-packages/airflow/models/dagbag.py", line 383, in parse
    loader.exec_module(new_module)
  File "<frozen importlib._bootstrap_external>", line 995, in exec_module
  File "<frozen importlib._bootstrap>", line 488, in _call_with_frames_removed
  File "/opt/airflow/dags/invoice_data_pipeline_dag.py", line 11, in <module>
    from database.init_db import create_tables
  File "/opt/airflow/dags/database/init_db.py", line 21, in <module>
    create_tables()
  File "/opt/airflow/dags/database/init_db.py", line 11, in create_tables
    with engine.begin() as conn:
         ^^^^^^^^^^^^^^
  File "/home/airflow/.local/lib/python3.12/site-packages/sqlalchemy/engine/base.py", line 3153, in begin
    conn = self.connect(close_with_result=close_with_result)
           ^^^^^^^^^^^^^^^^^^^^^^^^^^^^^^^^^^^^^^^^^^^^^^^^^
  File "/home/airflow/.local/lib/python3.12/site-packages/sqlalchemy/engine/base.py", line 3325, in connect
    return self._connection_cls(self, close_with_result=close_with_result)
           ^^^^^^^^^^^^^^^^^^^^^^^^^^^^^^^^^^^^^^^^^^^^^^^^^^^^^^^^^^^^^^^
  File "/home/airflow/.local/lib/python3.12/site-packages/sqlalchemy/engine/base.py", line 96, in __init__
    else engine.raw_connection()
         ^^^^^^^^^^^^^^^^^^^^^^^
  File "/home/airflow/.local/lib/python3.12/site-packages/sqlalchemy/engine/base.py", line 3404, in raw_connection
    return self._wrap_pool_connect(self.pool.connect, _connection)
           ^^^^^^^^^^^^^^^^^^^^^^^^^^^^^^^^^^^^^^^^^^^^^^^^^^^^^^^
  File "/home/airflow/.local/lib/python3.12/site-packages/sqlalchemy/engine/base.py", line 3374, in _wrap_pool_connect
    Connection._handle_dbapi_exception_noconnection(
  File "/home/airflow/.local/lib/python3.12/site-packages/sqlalchemy/engine/base.py", line 2208, in _handle_dbapi_exception_noconnection
    util.raise_(
  File "/home/airflow/.local/lib/python3.12/site-packages/sqlalchemy/util/compat.py", line 211, in raise_
    raise exception
  File "/home/airflow/.local/lib/python3.12/site-packages/sqlalchemy/engine/base.py", line 3371, in _wrap_pool_connect
    return fn()
           ^^^^
  File "/home/airflow/.local/lib/python3.12/site-packages/sqlalchemy/pool/base.py", line 327, in connect
    return _ConnectionFairy._checkout(self)
           ^^^^^^^^^^^^^^^^^^^^^^^^^^^^^^^^
  File "/home/airflow/.local/lib/python3.12/site-packages/sqlalchemy/pool/base.py", line 894, in _checkout
    fairy = _ConnectionRecord.checkout(pool)
            ^^^^^^^^^^^^^^^^^^^^^^^^^^^^^^^^
  File "/home/airflow/.local/lib/python3.12/site-packages/sqlalchemy/pool/base.py", line 493, in checkout
    rec = pool._do_get()
          ^^^^^^^^^^^^^^
  File "/home/airflow/.local/lib/python3.12/site-packages/sqlalchemy/pool/impl.py", line 145, in _do_get
    with util.safe_reraise():
         ^^^^^^^^^^^^^^^^^^^
  File "/home/airflow/.local/lib/python3.12/site-packages/sqlalchemy/util/langhelpers.py", line 70, in __exit__
    compat.raise_(
  File "/home/airflow/.local/lib/python3.12/site-packages/sqlalchemy/util/compat.py", line 211, in raise_
    raise exception
  File "/home/airflow/.local/lib/python3.12/site-packages/sqlalchemy/pool/impl.py", line 143, in _do_get
    return self._create_connection()
           ^^^^^^^^^^^^^^^^^^^^^^^^^
  File "/home/airflow/.local/lib/python3.12/site-packages/sqlalchemy/pool/base.py", line 273, in _create_connection
    return _ConnectionRecord(self)
           ^^^^^^^^^^^^^^^^^^^^^^^
  File "/home/airflow/.local/lib/python3.12/site-packages/sqlalchemy/pool/base.py", line 388, in __init__
    self.__connect()
  File "/home/airflow/.local/lib/python3.12/site-packages/sqlalchemy/pool/base.py", line 690, in __connect
    with util.safe_reraise():
         ^^^^^^^^^^^^^^^^^^^
  File "/home/airflow/.local/lib/python3.12/site-packages/sqlalchemy/util/langhelpers.py", line 70, in __exit__
    compat.raise_(
  File "/home/airflow/.local/lib/python3.12/site-packages/sqlalchemy/util/compat.py", line 211, in raise_
    raise exception
  File "/home/airflow/.local/lib/python3.12/site-packages/sqlalchemy/pool/base.py", line 686, in __connect
    self.dbapi_connection = connection = pool._invoke_creator(self)
                                         ^^^^^^^^^^^^^^^^^^^^^^^^^^
  File "/home/airflow/.local/lib/python3.12/site-packages/sqlalchemy/engine/create.py", line 574, in connect
    return dialect.connect(*cargs, **cparams)
           ^^^^^^^^^^^^^^^^^^^^^^^^^^^^^^^^^^
  File "/home/airflow/.local/lib/python3.12/site-packages/sqlalchemy/engine/default.py", line 598, in connect
    return self.dbapi.connect(*cargs, **cparams)
           ^^^^^^^^^^^^^^^^^^^^^^^^^^^^^^^^^^^^^
  File "/home/airflow/.local/lib/python3.12/site-packages/psycopg2/__init__.py", line 122, in connect
    conn = _connect(dsn, connection_factory=connection_factory, **kwasync)
           ^^^^^^^^^^^^^^^^^^^^^^^^^^^^^^^^^^^^^^^^^^^^^^^^^^^^^^^^^^^^^^^
sqlalchemy.exc.OperationalError: (psycopg2.OperationalError) connection to server at "localhost" (::1), port 5432 failed: Connection refused
	Is the server running on that host and accepting TCP/IP connections?
connection to server at "localhost" (127.0.0.1), port 5432 failed: Connection refused
	Is the server running on that host and accepting TCP/IP connections?

(Background on this error at: https://sqlalche.me/e/14/e3q8)
[2026-07-30T16:01:13.775+0000] {processor.py:927} WARNING - No viable dags retrieved from /opt/airflow/dags/invoice_data_pipeline_dag.py
[2026-07-30T16:01:13.828+0000] {processor.py:208} INFO - Processing /opt/airflow/dags/invoice_data_pipeline_dag.py took 2.024 seconds
[2026-07-30T16:01:44.624+0000] {processor.py:186} INFO - Started process (PID=307) to work on /opt/airflow/dags/invoice_data_pipeline_dag.py
[2026-07-30T16:01:44.629+0000] {processor.py:914} INFO - Processing file /opt/airflow/dags/invoice_data_pipeline_dag.py for tasks to queue
[2026-07-30T16:01:44.636+0000] {logging_mixin.py:190} INFO - [2026-07-30T16:01:44.633+0000] {dagbag.py:588} INFO - Filling up the DagBag from /opt/airflow/dags/invoice_data_pipeline_dag.py
[2026-07-30T16:01:47.008+0000] {logging_mixin.py:190} INFO - [CRATE TABLE PIPELINE] Could not create table to Postgres at 'postgres:5432/airflow'. Check if the container is up. Details: (psycopg2.OperationalError) connection to server at "localhost" (::1), port 5432 failed: Connection refused
	Is the server running on that host and accepting TCP/IP connections?
connection to server at "localhost" (127.0.0.1), port 5432 failed: Connection refused
	Is the server running on that host and accepting TCP/IP connections?

(Background on this error at: https://sqlalche.me/e/14/e3q8)
[2026-07-30T16:01:47.023+0000] {logging_mixin.py:190} INFO - [2026-07-30T16:01:47.009+0000] {dagbag.py:387} ERROR - Failed to import: /opt/airflow/dags/invoice_data_pipeline_dag.py
Traceback (most recent call last):
  File "/home/airflow/.local/lib/python3.12/site-packages/sqlalchemy/engine/base.py", line 3371, in _wrap_pool_connect
    return fn()
           ^^^^
  File "/home/airflow/.local/lib/python3.12/site-packages/sqlalchemy/pool/base.py", line 327, in connect
    return _ConnectionFairy._checkout(self)
           ^^^^^^^^^^^^^^^^^^^^^^^^^^^^^^^^
  File "/home/airflow/.local/lib/python3.12/site-packages/sqlalchemy/pool/base.py", line 894, in _checkout
    fairy = _ConnectionRecord.checkout(pool)
            ^^^^^^^^^^^^^^^^^^^^^^^^^^^^^^^^
  File "/home/airflow/.local/lib/python3.12/site-packages/sqlalchemy/pool/base.py", line 493, in checkout
    rec = pool._do_get()
          ^^^^^^^^^^^^^^
  File "/home/airflow/.local/lib/python3.12/site-packages/sqlalchemy/pool/impl.py", line 145, in _do_get
    with util.safe_reraise():
         ^^^^^^^^^^^^^^^^^^^
  File "/home/airflow/.local/lib/python3.12/site-packages/sqlalchemy/util/langhelpers.py", line 70, in __exit__
    compat.raise_(
  File "/home/airflow/.local/lib/python3.12/site-packages/sqlalchemy/util/compat.py", line 211, in raise_
    raise exception
  File "/home/airflow/.local/lib/python3.12/site-packages/sqlalchemy/pool/impl.py", line 143, in _do_get
    return self._create_connection()
           ^^^^^^^^^^^^^^^^^^^^^^^^^
  File "/home/airflow/.local/lib/python3.12/site-packages/sqlalchemy/pool/base.py", line 273, in _create_connection
    return _ConnectionRecord(self)
           ^^^^^^^^^^^^^^^^^^^^^^^
  File "/home/airflow/.local/lib/python3.12/site-packages/sqlalchemy/pool/base.py", line 388, in __init__
    self.__connect()
  File "/home/airflow/.local/lib/python3.12/site-packages/sqlalchemy/pool/base.py", line 690, in __connect
    with util.safe_reraise():
         ^^^^^^^^^^^^^^^^^^^
  File "/home/airflow/.local/lib/python3.12/site-packages/sqlalchemy/util/langhelpers.py", line 70, in __exit__
    compat.raise_(
  File "/home/airflow/.local/lib/python3.12/site-packages/sqlalchemy/util/compat.py", line 211, in raise_
    raise exception
  File "/home/airflow/.local/lib/python3.12/site-packages/sqlalchemy/pool/base.py", line 686, in __connect
    self.dbapi_connection = connection = pool._invoke_creator(self)
                                         ^^^^^^^^^^^^^^^^^^^^^^^^^^
  File "/home/airflow/.local/lib/python3.12/site-packages/sqlalchemy/engine/create.py", line 574, in connect
    return dialect.connect(*cargs, **cparams)
           ^^^^^^^^^^^^^^^^^^^^^^^^^^^^^^^^^^
  File "/home/airflow/.local/lib/python3.12/site-packages/sqlalchemy/engine/default.py", line 598, in connect
    return self.dbapi.connect(*cargs, **cparams)
           ^^^^^^^^^^^^^^^^^^^^^^^^^^^^^^^^^^^^^
  File "/home/airflow/.local/lib/python3.12/site-packages/psycopg2/__init__.py", line 122, in connect
    conn = _connect(dsn, connection_factory=connection_factory, **kwasync)
           ^^^^^^^^^^^^^^^^^^^^^^^^^^^^^^^^^^^^^^^^^^^^^^^^^^^^^^^^^^^^^^^
psycopg2.OperationalError: connection to server at "localhost" (::1), port 5432 failed: Connection refused
	Is the server running on that host and accepting TCP/IP connections?
connection to server at "localhost" (127.0.0.1), port 5432 failed: Connection refused
	Is the server running on that host and accepting TCP/IP connections?


The above exception was the direct cause of the following exception:

Traceback (most recent call last):
  File "/home/airflow/.local/lib/python3.12/site-packages/airflow/models/dagbag.py", line 383, in parse
    loader.exec_module(new_module)
  File "<frozen importlib._bootstrap_external>", line 995, in exec_module
  File "<frozen importlib._bootstrap>", line 488, in _call_with_frames_removed
  File "/opt/airflow/dags/invoice_data_pipeline_dag.py", line 11, in <module>
    from database.init_db import create_tables
  File "/opt/airflow/dags/database/init_db.py", line 21, in <module>
    create_tables()
  File "/opt/airflow/dags/database/init_db.py", line 11, in create_tables
    with engine.begin() as conn:
         ^^^^^^^^^^^^^^
  File "/home/airflow/.local/lib/python3.12/site-packages/sqlalchemy/engine/base.py", line 3153, in begin
    conn = self.connect(close_with_result=close_with_result)
           ^^^^^^^^^^^^^^^^^^^^^^^^^^^^^^^^^^^^^^^^^^^^^^^^^
  File "/home/airflow/.local/lib/python3.12/site-packages/sqlalchemy/engine/base.py", line 3325, in connect
    return self._connection_cls(self, close_with_result=close_with_result)
           ^^^^^^^^^^^^^^^^^^^^^^^^^^^^^^^^^^^^^^^^^^^^^^^^^^^^^^^^^^^^^^^
  File "/home/airflow/.local/lib/python3.12/site-packages/sqlalchemy/engine/base.py", line 96, in __init__
    else engine.raw_connection()
         ^^^^^^^^^^^^^^^^^^^^^^^
  File "/home/airflow/.local/lib/python3.12/site-packages/sqlalchemy/engine/base.py", line 3404, in raw_connection
    return self._wrap_pool_connect(self.pool.connect, _connection)
           ^^^^^^^^^^^^^^^^^^^^^^^^^^^^^^^^^^^^^^^^^^^^^^^^^^^^^^^
  File "/home/airflow/.local/lib/python3.12/site-packages/sqlalchemy/engine/base.py", line 3374, in _wrap_pool_connect
    Connection._handle_dbapi_exception_noconnection(
  File "/home/airflow/.local/lib/python3.12/site-packages/sqlalchemy/engine/base.py", line 2208, in _handle_dbapi_exception_noconnection
    util.raise_(
  File "/home/airflow/.local/lib/python3.12/site-packages/sqlalchemy/util/compat.py", line 211, in raise_
    raise exception
  File "/home/airflow/.local/lib/python3.12/site-packages/sqlalchemy/engine/base.py", line 3371, in _wrap_pool_connect
    return fn()
           ^^^^
  File "/home/airflow/.local/lib/python3.12/site-packages/sqlalchemy/pool/base.py", line 327, in connect
    return _ConnectionFairy._checkout(self)
           ^^^^^^^^^^^^^^^^^^^^^^^^^^^^^^^^
  File "/home/airflow/.local/lib/python3.12/site-packages/sqlalchemy/pool/base.py", line 894, in _checkout
    fairy = _ConnectionRecord.checkout(pool)
            ^^^^^^^^^^^^^^^^^^^^^^^^^^^^^^^^
  File "/home/airflow/.local/lib/python3.12/site-packages/sqlalchemy/pool/base.py", line 493, in checkout
    rec = pool._do_get()
          ^^^^^^^^^^^^^^
  File "/home/airflow/.local/lib/python3.12/site-packages/sqlalchemy/pool/impl.py", line 145, in _do_get
    with util.safe_reraise():
         ^^^^^^^^^^^^^^^^^^^
  File "/home/airflow/.local/lib/python3.12/site-packages/sqlalchemy/util/langhelpers.py", line 70, in __exit__
    compat.raise_(
  File "/home/airflow/.local/lib/python3.12/site-packages/sqlalchemy/util/compat.py", line 211, in raise_
    raise exception
  File "/home/airflow/.local/lib/python3.12/site-packages/sqlalchemy/pool/impl.py", line 143, in _do_get
    return self._create_connection()
           ^^^^^^^^^^^^^^^^^^^^^^^^^
  File "/home/airflow/.local/lib/python3.12/site-packages/sqlalchemy/pool/base.py", line 273, in _create_connection
    return _ConnectionRecord(self)
           ^^^^^^^^^^^^^^^^^^^^^^^
  File "/home/airflow/.local/lib/python3.12/site-packages/sqlalchemy/pool/base.py", line 388, in __init__
    self.__connect()
  File "/home/airflow/.local/lib/python3.12/site-packages/sqlalchemy/pool/base.py", line 690, in __connect
    with util.safe_reraise():
         ^^^^^^^^^^^^^^^^^^^
  File "/home/airflow/.local/lib/python3.12/site-packages/sqlalchemy/util/langhelpers.py", line 70, in __exit__
    compat.raise_(
  File "/home/airflow/.local/lib/python3.12/site-packages/sqlalchemy/util/compat.py", line 211, in raise_
    raise exception
  File "/home/airflow/.local/lib/python3.12/site-packages/sqlalchemy/pool/base.py", line 686, in __connect
    self.dbapi_connection = connection = pool._invoke_creator(self)
                                         ^^^^^^^^^^^^^^^^^^^^^^^^^^
  File "/home/airflow/.local/lib/python3.12/site-packages/sqlalchemy/engine/create.py", line 574, in connect
    return dialect.connect(*cargs, **cparams)
           ^^^^^^^^^^^^^^^^^^^^^^^^^^^^^^^^^^
  File "/home/airflow/.local/lib/python3.12/site-packages/sqlalchemy/engine/default.py", line 598, in connect
    return self.dbapi.connect(*cargs, **cparams)
           ^^^^^^^^^^^^^^^^^^^^^^^^^^^^^^^^^^^^^
  File "/home/airflow/.local/lib/python3.12/site-packages/psycopg2/__init__.py", line 122, in connect
    conn = _connect(dsn, connection_factory=connection_factory, **kwasync)
           ^^^^^^^^^^^^^^^^^^^^^^^^^^^^^^^^^^^^^^^^^^^^^^^^^^^^^^^^^^^^^^^
sqlalchemy.exc.OperationalError: (psycopg2.OperationalError) connection to server at "localhost" (::1), port 5432 failed: Connection refused
	Is the server running on that host and accepting TCP/IP connections?
connection to server at "localhost" (127.0.0.1), port 5432 failed: Connection refused
	Is the server running on that host and accepting TCP/IP connections?

(Background on this error at: https://sqlalche.me/e/14/e3q8)
[2026-07-30T16:01:47.025+0000] {processor.py:927} WARNING - No viable dags retrieved from /opt/airflow/dags/invoice_data_pipeline_dag.py
[2026-07-30T16:01:47.068+0000] {processor.py:208} INFO - Processing /opt/airflow/dags/invoice_data_pipeline_dag.py took 2.476 seconds
[2026-07-30T16:02:17.387+0000] {processor.py:186} INFO - Started process (PID=313) to work on /opt/airflow/dags/invoice_data_pipeline_dag.py
[2026-07-30T16:02:17.390+0000] {processor.py:914} INFO - Processing file /opt/airflow/dags/invoice_data_pipeline_dag.py for tasks to queue
[2026-07-30T16:02:17.393+0000] {logging_mixin.py:190} INFO - [2026-07-30T16:02:17.392+0000] {dagbag.py:588} INFO - Filling up the DagBag from /opt/airflow/dags/invoice_data_pipeline_dag.py
[2026-07-30T16:02:17.940+0000] {logging_mixin.py:190} INFO - [CRATE TABLE PIPELINE] Could not create table to Postgres at 'postgres:5432/airflow'. Check if the container is up. Details: (psycopg2.OperationalError) connection to server at "localhost" (::1), port 5432 failed: Connection refused
	Is the server running on that host and accepting TCP/IP connections?
connection to server at "localhost" (127.0.0.1), port 5432 failed: Connection refused
	Is the server running on that host and accepting TCP/IP connections?

(Background on this error at: https://sqlalche.me/e/14/e3q8)
[2026-07-30T16:02:17.954+0000] {logging_mixin.py:190} INFO - [2026-07-30T16:02:17.941+0000] {dagbag.py:387} ERROR - Failed to import: /opt/airflow/dags/invoice_data_pipeline_dag.py
Traceback (most recent call last):
  File "/home/airflow/.local/lib/python3.12/site-packages/sqlalchemy/engine/base.py", line 3371, in _wrap_pool_connect
    return fn()
           ^^^^
  File "/home/airflow/.local/lib/python3.12/site-packages/sqlalchemy/pool/base.py", line 327, in connect
    return _ConnectionFairy._checkout(self)
           ^^^^^^^^^^^^^^^^^^^^^^^^^^^^^^^^
  File "/home/airflow/.local/lib/python3.12/site-packages/sqlalchemy/pool/base.py", line 894, in _checkout
    fairy = _ConnectionRecord.checkout(pool)
            ^^^^^^^^^^^^^^^^^^^^^^^^^^^^^^^^
  File "/home/airflow/.local/lib/python3.12/site-packages/sqlalchemy/pool/base.py", line 493, in checkout
    rec = pool._do_get()
          ^^^^^^^^^^^^^^
  File "/home/airflow/.local/lib/python3.12/site-packages/sqlalchemy/pool/impl.py", line 145, in _do_get
    with util.safe_reraise():
         ^^^^^^^^^^^^^^^^^^^
  File "/home/airflow/.local/lib/python3.12/site-packages/sqlalchemy/util/langhelpers.py", line 70, in __exit__
    compat.raise_(
  File "/home/airflow/.local/lib/python3.12/site-packages/sqlalchemy/util/compat.py", line 211, in raise_
    raise exception
  File "/home/airflow/.local/lib/python3.12/site-packages/sqlalchemy/pool/impl.py", line 143, in _do_get
    return self._create_connection()
           ^^^^^^^^^^^^^^^^^^^^^^^^^
  File "/home/airflow/.local/lib/python3.12/site-packages/sqlalchemy/pool/base.py", line 273, in _create_connection
    return _ConnectionRecord(self)
           ^^^^^^^^^^^^^^^^^^^^^^^
  File "/home/airflow/.local/lib/python3.12/site-packages/sqlalchemy/pool/base.py", line 388, in __init__
    self.__connect()
  File "/home/airflow/.local/lib/python3.12/site-packages/sqlalchemy/pool/base.py", line 690, in __connect
    with util.safe_reraise():
         ^^^^^^^^^^^^^^^^^^^
  File "/home/airflow/.local/lib/python3.12/site-packages/sqlalchemy/util/langhelpers.py", line 70, in __exit__
    compat.raise_(
  File "/home/airflow/.local/lib/python3.12/site-packages/sqlalchemy/util/compat.py", line 211, in raise_
    raise exception
  File "/home/airflow/.local/lib/python3.12/site-packages/sqlalchemy/pool/base.py", line 686, in __connect
    self.dbapi_connection = connection = pool._invoke_creator(self)
                                         ^^^^^^^^^^^^^^^^^^^^^^^^^^
  File "/home/airflow/.local/lib/python3.12/site-packages/sqlalchemy/engine/create.py", line 574, in connect
    return dialect.connect(*cargs, **cparams)
           ^^^^^^^^^^^^^^^^^^^^^^^^^^^^^^^^^^
  File "/home/airflow/.local/lib/python3.12/site-packages/sqlalchemy/engine/default.py", line 598, in connect
    return self.dbapi.connect(*cargs, **cparams)
           ^^^^^^^^^^^^^^^^^^^^^^^^^^^^^^^^^^^^^
  File "/home/airflow/.local/lib/python3.12/site-packages/psycopg2/__init__.py", line 122, in connect
    conn = _connect(dsn, connection_factory=connection_factory, **kwasync)
           ^^^^^^^^^^^^^^^^^^^^^^^^^^^^^^^^^^^^^^^^^^^^^^^^^^^^^^^^^^^^^^^
psycopg2.OperationalError: connection to server at "localhost" (::1), port 5432 failed: Connection refused
	Is the server running on that host and accepting TCP/IP connections?
connection to server at "localhost" (127.0.0.1), port 5432 failed: Connection refused
	Is the server running on that host and accepting TCP/IP connections?


The above exception was the direct cause of the following exception:

Traceback (most recent call last):
  File "/home/airflow/.local/lib/python3.12/site-packages/airflow/models/dagbag.py", line 383, in parse
    loader.exec_module(new_module)
  File "<frozen importlib._bootstrap_external>", line 995, in exec_module
  File "<frozen importlib._bootstrap>", line 488, in _call_with_frames_removed
  File "/opt/airflow/dags/invoice_data_pipeline_dag.py", line 11, in <module>
    from database.init_db import create_tables
  File "/opt/airflow/dags/database/init_db.py", line 21, in <module>
    create_tables()
  File "/opt/airflow/dags/database/init_db.py", line 11, in create_tables
    with engine.begin() as conn:
         ^^^^^^^^^^^^^^
  File "/home/airflow/.local/lib/python3.12/site-packages/sqlalchemy/engine/base.py", line 3153, in begin
    conn = self.connect(close_with_result=close_with_result)
           ^^^^^^^^^^^^^^^^^^^^^^^^^^^^^^^^^^^^^^^^^^^^^^^^^
  File "/home/airflow/.local/lib/python3.12/site-packages/sqlalchemy/engine/base.py", line 3325, in connect
    return self._connection_cls(self, close_with_result=close_with_result)
           ^^^^^^^^^^^^^^^^^^^^^^^^^^^^^^^^^^^^^^^^^^^^^^^^^^^^^^^^^^^^^^^
  File "/home/airflow/.local/lib/python3.12/site-packages/sqlalchemy/engine/base.py", line 96, in __init__
    else engine.raw_connection()
         ^^^^^^^^^^^^^^^^^^^^^^^
  File "/home/airflow/.local/lib/python3.12/site-packages/sqlalchemy/engine/base.py", line 3404, in raw_connection
    return self._wrap_pool_connect(self.pool.connect, _connection)
           ^^^^^^^^^^^^^^^^^^^^^^^^^^^^^^^^^^^^^^^^^^^^^^^^^^^^^^^
  File "/home/airflow/.local/lib/python3.12/site-packages/sqlalchemy/engine/base.py", line 3374, in _wrap_pool_connect
    Connection._handle_dbapi_exception_noconnection(
  File "/home/airflow/.local/lib/python3.12/site-packages/sqlalchemy/engine/base.py", line 2208, in _handle_dbapi_exception_noconnection
    util.raise_(
  File "/home/airflow/.local/lib/python3.12/site-packages/sqlalchemy/util/compat.py", line 211, in raise_
    raise exception
  File "/home/airflow/.local/lib/python3.12/site-packages/sqlalchemy/engine/base.py", line 3371, in _wrap_pool_connect
    return fn()
           ^^^^
  File "/home/airflow/.local/lib/python3.12/site-packages/sqlalchemy/pool/base.py", line 327, in connect
    return _ConnectionFairy._checkout(self)
           ^^^^^^^^^^^^^^^^^^^^^^^^^^^^^^^^
  File "/home/airflow/.local/lib/python3.12/site-packages/sqlalchemy/pool/base.py", line 894, in _checkout
    fairy = _ConnectionRecord.checkout(pool)
            ^^^^^^^^^^^^^^^^^^^^^^^^^^^^^^^^
  File "/home/airflow/.local/lib/python3.12/site-packages/sqlalchemy/pool/base.py", line 493, in checkout
    rec = pool._do_get()
          ^^^^^^^^^^^^^^
  File "/home/airflow/.local/lib/python3.12/site-packages/sqlalchemy/pool/impl.py", line 145, in _do_get
    with util.safe_reraise():
         ^^^^^^^^^^^^^^^^^^^
  File "/home/airflow/.local/lib/python3.12/site-packages/sqlalchemy/util/langhelpers.py", line 70, in __exit__
    compat.raise_(
  File "/home/airflow/.local/lib/python3.12/site-packages/sqlalchemy/util/compat.py", line 211, in raise_
    raise exception
  File "/home/airflow/.local/lib/python3.12/site-packages/sqlalchemy/pool/impl.py", line 143, in _do_get
    return self._create_connection()
           ^^^^^^^^^^^^^^^^^^^^^^^^^
  File "/home/airflow/.local/lib/python3.12/site-packages/sqlalchemy/pool/base.py", line 273, in _create_connection
    return _ConnectionRecord(self)
           ^^^^^^^^^^^^^^^^^^^^^^^
  File "/home/airflow/.local/lib/python3.12/site-packages/sqlalchemy/pool/base.py", line 388, in __init__
    self.__connect()
  File "/home/airflow/.local/lib/python3.12/site-packages/sqlalchemy/pool/base.py", line 690, in __connect
    with util.safe_reraise():
         ^^^^^^^^^^^^^^^^^^^
  File "/home/airflow/.local/lib/python3.12/site-packages/sqlalchemy/util/langhelpers.py", line 70, in __exit__
    compat.raise_(
  File "/home/airflow/.local/lib/python3.12/site-packages/sqlalchemy/util/compat.py", line 211, in raise_
    raise exception
  File "/home/airflow/.local/lib/python3.12/site-packages/sqlalchemy/pool/base.py", line 686, in __connect
    self.dbapi_connection = connection = pool._invoke_creator(self)
                                         ^^^^^^^^^^^^^^^^^^^^^^^^^^
  File "/home/airflow/.local/lib/python3.12/site-packages/sqlalchemy/engine/create.py", line 574, in connect
    return dialect.connect(*cargs, **cparams)
           ^^^^^^^^^^^^^^^^^^^^^^^^^^^^^^^^^^
  File "/home/airflow/.local/lib/python3.12/site-packages/sqlalchemy/engine/default.py", line 598, in connect
    return self.dbapi.connect(*cargs, **cparams)
           ^^^^^^^^^^^^^^^^^^^^^^^^^^^^^^^^^^^^^
  File "/home/airflow/.local/lib/python3.12/site-packages/psycopg2/__init__.py", line 122, in connect
    conn = _connect(dsn, connection_factory=connection_factory, **kwasync)
           ^^^^^^^^^^^^^^^^^^^^^^^^^^^^^^^^^^^^^^^^^^^^^^^^^^^^^^^^^^^^^^^
sqlalchemy.exc.OperationalError: (psycopg2.OperationalError) connection to server at "localhost" (::1), port 5432 failed: Connection refused
	Is the server running on that host and accepting TCP/IP connections?
connection to server at "localhost" (127.0.0.1), port 5432 failed: Connection refused
	Is the server running on that host and accepting TCP/IP connections?

(Background on this error at: https://sqlalche.me/e/14/e3q8)
[2026-07-30T16:02:17.956+0000] {processor.py:927} WARNING - No viable dags retrieved from /opt/airflow/dags/invoice_data_pipeline_dag.py
[2026-07-30T16:02:17.981+0000] {processor.py:208} INFO - Processing /opt/airflow/dags/invoice_data_pipeline_dag.py took 0.603 seconds
[2026-07-30T16:02:48.287+0000] {processor.py:186} INFO - Started process (PID=319) to work on /opt/airflow/dags/invoice_data_pipeline_dag.py
[2026-07-30T16:02:48.293+0000] {processor.py:914} INFO - Processing file /opt/airflow/dags/invoice_data_pipeline_dag.py for tasks to queue
[2026-07-30T16:02:48.309+0000] {logging_mixin.py:190} INFO - [2026-07-30T16:02:48.306+0000] {dagbag.py:588} INFO - Filling up the DagBag from /opt/airflow/dags/invoice_data_pipeline_dag.py
[2026-07-30T16:02:52.163+0000] {logging_mixin.py:190} INFO - Tables created successfully.
[2026-07-30T16:02:52.220+0000] {processor.py:925} INFO - DAG(s) 'invoice_data_pipeline' retrieved from /opt/airflow/dags/invoice_data_pipeline_dag.py
[2026-07-30T16:02:52.666+0000] {logging_mixin.py:190} INFO - [2026-07-30T16:02:52.666+0000] {dag.py:3239} INFO - Sync 1 DAGs
[2026-07-30T16:02:53.390+0000] {logging_mixin.py:190} INFO - [2026-07-30T16:02:53.389+0000] {dag.py:4180} INFO - Setting next_dagrun for invoice_data_pipeline to 2026-07-30 00:00:00+00:00, run_after=2026-07-31 00:00:00+00:00
[2026-07-30T16:02:53.827+0000] {processor.py:208} INFO - Processing /opt/airflow/dags/invoice_data_pipeline_dag.py took 5.578 seconds
[2026-07-30T16:03:25.023+0000] {processor.py:186} INFO - Started process (PID=373) to work on /opt/airflow/dags/invoice_data_pipeline_dag.py
[2026-07-30T16:03:25.027+0000] {processor.py:914} INFO - Processing file /opt/airflow/dags/invoice_data_pipeline_dag.py for tasks to queue
[2026-07-30T16:03:25.033+0000] {logging_mixin.py:190} INFO - [2026-07-30T16:03:25.032+0000] {dagbag.py:588} INFO - Filling up the DagBag from /opt/airflow/dags/invoice_data_pipeline_dag.py
[2026-07-30T16:03:25.860+0000] {logging_mixin.py:190} INFO - Tables created successfully.
[2026-07-30T16:03:25.868+0000] {processor.py:925} INFO - DAG(s) 'invoice_data_pipeline' retrieved from /opt/airflow/dags/invoice_data_pipeline_dag.py
[2026-07-30T16:03:25.915+0000] {logging_mixin.py:190} INFO - [2026-07-30T16:03:25.914+0000] {dag.py:3239} INFO - Sync 1 DAGs
[2026-07-30T16:03:25.947+0000] {logging_mixin.py:190} INFO - [2026-07-30T16:03:25.947+0000] {dag.py:4180} INFO - Setting next_dagrun for invoice_data_pipeline to 2026-07-30 00:00:00+00:00, run_after=2026-07-31 00:00:00+00:00
[2026-07-30T16:03:25.969+0000] {processor.py:208} INFO - Processing /opt/airflow/dags/invoice_data_pipeline_dag.py took 0.978 seconds
[2026-07-30T16:03:56.768+0000] {processor.py:186} INFO - Started process (PID=379) to work on /opt/airflow/dags/invoice_data_pipeline_dag.py
[2026-07-30T16:03:56.772+0000] {processor.py:914} INFO - Processing file /opt/airflow/dags/invoice_data_pipeline_dag.py for tasks to queue
[2026-07-30T16:03:56.775+0000] {logging_mixin.py:190} INFO - [2026-07-30T16:03:56.774+0000] {dagbag.py:588} INFO - Filling up the DagBag from /opt/airflow/dags/invoice_data_pipeline_dag.py
[2026-07-30T16:03:57.728+0000] {logging_mixin.py:190} INFO - Tables created successfully.
[2026-07-30T16:03:57.735+0000] {processor.py:925} INFO - DAG(s) 'invoice_data_pipeline' retrieved from /opt/airflow/dags/invoice_data_pipeline_dag.py
[2026-07-30T16:03:57.793+0000] {logging_mixin.py:190} INFO - [2026-07-30T16:03:57.792+0000] {dag.py:3239} INFO - Sync 1 DAGs
[2026-07-30T16:03:57.838+0000] {logging_mixin.py:190} INFO - [2026-07-30T16:03:57.838+0000] {dag.py:4180} INFO - Setting next_dagrun for invoice_data_pipeline to 2026-07-30 00:00:00+00:00, run_after=2026-07-31 00:00:00+00:00
[2026-07-30T16:03:57.870+0000] {processor.py:208} INFO - Processing /opt/airflow/dags/invoice_data_pipeline_dag.py took 1.114 seconds
[2026-07-30T16:04:28.795+0000] {processor.py:186} INFO - Started process (PID=385) to work on /opt/airflow/dags/invoice_data_pipeline_dag.py
[2026-07-30T16:04:28.799+0000] {processor.py:914} INFO - Processing file /opt/airflow/dags/invoice_data_pipeline_dag.py for tasks to queue
[2026-07-30T16:04:28.808+0000] {logging_mixin.py:190} INFO - [2026-07-30T16:04:28.804+0000] {dagbag.py:588} INFO - Filling up the DagBag from /opt/airflow/dags/invoice_data_pipeline_dag.py
[2026-07-30T16:04:30.190+0000] {logging_mixin.py:190} INFO - Tables created successfully.
[2026-07-30T16:04:30.268+0000] {processor.py:925} INFO - DAG(s) 'invoice_data_pipeline' retrieved from /opt/airflow/dags/invoice_data_pipeline_dag.py
[2026-07-30T16:04:30.447+0000] {logging_mixin.py:190} INFO - [2026-07-30T16:04:30.446+0000] {dag.py:3239} INFO - Sync 1 DAGs
[2026-07-30T16:04:30.658+0000] {logging_mixin.py:190} INFO - [2026-07-30T16:04:30.658+0000] {dag.py:4180} INFO - Setting next_dagrun for invoice_data_pipeline to 2026-07-30 00:00:00+00:00, run_after=2026-07-31 00:00:00+00:00
[2026-07-30T16:04:30.761+0000] {processor.py:208} INFO - Processing /opt/airflow/dags/invoice_data_pipeline_dag.py took 2.008 seconds
[2026-07-30T16:05:01.115+0000] {processor.py:186} INFO - Started process (PID=391) to work on /opt/airflow/dags/invoice_data_pipeline_dag.py
[2026-07-30T16:05:01.120+0000] {processor.py:914} INFO - Processing file /opt/airflow/dags/invoice_data_pipeline_dag.py for tasks to queue
[2026-07-30T16:05:01.125+0000] {logging_mixin.py:190} INFO - [2026-07-30T16:05:01.124+0000] {dagbag.py:588} INFO - Filling up the DagBag from /opt/airflow/dags/invoice_data_pipeline_dag.py
[2026-07-30T16:05:01.702+0000] {logging_mixin.py:190} INFO - Tables created successfully.
[2026-07-30T16:05:01.737+0000] {processor.py:925} INFO - DAG(s) 'invoice_data_pipeline' retrieved from /opt/airflow/dags/invoice_data_pipeline_dag.py
[2026-07-30T16:05:01.845+0000] {logging_mixin.py:190} INFO - [2026-07-30T16:05:01.842+0000] {dag.py:3239} INFO - Sync 1 DAGs
[2026-07-30T16:05:01.909+0000] {logging_mixin.py:190} INFO - [2026-07-30T16:05:01.908+0000] {dag.py:4180} INFO - Setting next_dagrun for invoice_data_pipeline to 2026-07-30 00:00:00+00:00, run_after=2026-07-31 00:00:00+00:00
[2026-07-30T16:05:01.964+0000] {processor.py:208} INFO - Processing /opt/airflow/dags/invoice_data_pipeline_dag.py took 0.874 seconds
[2026-07-30T16:05:53.278+0000] {processor.py:186} INFO - Started process (PID=405) to work on /opt/airflow/dags/invoice_data_pipeline_dag.py
[2026-07-30T16:05:53.286+0000] {processor.py:914} INFO - Processing file /opt/airflow/dags/invoice_data_pipeline_dag.py for tasks to queue
[2026-07-30T16:05:53.314+0000] {logging_mixin.py:190} INFO - [2026-07-30T16:05:53.307+0000] {dagbag.py:588} INFO - Filling up the DagBag from /opt/airflow/dags/invoice_data_pipeline_dag.py
[2026-07-30T16:05:55.878+0000] {logging_mixin.py:190} INFO - Tables created successfully.
[2026-07-30T16:05:55.953+0000] {processor.py:925} INFO - DAG(s) 'invoice_data_pipeline' retrieved from /opt/airflow/dags/invoice_data_pipeline_dag.py
[2026-07-30T16:05:56.066+0000] {logging_mixin.py:190} INFO - [2026-07-30T16:05:56.065+0000] {dag.py:3239} INFO - Sync 1 DAGs
[2026-07-30T16:05:56.175+0000] {logging_mixin.py:190} INFO - [2026-07-30T16:05:56.175+0000] {dag.py:4180} INFO - Setting next_dagrun for invoice_data_pipeline to 2026-07-30 00:00:00+00:00, run_after=2026-07-31 00:00:00+00:00
[2026-07-30T16:05:56.235+0000] {processor.py:208} INFO - Processing /opt/airflow/dags/invoice_data_pipeline_dag.py took 3.095 seconds
[2026-07-30T16:06:27.083+0000] {processor.py:186} INFO - Started process (PID=411) to work on /opt/airflow/dags/invoice_data_pipeline_dag.py
[2026-07-30T16:06:27.088+0000] {processor.py:914} INFO - Processing file /opt/airflow/dags/invoice_data_pipeline_dag.py for tasks to queue
[2026-07-30T16:06:27.098+0000] {logging_mixin.py:190} INFO - [2026-07-30T16:06:27.095+0000] {dagbag.py:588} INFO - Filling up the DagBag from /opt/airflow/dags/invoice_data_pipeline_dag.py
[2026-07-30T16:06:29.054+0000] {logging_mixin.py:190} INFO - Tables created successfully.
[2026-07-30T16:06:29.144+0000] {processor.py:925} INFO - DAG(s) 'invoice_data_pipeline' retrieved from /opt/airflow/dags/invoice_data_pipeline_dag.py
[2026-07-30T16:06:29.293+0000] {logging_mixin.py:190} INFO - [2026-07-30T16:06:29.292+0000] {dag.py:3239} INFO - Sync 1 DAGs
[2026-07-30T16:06:29.394+0000] {logging_mixin.py:190} INFO - [2026-07-30T16:06:29.393+0000] {dag.py:4180} INFO - Setting next_dagrun for invoice_data_pipeline to 2026-07-30 00:00:00+00:00, run_after=2026-07-31 00:00:00+00:00
[2026-07-30T16:06:29.448+0000] {processor.py:208} INFO - Processing /opt/airflow/dags/invoice_data_pipeline_dag.py took 2.461 seconds
[2026-07-30T16:06:59.667+0000] {processor.py:186} INFO - Started process (PID=417) to work on /opt/airflow/dags/invoice_data_pipeline_dag.py
[2026-07-30T16:06:59.674+0000] {processor.py:914} INFO - Processing file /opt/airflow/dags/invoice_data_pipeline_dag.py for tasks to queue
[2026-07-30T16:06:59.680+0000] {logging_mixin.py:190} INFO - [2026-07-30T16:06:59.679+0000] {dagbag.py:588} INFO - Filling up the DagBag from /opt/airflow/dags/invoice_data_pipeline_dag.py
[2026-07-30T16:07:00.321+0000] {logging_mixin.py:190} INFO - Tables created successfully.
[2026-07-30T16:07:00.350+0000] {processor.py:925} INFO - DAG(s) 'invoice_data_pipeline' retrieved from /opt/airflow/dags/invoice_data_pipeline_dag.py
[2026-07-30T16:07:00.403+0000] {logging_mixin.py:190} INFO - [2026-07-30T16:07:00.403+0000] {dag.py:3239} INFO - Sync 1 DAGs
[2026-07-30T16:07:00.442+0000] {logging_mixin.py:190} INFO - [2026-07-30T16:07:00.442+0000] {dag.py:4180} INFO - Setting next_dagrun for invoice_data_pipeline to 2026-07-30 00:00:00+00:00, run_after=2026-07-31 00:00:00+00:00
[2026-07-30T16:07:00.474+0000] {processor.py:208} INFO - Processing /opt/airflow/dags/invoice_data_pipeline_dag.py took 0.846 seconds
[2026-07-30T16:07:32.711+0000] {processor.py:186} INFO - Started process (PID=423) to work on /opt/airflow/dags/invoice_data_pipeline_dag.py
[2026-07-30T16:07:32.713+0000] {processor.py:914} INFO - Processing file /opt/airflow/dags/invoice_data_pipeline_dag.py for tasks to queue
[2026-07-30T16:07:32.717+0000] {logging_mixin.py:190} INFO - [2026-07-30T16:07:32.716+0000] {dagbag.py:588} INFO - Filling up the DagBag from /opt/airflow/dags/invoice_data_pipeline_dag.py
[2026-07-30T16:07:33.236+0000] {logging_mixin.py:190} INFO - Tables created successfully.
[2026-07-30T16:07:33.264+0000] {processor.py:925} INFO - DAG(s) 'invoice_data_pipeline' retrieved from /opt/airflow/dags/invoice_data_pipeline_dag.py
[2026-07-30T16:07:33.318+0000] {logging_mixin.py:190} INFO - [2026-07-30T16:07:33.317+0000] {dag.py:3239} INFO - Sync 1 DAGs
[2026-07-30T16:07:33.366+0000] {logging_mixin.py:190} INFO - [2026-07-30T16:07:33.365+0000] {dag.py:4180} INFO - Setting next_dagrun for invoice_data_pipeline to 2026-07-30 00:00:00+00:00, run_after=2026-07-31 00:00:00+00:00
[2026-07-30T16:07:33.398+0000] {processor.py:208} INFO - Processing /opt/airflow/dags/invoice_data_pipeline_dag.py took 0.709 seconds
[2026-07-30T16:08:03.972+0000] {processor.py:186} INFO - Started process (PID=445) to work on /opt/airflow/dags/invoice_data_pipeline_dag.py
[2026-07-30T16:08:03.984+0000] {processor.py:914} INFO - Processing file /opt/airflow/dags/invoice_data_pipeline_dag.py for tasks to queue
[2026-07-30T16:08:03.994+0000] {logging_mixin.py:190} INFO - [2026-07-30T16:08:03.991+0000] {dagbag.py:588} INFO - Filling up the DagBag from /opt/airflow/dags/invoice_data_pipeline_dag.py
[2026-07-30T16:08:05.188+0000] {logging_mixin.py:190} INFO - Tables created successfully.
[2026-07-30T16:08:05.236+0000] {processor.py:925} INFO - DAG(s) 'invoice_data_pipeline' retrieved from /opt/airflow/dags/invoice_data_pipeline_dag.py
[2026-07-30T16:08:05.359+0000] {logging_mixin.py:190} INFO - [2026-07-30T16:08:05.358+0000] {dag.py:3239} INFO - Sync 1 DAGs
[2026-07-30T16:08:05.463+0000] {logging_mixin.py:190} INFO - [2026-07-30T16:08:05.462+0000] {dag.py:4180} INFO - Setting next_dagrun for invoice_data_pipeline to 2026-07-30 00:00:00+00:00, run_after=2026-07-31 00:00:00+00:00
[2026-07-30T16:08:05.513+0000] {processor.py:208} INFO - Processing /opt/airflow/dags/invoice_data_pipeline_dag.py took 1.579 seconds
[2026-07-30T16:08:35.805+0000] {processor.py:186} INFO - Started process (PID=463) to work on /opt/airflow/dags/invoice_data_pipeline_dag.py
[2026-07-30T16:08:35.809+0000] {processor.py:914} INFO - Processing file /opt/airflow/dags/invoice_data_pipeline_dag.py for tasks to queue
[2026-07-30T16:08:35.816+0000] {logging_mixin.py:190} INFO - [2026-07-30T16:08:35.814+0000] {dagbag.py:588} INFO - Filling up the DagBag from /opt/airflow/dags/invoice_data_pipeline_dag.py
[2026-07-30T16:08:36.503+0000] {logging_mixin.py:190} INFO - Tables created successfully.
[2026-07-30T16:08:36.584+0000] {processor.py:925} INFO - DAG(s) 'invoice_data_pipeline' retrieved from /opt/airflow/dags/invoice_data_pipeline_dag.py
[2026-07-30T16:08:36.765+0000] {logging_mixin.py:190} INFO - [2026-07-30T16:08:36.764+0000] {dag.py:3239} INFO - Sync 1 DAGs
[2026-07-30T16:08:36.869+0000] {logging_mixin.py:190} INFO - [2026-07-30T16:08:36.869+0000] {dag.py:4180} INFO - Setting next_dagrun for invoice_data_pipeline to 2026-07-30 00:00:00+00:00, run_after=2026-07-31 00:00:00+00:00
[2026-07-30T16:08:36.930+0000] {processor.py:208} INFO - Processing /opt/airflow/dags/invoice_data_pipeline_dag.py took 1.160 seconds
[2026-07-30T16:09:07.160+0000] {processor.py:186} INFO - Started process (PID=469) to work on /opt/airflow/dags/invoice_data_pipeline_dag.py
[2026-07-30T16:09:07.162+0000] {processor.py:914} INFO - Processing file /opt/airflow/dags/invoice_data_pipeline_dag.py for tasks to queue
[2026-07-30T16:09:07.166+0000] {logging_mixin.py:190} INFO - [2026-07-30T16:09:07.165+0000] {dagbag.py:588} INFO - Filling up the DagBag from /opt/airflow/dags/invoice_data_pipeline_dag.py
[2026-07-30T16:09:07.802+0000] {logging_mixin.py:190} INFO - Tables created successfully.
[2026-07-30T16:09:07.818+0000] {processor.py:925} INFO - DAG(s) 'invoice_data_pipeline' retrieved from /opt/airflow/dags/invoice_data_pipeline_dag.py
[2026-07-30T16:09:07.874+0000] {logging_mixin.py:190} INFO - [2026-07-30T16:09:07.873+0000] {dag.py:3239} INFO - Sync 1 DAGs
[2026-07-30T16:09:07.926+0000] {logging_mixin.py:190} INFO - [2026-07-30T16:09:07.926+0000] {dag.py:4180} INFO - Setting next_dagrun for invoice_data_pipeline to 2026-07-30 00:00:00+00:00, run_after=2026-07-31 00:00:00+00:00
[2026-07-30T16:09:07.952+0000] {processor.py:208} INFO - Processing /opt/airflow/dags/invoice_data_pipeline_dag.py took 0.812 seconds
[2026-07-30T16:09:38.318+0000] {processor.py:186} INFO - Started process (PID=475) to work on /opt/airflow/dags/invoice_data_pipeline_dag.py
[2026-07-30T16:09:38.323+0000] {processor.py:914} INFO - Processing file /opt/airflow/dags/invoice_data_pipeline_dag.py for tasks to queue
[2026-07-30T16:09:38.329+0000] {logging_mixin.py:190} INFO - [2026-07-30T16:09:38.328+0000] {dagbag.py:588} INFO - Filling up the DagBag from /opt/airflow/dags/invoice_data_pipeline_dag.py
[2026-07-30T16:09:39.119+0000] {logging_mixin.py:190} INFO - Tables created successfully.
[2026-07-30T16:09:39.154+0000] {processor.py:925} INFO - DAG(s) 'invoice_data_pipeline' retrieved from /opt/airflow/dags/invoice_data_pipeline_dag.py
[2026-07-30T16:09:39.218+0000] {logging_mixin.py:190} INFO - [2026-07-30T16:09:39.217+0000] {dag.py:3239} INFO - Sync 1 DAGs
[2026-07-30T16:09:39.267+0000] {logging_mixin.py:190} INFO - [2026-07-30T16:09:39.267+0000] {dag.py:4180} INFO - Setting next_dagrun for invoice_data_pipeline to 2026-07-30 00:00:00+00:00, run_after=2026-07-31 00:00:00+00:00
[2026-07-30T16:09:39.303+0000] {processor.py:208} INFO - Processing /opt/airflow/dags/invoice_data_pipeline_dag.py took 1.022 seconds
[2026-07-30T16:10:09.994+0000] {processor.py:186} INFO - Started process (PID=489) to work on /opt/airflow/dags/invoice_data_pipeline_dag.py
[2026-07-30T16:10:10.005+0000] {processor.py:914} INFO - Processing file /opt/airflow/dags/invoice_data_pipeline_dag.py for tasks to queue
[2026-07-30T16:10:10.017+0000] {logging_mixin.py:190} INFO - [2026-07-30T16:10:10.013+0000] {dagbag.py:588} INFO - Filling up the DagBag from /opt/airflow/dags/invoice_data_pipeline_dag.py
[2026-07-30T16:10:12.520+0000] {logging_mixin.py:190} INFO - Tables created successfully.
[2026-07-30T16:10:12.565+0000] {processor.py:925} INFO - DAG(s) 'invoice_data_pipeline' retrieved from /opt/airflow/dags/invoice_data_pipeline_dag.py
[2026-07-30T16:10:12.637+0000] {logging_mixin.py:190} INFO - [2026-07-30T16:10:12.636+0000] {dag.py:3239} INFO - Sync 1 DAGs
[2026-07-30T16:10:12.711+0000] {logging_mixin.py:190} INFO - [2026-07-30T16:10:12.710+0000] {dag.py:4180} INFO - Setting next_dagrun for invoice_data_pipeline to 2026-07-30 00:00:00+00:00, run_after=2026-07-31 00:00:00+00:00
[2026-07-30T16:10:12.749+0000] {processor.py:208} INFO - Processing /opt/airflow/dags/invoice_data_pipeline_dag.py took 2.812 seconds
[2026-07-30T16:10:43.074+0000] {processor.py:186} INFO - Started process (PID=507) to work on /opt/airflow/dags/invoice_data_pipeline_dag.py
[2026-07-30T16:10:43.078+0000] {processor.py:914} INFO - Processing file /opt/airflow/dags/invoice_data_pipeline_dag.py for tasks to queue
[2026-07-30T16:10:43.082+0000] {logging_mixin.py:190} INFO - [2026-07-30T16:10:43.081+0000] {dagbag.py:588} INFO - Filling up the DagBag from /opt/airflow/dags/invoice_data_pipeline_dag.py
[2026-07-30T16:10:43.746+0000] {logging_mixin.py:190} INFO - Tables created successfully.
[2026-07-30T16:10:43.758+0000] {processor.py:925} INFO - DAG(s) 'invoice_data_pipeline' retrieved from /opt/airflow/dags/invoice_data_pipeline_dag.py
[2026-07-30T16:10:43.790+0000] {logging_mixin.py:190} INFO - [2026-07-30T16:10:43.789+0000] {dag.py:3239} INFO - Sync 1 DAGs
[2026-07-30T16:10:43.820+0000] {logging_mixin.py:190} INFO - [2026-07-30T16:10:43.820+0000] {dag.py:4180} INFO - Setting next_dagrun for invoice_data_pipeline to 2026-07-30 00:00:00+00:00, run_after=2026-07-31 00:00:00+00:00
[2026-07-30T16:10:43.842+0000] {processor.py:208} INFO - Processing /opt/airflow/dags/invoice_data_pipeline_dag.py took 0.793 seconds
[2026-07-30T16:11:14.162+0000] {processor.py:186} INFO - Started process (PID=513) to work on /opt/airflow/dags/invoice_data_pipeline_dag.py
[2026-07-30T16:11:14.165+0000] {processor.py:914} INFO - Processing file /opt/airflow/dags/invoice_data_pipeline_dag.py for tasks to queue
[2026-07-30T16:11:14.167+0000] {logging_mixin.py:190} INFO - [2026-07-30T16:11:14.167+0000] {dagbag.py:588} INFO - Filling up the DagBag from /opt/airflow/dags/invoice_data_pipeline_dag.py
[2026-07-30T16:11:14.638+0000] {logging_mixin.py:190} INFO - Tables created successfully.
[2026-07-30T16:11:14.654+0000] {processor.py:925} INFO - DAG(s) 'invoice_data_pipeline' retrieved from /opt/airflow/dags/invoice_data_pipeline_dag.py
[2026-07-30T16:11:14.706+0000] {logging_mixin.py:190} INFO - [2026-07-30T16:11:14.704+0000] {dag.py:3239} INFO - Sync 1 DAGs
[2026-07-30T16:11:14.759+0000] {logging_mixin.py:190} INFO - [2026-07-30T16:11:14.758+0000] {dag.py:4180} INFO - Setting next_dagrun for invoice_data_pipeline to 2026-07-30 00:00:00+00:00, run_after=2026-07-31 00:00:00+00:00
[2026-07-30T16:11:14.790+0000] {processor.py:208} INFO - Processing /opt/airflow/dags/invoice_data_pipeline_dag.py took 0.638 seconds
[2026-07-30T16:11:57.695+0000] {processor.py:186} INFO - Started process (PID=167) to work on /opt/airflow/dags/invoice_data_pipeline_dag.py
[2026-07-30T16:11:57.705+0000] {processor.py:914} INFO - Processing file /opt/airflow/dags/invoice_data_pipeline_dag.py for tasks to queue
[2026-07-30T16:11:57.725+0000] {logging_mixin.py:190} INFO - [2026-07-30T16:11:57.723+0000] {dagbag.py:588} INFO - Filling up the DagBag from /opt/airflow/dags/invoice_data_pipeline_dag.py
[2026-07-30T16:12:01.804+0000] {logging_mixin.py:190} INFO - Tables created successfully.
[2026-07-30T16:12:01.836+0000] {processor.py:925} INFO - DAG(s) 'invoice_data_pipeline' retrieved from /opt/airflow/dags/invoice_data_pipeline_dag.py
[2026-07-30T16:12:01.994+0000] {logging_mixin.py:190} INFO - [2026-07-30T16:12:01.992+0000] {dag.py:3239} INFO - Sync 1 DAGs
[2026-07-30T16:12:02.108+0000] {logging_mixin.py:190} INFO - [2026-07-30T16:12:02.107+0000] {dag.py:4180} INFO - Setting next_dagrun for invoice_data_pipeline to 2026-07-30 00:00:00+00:00, run_after=2026-07-31 00:00:00+00:00
[2026-07-30T16:12:02.168+0000] {processor.py:208} INFO - Processing /opt/airflow/dags/invoice_data_pipeline_dag.py took 4.530 seconds
[2026-07-30T16:12:32.632+0000] {processor.py:186} INFO - Started process (PID=173) to work on /opt/airflow/dags/invoice_data_pipeline_dag.py
[2026-07-30T16:12:32.640+0000] {processor.py:914} INFO - Processing file /opt/airflow/dags/invoice_data_pipeline_dag.py for tasks to queue
[2026-07-30T16:12:32.673+0000] {logging_mixin.py:190} INFO - [2026-07-30T16:12:32.671+0000] {dagbag.py:588} INFO - Filling up the DagBag from /opt/airflow/dags/invoice_data_pipeline_dag.py
[2026-07-30T16:12:34.307+0000] {logging_mixin.py:190} INFO - Tables created successfully.
[2026-07-30T16:12:34.321+0000] {processor.py:925} INFO - DAG(s) 'invoice_data_pipeline' retrieved from /opt/airflow/dags/invoice_data_pipeline_dag.py
[2026-07-30T16:12:34.372+0000] {logging_mixin.py:190} INFO - [2026-07-30T16:12:34.372+0000] {dag.py:3239} INFO - Sync 1 DAGs
[2026-07-30T16:12:34.411+0000] {logging_mixin.py:190} INFO - [2026-07-30T16:12:34.411+0000] {dag.py:4180} INFO - Setting next_dagrun for invoice_data_pipeline to 2026-07-30 00:00:00+00:00, run_after=2026-07-31 00:00:00+00:00
[2026-07-30T16:12:34.436+0000] {processor.py:208} INFO - Processing /opt/airflow/dags/invoice_data_pipeline_dag.py took 1.896 seconds
[2026-07-30T16:13:04.875+0000] {processor.py:186} INFO - Started process (PID=183) to work on /opt/airflow/dags/invoice_data_pipeline_dag.py
[2026-07-30T16:13:04.884+0000] {processor.py:914} INFO - Processing file /opt/airflow/dags/invoice_data_pipeline_dag.py for tasks to queue
[2026-07-30T16:13:04.919+0000] {logging_mixin.py:190} INFO - [2026-07-30T16:13:04.916+0000] {dagbag.py:588} INFO - Filling up the DagBag from /opt/airflow/dags/invoice_data_pipeline_dag.py
[2026-07-30T16:13:08.896+0000] {logging_mixin.py:190} INFO - Tables created successfully.
[2026-07-30T16:13:08.913+0000] {processor.py:925} INFO - DAG(s) 'invoice_data_pipeline' retrieved from /opt/airflow/dags/invoice_data_pipeline_dag.py
[2026-07-30T16:13:08.981+0000] {logging_mixin.py:190} INFO - [2026-07-30T16:13:08.979+0000] {dag.py:3239} INFO - Sync 1 DAGs
[2026-07-30T16:13:09.035+0000] {logging_mixin.py:190} INFO - [2026-07-30T16:13:09.034+0000] {dag.py:4180} INFO - Setting next_dagrun for invoice_data_pipeline to 2026-07-30 00:00:00+00:00, run_after=2026-07-31 00:00:00+00:00
[2026-07-30T16:13:09.078+0000] {processor.py:208} INFO - Processing /opt/airflow/dags/invoice_data_pipeline_dag.py took 4.266 seconds
[2026-07-30T16:13:44.080+0000] {processor.py:186} INFO - Started process (PID=189) to work on /opt/airflow/dags/invoice_data_pipeline_dag.py
[2026-07-30T16:13:44.087+0000] {processor.py:914} INFO - Processing file /opt/airflow/dags/invoice_data_pipeline_dag.py for tasks to queue
[2026-07-30T16:13:44.097+0000] {logging_mixin.py:190} INFO - [2026-07-30T16:13:44.096+0000] {dagbag.py:588} INFO - Filling up the DagBag from /opt/airflow/dags/invoice_data_pipeline_dag.py
[2026-07-30T16:13:46.225+0000] {logging_mixin.py:190} INFO - Tables created successfully.
[2026-07-30T16:13:46.233+0000] {processor.py:925} INFO - DAG(s) 'invoice_data_pipeline' retrieved from /opt/airflow/dags/invoice_data_pipeline_dag.py
[2026-07-30T16:13:46.263+0000] {logging_mixin.py:190} INFO - [2026-07-30T16:13:46.262+0000] {dag.py:3239} INFO - Sync 1 DAGs
[2026-07-30T16:13:46.281+0000] {logging_mixin.py:190} INFO - [2026-07-30T16:13:46.280+0000] {dag.py:4180} INFO - Setting next_dagrun for invoice_data_pipeline to 2026-07-30 00:00:00+00:00, run_after=2026-07-31 00:00:00+00:00
[2026-07-30T16:13:46.301+0000] {processor.py:208} INFO - Processing /opt/airflow/dags/invoice_data_pipeline_dag.py took 2.240 seconds
[2026-07-30T16:14:16.612+0000] {processor.py:186} INFO - Started process (PID=195) to work on /opt/airflow/dags/invoice_data_pipeline_dag.py
[2026-07-30T16:14:16.616+0000] {processor.py:914} INFO - Processing file /opt/airflow/dags/invoice_data_pipeline_dag.py for tasks to queue
[2026-07-30T16:14:16.629+0000] {logging_mixin.py:190} INFO - [2026-07-30T16:14:16.628+0000] {dagbag.py:588} INFO - Filling up the DagBag from /opt/airflow/dags/invoice_data_pipeline_dag.py
[2026-07-30T16:14:17.481+0000] {logging_mixin.py:190} INFO - Tables created successfully.
[2026-07-30T16:14:17.493+0000] {processor.py:925} INFO - DAG(s) 'invoice_data_pipeline' retrieved from /opt/airflow/dags/invoice_data_pipeline_dag.py
[2026-07-30T16:14:17.529+0000] {logging_mixin.py:190} INFO - [2026-07-30T16:14:17.528+0000] {dag.py:3239} INFO - Sync 1 DAGs
[2026-07-30T16:14:17.552+0000] {logging_mixin.py:190} INFO - [2026-07-30T16:14:17.551+0000] {dag.py:4180} INFO - Setting next_dagrun for invoice_data_pipeline to 2026-07-30 00:00:00+00:00, run_after=2026-07-31 00:00:00+00:00
[2026-07-30T16:14:17.573+0000] {processor.py:208} INFO - Processing /opt/airflow/dags/invoice_data_pipeline_dag.py took 0.986 seconds
[2026-07-30T16:14:47.892+0000] {processor.py:186} INFO - Started process (PID=205) to work on /opt/airflow/dags/invoice_data_pipeline_dag.py
[2026-07-30T16:14:47.894+0000] {processor.py:914} INFO - Processing file /opt/airflow/dags/invoice_data_pipeline_dag.py for tasks to queue
[2026-07-30T16:14:47.898+0000] {logging_mixin.py:190} INFO - [2026-07-30T16:14:47.898+0000] {dagbag.py:588} INFO - Filling up the DagBag from /opt/airflow/dags/invoice_data_pipeline_dag.py
[2026-07-30T16:14:48.508+0000] {logging_mixin.py:190} INFO - Tables created successfully.
[2026-07-30T16:14:48.518+0000] {processor.py:925} INFO - DAG(s) 'invoice_data_pipeline' retrieved from /opt/airflow/dags/invoice_data_pipeline_dag.py
[2026-07-30T16:14:48.548+0000] {logging_mixin.py:190} INFO - [2026-07-30T16:14:48.547+0000] {dag.py:3239} INFO - Sync 1 DAGs
[2026-07-30T16:14:48.574+0000] {logging_mixin.py:190} INFO - [2026-07-30T16:14:48.574+0000] {dag.py:4180} INFO - Setting next_dagrun for invoice_data_pipeline to 2026-07-30 00:00:00+00:00, run_after=2026-07-31 00:00:00+00:00
[2026-07-30T16:14:48.600+0000] {processor.py:208} INFO - Processing /opt/airflow/dags/invoice_data_pipeline_dag.py took 0.721 seconds
[2026-07-30T16:15:18.898+0000] {processor.py:186} INFO - Started process (PID=211) to work on /opt/airflow/dags/invoice_data_pipeline_dag.py
[2026-07-30T16:15:18.900+0000] {processor.py:914} INFO - Processing file /opt/airflow/dags/invoice_data_pipeline_dag.py for tasks to queue
[2026-07-30T16:15:18.903+0000] {logging_mixin.py:190} INFO - [2026-07-30T16:15:18.903+0000] {dagbag.py:588} INFO - Filling up the DagBag from /opt/airflow/dags/invoice_data_pipeline_dag.py
[2026-07-30T16:15:19.530+0000] {logging_mixin.py:190} INFO - Tables created successfully.
[2026-07-30T16:15:19.537+0000] {processor.py:925} INFO - DAG(s) 'invoice_data_pipeline' retrieved from /opt/airflow/dags/invoice_data_pipeline_dag.py
[2026-07-30T16:15:19.569+0000] {logging_mixin.py:190} INFO - [2026-07-30T16:15:19.568+0000] {dag.py:3239} INFO - Sync 1 DAGs
[2026-07-30T16:15:19.601+0000] {logging_mixin.py:190} INFO - [2026-07-30T16:15:19.601+0000] {dag.py:4180} INFO - Setting next_dagrun for invoice_data_pipeline to 2026-07-30 00:00:00+00:00, run_after=2026-07-31 00:00:00+00:00
[2026-07-30T16:15:19.626+0000] {processor.py:208} INFO - Processing /opt/airflow/dags/invoice_data_pipeline_dag.py took 0.735 seconds
[2026-07-30T16:15:49.959+0000] {processor.py:186} INFO - Started process (PID=217) to work on /opt/airflow/dags/invoice_data_pipeline_dag.py
[2026-07-30T16:15:49.963+0000] {processor.py:914} INFO - Processing file /opt/airflow/dags/invoice_data_pipeline_dag.py for tasks to queue
[2026-07-30T16:15:49.974+0000] {logging_mixin.py:190} INFO - [2026-07-30T16:15:49.973+0000] {dagbag.py:588} INFO - Filling up the DagBag from /opt/airflow/dags/invoice_data_pipeline_dag.py
[2026-07-30T16:15:50.721+0000] {logging_mixin.py:190} INFO - Tables created successfully.
[2026-07-30T16:15:50.732+0000] {processor.py:925} INFO - DAG(s) 'invoice_data_pipeline' retrieved from /opt/airflow/dags/invoice_data_pipeline_dag.py
[2026-07-30T16:15:50.771+0000] {logging_mixin.py:190} INFO - [2026-07-30T16:15:50.770+0000] {dag.py:3239} INFO - Sync 1 DAGs
[2026-07-30T16:15:50.806+0000] {logging_mixin.py:190} INFO - [2026-07-30T16:15:50.806+0000] {dag.py:4180} INFO - Setting next_dagrun for invoice_data_pipeline to 2026-07-30 00:00:00+00:00, run_after=2026-07-31 00:00:00+00:00
[2026-07-30T16:15:50.831+0000] {processor.py:208} INFO - Processing /opt/airflow/dags/invoice_data_pipeline_dag.py took 0.896 seconds
[2026-07-30T16:16:21.286+0000] {processor.py:186} INFO - Started process (PID=223) to work on /opt/airflow/dags/invoice_data_pipeline_dag.py
[2026-07-30T16:16:21.291+0000] {processor.py:914} INFO - Processing file /opt/airflow/dags/invoice_data_pipeline_dag.py for tasks to queue
[2026-07-30T16:16:21.315+0000] {logging_mixin.py:190} INFO - [2026-07-30T16:16:21.312+0000] {dagbag.py:588} INFO - Filling up the DagBag from /opt/airflow/dags/invoice_data_pipeline_dag.py
[2026-07-30T16:16:23.701+0000] {logging_mixin.py:190} INFO - Tables created successfully.
[2026-07-30T16:16:23.719+0000] {processor.py:925} INFO - DAG(s) 'invoice_data_pipeline' retrieved from /opt/airflow/dags/invoice_data_pipeline_dag.py
[2026-07-30T16:16:23.789+0000] {logging_mixin.py:190} INFO - [2026-07-30T16:16:23.788+0000] {dag.py:3239} INFO - Sync 1 DAGs
[2026-07-30T16:16:23.822+0000] {logging_mixin.py:190} INFO - [2026-07-30T16:16:23.822+0000] {dag.py:4180} INFO - Setting next_dagrun for invoice_data_pipeline to 2026-07-30 00:00:00+00:00, run_after=2026-07-31 00:00:00+00:00
[2026-07-30T16:16:23.847+0000] {processor.py:208} INFO - Processing /opt/airflow/dags/invoice_data_pipeline_dag.py took 2.602 seconds
[2026-07-30T16:16:54.058+0000] {processor.py:186} INFO - Started process (PID=241) to work on /opt/airflow/dags/invoice_data_pipeline_dag.py
[2026-07-30T16:16:54.062+0000] {processor.py:914} INFO - Processing file /opt/airflow/dags/invoice_data_pipeline_dag.py for tasks to queue
[2026-07-30T16:16:54.075+0000] {logging_mixin.py:190} INFO - [2026-07-30T16:16:54.074+0000] {dagbag.py:588} INFO - Filling up the DagBag from /opt/airflow/dags/invoice_data_pipeline_dag.py
[2026-07-30T16:16:56.068+0000] {logging_mixin.py:190} INFO - Tables created successfully.
[2026-07-30T16:16:56.084+0000] {processor.py:925} INFO - DAG(s) 'invoice_data_pipeline' retrieved from /opt/airflow/dags/invoice_data_pipeline_dag.py
[2026-07-30T16:16:56.135+0000] {logging_mixin.py:190} INFO - [2026-07-30T16:16:56.134+0000] {dag.py:3239} INFO - Sync 1 DAGs
[2026-07-30T16:16:56.171+0000] {logging_mixin.py:190} INFO - [2026-07-30T16:16:56.171+0000] {dag.py:4180} INFO - Setting next_dagrun for invoice_data_pipeline to 2026-07-30 00:00:00+00:00, run_after=2026-07-31 00:00:00+00:00
[2026-07-30T16:16:56.200+0000] {processor.py:208} INFO - Processing /opt/airflow/dags/invoice_data_pipeline_dag.py took 2.169 seconds
[2026-07-30T16:17:26.872+0000] {processor.py:186} INFO - Started process (PID=247) to work on /opt/airflow/dags/invoice_data_pipeline_dag.py
[2026-07-30T16:17:26.885+0000] {processor.py:914} INFO - Processing file /opt/airflow/dags/invoice_data_pipeline_dag.py for tasks to queue
[2026-07-30T16:17:26.919+0000] {logging_mixin.py:190} INFO - [2026-07-30T16:17:26.914+0000] {dagbag.py:588} INFO - Filling up the DagBag from /opt/airflow/dags/invoice_data_pipeline_dag.py
[2026-07-30T16:17:30.438+0000] {logging_mixin.py:190} INFO - Tables created successfully.
[2026-07-30T16:17:30.512+0000] {processor.py:925} INFO - DAG(s) 'invoice_data_pipeline' retrieved from /opt/airflow/dags/invoice_data_pipeline_dag.py
[2026-07-30T16:17:30.710+0000] {logging_mixin.py:190} INFO - [2026-07-30T16:17:30.706+0000] {dag.py:3239} INFO - Sync 1 DAGs
[2026-07-30T16:17:30.952+0000] {logging_mixin.py:190} INFO - [2026-07-30T16:17:30.952+0000] {dag.py:4180} INFO - Setting next_dagrun for invoice_data_pipeline to 2026-07-30 00:00:00+00:00, run_after=2026-07-31 00:00:00+00:00
[2026-07-30T16:17:31.068+0000] {processor.py:208} INFO - Processing /opt/airflow/dags/invoice_data_pipeline_dag.py took 4.248 seconds
[2026-07-30T16:18:01.522+0000] {processor.py:186} INFO - Started process (PID=253) to work on /opt/airflow/dags/invoice_data_pipeline_dag.py
[2026-07-30T16:18:01.526+0000] {processor.py:914} INFO - Processing file /opt/airflow/dags/invoice_data_pipeline_dag.py for tasks to queue
[2026-07-30T16:18:01.544+0000] {logging_mixin.py:190} INFO - [2026-07-30T16:18:01.542+0000] {dagbag.py:588} INFO - Filling up the DagBag from /opt/airflow/dags/invoice_data_pipeline_dag.py
[2026-07-30T16:18:05.464+0000] {logging_mixin.py:190} INFO - Tables created successfully.
[2026-07-30T16:18:05.545+0000] {processor.py:925} INFO - DAG(s) 'invoice_data_pipeline' retrieved from /opt/airflow/dags/invoice_data_pipeline_dag.py
[2026-07-30T16:18:05.781+0000] {logging_mixin.py:190} INFO - [2026-07-30T16:18:05.779+0000] {dag.py:3239} INFO - Sync 1 DAGs
[2026-07-30T16:18:05.922+0000] {logging_mixin.py:190} INFO - [2026-07-30T16:18:05.919+0000] {dag.py:4180} INFO - Setting next_dagrun for invoice_data_pipeline to 2026-07-30 00:00:00+00:00, run_after=2026-07-31 00:00:00+00:00
[2026-07-30T16:18:06.005+0000] {processor.py:208} INFO - Processing /opt/airflow/dags/invoice_data_pipeline_dag.py took 4.520 seconds
[2026-07-30T16:18:36.529+0000] {processor.py:186} INFO - Started process (PID=261) to work on /opt/airflow/dags/invoice_data_pipeline_dag.py
[2026-07-30T16:18:36.535+0000] {processor.py:914} INFO - Processing file /opt/airflow/dags/invoice_data_pipeline_dag.py for tasks to queue
[2026-07-30T16:18:36.558+0000] {logging_mixin.py:190} INFO - [2026-07-30T16:18:36.555+0000] {dagbag.py:588} INFO - Filling up the DagBag from /opt/airflow/dags/invoice_data_pipeline_dag.py
[2026-07-30T16:18:39.046+0000] {logging_mixin.py:190} INFO - Tables created successfully.
[2026-07-30T16:18:39.061+0000] {processor.py:925} INFO - DAG(s) 'invoice_data_pipeline' retrieved from /opt/airflow/dags/invoice_data_pipeline_dag.py
[2026-07-30T16:18:39.113+0000] {logging_mixin.py:190} INFO - [2026-07-30T16:18:39.112+0000] {dag.py:3239} INFO - Sync 1 DAGs
[2026-07-30T16:18:39.144+0000] {logging_mixin.py:190} INFO - [2026-07-30T16:18:39.144+0000] {dag.py:4180} INFO - Setting next_dagrun for invoice_data_pipeline to 2026-07-30 00:00:00+00:00, run_after=2026-07-31 00:00:00+00:00
[2026-07-30T16:18:39.171+0000] {processor.py:208} INFO - Processing /opt/airflow/dags/invoice_data_pipeline_dag.py took 2.696 seconds
[2026-07-30T16:19:09.689+0000] {processor.py:186} INFO - Started process (PID=269) to work on /opt/airflow/dags/invoice_data_pipeline_dag.py
[2026-07-30T16:19:09.697+0000] {processor.py:914} INFO - Processing file /opt/airflow/dags/invoice_data_pipeline_dag.py for tasks to queue
[2026-07-30T16:19:09.727+0000] {logging_mixin.py:190} INFO - [2026-07-30T16:19:09.725+0000] {dagbag.py:588} INFO - Filling up the DagBag from /opt/airflow/dags/invoice_data_pipeline_dag.py
[2026-07-30T16:19:12.796+0000] {logging_mixin.py:190} INFO - Tables created successfully.
[2026-07-30T16:19:12.836+0000] {processor.py:925} INFO - DAG(s) 'invoice_data_pipeline' retrieved from /opt/airflow/dags/invoice_data_pipeline_dag.py
[2026-07-30T16:19:12.962+0000] {logging_mixin.py:190} INFO - [2026-07-30T16:19:12.961+0000] {dag.py:3239} INFO - Sync 1 DAGs
[2026-07-30T16:19:13.035+0000] {logging_mixin.py:190} INFO - [2026-07-30T16:19:13.035+0000] {dag.py:4180} INFO - Setting next_dagrun for invoice_data_pipeline to 2026-07-30 00:00:00+00:00, run_after=2026-07-31 00:00:00+00:00
[2026-07-30T16:19:13.077+0000] {processor.py:208} INFO - Processing /opt/airflow/dags/invoice_data_pipeline_dag.py took 3.462 seconds
[2026-07-30T16:19:43.701+0000] {processor.py:186} INFO - Started process (PID=275) to work on /opt/airflow/dags/invoice_data_pipeline_dag.py
[2026-07-30T16:19:43.704+0000] {processor.py:914} INFO - Processing file /opt/airflow/dags/invoice_data_pipeline_dag.py for tasks to queue
[2026-07-30T16:19:43.719+0000] {logging_mixin.py:190} INFO - [2026-07-30T16:19:43.716+0000] {dagbag.py:588} INFO - Filling up the DagBag from /opt/airflow/dags/invoice_data_pipeline_dag.py
[2026-07-30T16:19:46.937+0000] {logging_mixin.py:190} INFO - Tables created successfully.
[2026-07-30T16:19:46.958+0000] {processor.py:925} INFO - DAG(s) 'invoice_data_pipeline' retrieved from /opt/airflow/dags/invoice_data_pipeline_dag.py
[2026-07-30T16:19:47.029+0000] {logging_mixin.py:190} INFO - [2026-07-30T16:19:47.028+0000] {dag.py:3239} INFO - Sync 1 DAGs
[2026-07-30T16:19:47.074+0000] {logging_mixin.py:190} INFO - [2026-07-30T16:19:47.073+0000] {dag.py:4180} INFO - Setting next_dagrun for invoice_data_pipeline to 2026-07-30 00:00:00+00:00, run_after=2026-07-31 00:00:00+00:00
[2026-07-30T16:19:47.100+0000] {processor.py:208} INFO - Processing /opt/airflow/dags/invoice_data_pipeline_dag.py took 3.446 seconds
[2026-07-30T16:20:17.252+0000] {processor.py:186} INFO - Started process (PID=281) to work on /opt/airflow/dags/invoice_data_pipeline_dag.py
[2026-07-30T16:20:17.257+0000] {processor.py:914} INFO - Processing file /opt/airflow/dags/invoice_data_pipeline_dag.py for tasks to queue
[2026-07-30T16:20:17.275+0000] {logging_mixin.py:190} INFO - [2026-07-30T16:20:17.273+0000] {dagbag.py:588} INFO - Filling up the DagBag from /opt/airflow/dags/invoice_data_pipeline_dag.py
[2026-07-30T16:20:17.848+0000] {logging_mixin.py:190} INFO - Tables created successfully.
[2026-07-30T16:20:17.861+0000] {processor.py:925} INFO - DAG(s) 'invoice_data_pipeline' retrieved from /opt/airflow/dags/invoice_data_pipeline_dag.py
[2026-07-30T16:20:17.902+0000] {logging_mixin.py:190} INFO - [2026-07-30T16:20:17.901+0000] {dag.py:3239} INFO - Sync 1 DAGs
[2026-07-30T16:20:17.928+0000] {logging_mixin.py:190} INFO - [2026-07-30T16:20:17.928+0000] {dag.py:4180} INFO - Setting next_dagrun for invoice_data_pipeline to 2026-07-30 00:00:00+00:00, run_after=2026-07-31 00:00:00+00:00
[2026-07-30T16:20:17.948+0000] {processor.py:208} INFO - Processing /opt/airflow/dags/invoice_data_pipeline_dag.py took 0.721 seconds
[2026-07-30T16:20:49.415+0000] {processor.py:186} INFO - Started process (PID=290) to work on /opt/airflow/dags/invoice_data_pipeline_dag.py
[2026-07-30T16:20:49.428+0000] {processor.py:914} INFO - Processing file /opt/airflow/dags/invoice_data_pipeline_dag.py for tasks to queue
[2026-07-30T16:20:49.474+0000] {logging_mixin.py:190} INFO - [2026-07-30T16:20:49.467+0000] {dagbag.py:588} INFO - Filling up the DagBag from /opt/airflow/dags/invoice_data_pipeline_dag.py
[2026-07-30T16:21:25.381+0000] {logging_mixin.py:190} INFO - [2026-07-30T16:21:25.287+0000] {timeout.py:68} ERROR - Process timed out, PID: 290
[2026-07-30T16:21:26.020+0000] {logging_mixin.py:190} INFO - [2026-07-30T16:21:25.565+0000] {dagbag.py:387} ERROR - Failed to import: /opt/airflow/dags/invoice_data_pipeline_dag.py
Traceback (most recent call last):
  File "/home/airflow/.local/lib/python3.12/site-packages/airflow/models/dagbag.py", line 383, in parse
    loader.exec_module(new_module)
  File "<frozen importlib._bootstrap_external>", line 995, in exec_module
  File "<frozen importlib._bootstrap>", line 488, in _call_with_frames_removed
  File "/opt/airflow/dags/invoice_data_pipeline_dag.py", line 4, in <module>
    import pandas as pd
  File "/home/airflow/.local/lib/python3.12/site-packages/pandas/__init__.py", line 23, in <module>
    from pandas.compat import (
  File "/home/airflow/.local/lib/python3.12/site-packages/pandas/compat/__init__.py", line 27, in <module>
    from pandas.compat.pyarrow import (
  File "/home/airflow/.local/lib/python3.12/site-packages/pandas/compat/pyarrow.py", line 8, in <module>
    import pyarrow as pa
  File "/home/airflow/.local/lib/python3.12/site-packages/pyarrow/__init__.py", line 65, in <module>
    import pyarrow.lib as _lib
  File "pyarrow/config.pxi", line 24, in init pyarrow.lib
  File "/usr/local/lib/python3.12/collections/__init__.py", line 441, in namedtuple
    __new__ = eval(code, namespace)
              ^^^^^^^^^^^^^^^^^^^^^
  File "<string>", line 0, in <module>
  File "/home/airflow/.local/lib/python3.12/site-packages/airflow/utils/timeout.py", line 69, in handle_timeout
    raise AirflowTaskTimeout(self.error_message)
airflow.exceptions.AirflowTaskTimeout: DagBag import timeout for /opt/airflow/dags/invoice_data_pipeline_dag.py after 30.0s.
Please take a look at these docs to improve your DAG import time:
* https://airflow.apache.org/docs/apache-airflow/2.10.3/best-practices.html#top-level-python-code
* https://airflow.apache.org/docs/apache-airflow/2.10.3/best-practices.html#reducing-dag-complexity, PID: 290
[2026-07-30T16:21:26.027+0000] {processor.py:927} WARNING - No viable dags retrieved from /opt/airflow/dags/invoice_data_pipeline_dag.py
[2026-07-30T16:21:26.163+0000] {processor.py:208} INFO - Processing /opt/airflow/dags/invoice_data_pipeline_dag.py took 36.816 seconds
[2026-07-30T16:21:56.605+0000] {processor.py:186} INFO - Started process (PID=297) to work on /opt/airflow/dags/invoice_data_pipeline_dag.py
[2026-07-30T16:21:56.609+0000] {processor.py:914} INFO - Processing file /opt/airflow/dags/invoice_data_pipeline_dag.py for tasks to queue
[2026-07-30T16:21:56.624+0000] {logging_mixin.py:190} INFO - [2026-07-30T16:21:56.622+0000] {dagbag.py:588} INFO - Filling up the DagBag from /opt/airflow/dags/invoice_data_pipeline_dag.py
[2026-07-30T16:21:58.168+0000] {logging_mixin.py:190} INFO - Tables created successfully.
[2026-07-30T16:21:58.217+0000] {processor.py:925} INFO - DAG(s) 'invoice_data_pipeline' retrieved from /opt/airflow/dags/invoice_data_pipeline_dag.py
[2026-07-30T16:21:58.342+0000] {logging_mixin.py:190} INFO - [2026-07-30T16:21:58.342+0000] {dag.py:3239} INFO - Sync 1 DAGs
[2026-07-30T16:21:58.457+0000] {logging_mixin.py:190} INFO - [2026-07-30T16:21:58.456+0000] {dag.py:4180} INFO - Setting next_dagrun for invoice_data_pipeline to 2026-07-30 00:00:00+00:00, run_after=2026-07-31 00:00:00+00:00
[2026-07-30T16:21:58.513+0000] {processor.py:208} INFO - Processing /opt/airflow/dags/invoice_data_pipeline_dag.py took 1.940 seconds
[2026-07-30T16:22:28.875+0000] {processor.py:186} INFO - Started process (PID=303) to work on /opt/airflow/dags/invoice_data_pipeline_dag.py
[2026-07-30T16:22:28.887+0000] {processor.py:914} INFO - Processing file /opt/airflow/dags/invoice_data_pipeline_dag.py for tasks to queue
[2026-07-30T16:22:28.910+0000] {logging_mixin.py:190} INFO - [2026-07-30T16:22:28.908+0000] {dagbag.py:588} INFO - Filling up the DagBag from /opt/airflow/dags/invoice_data_pipeline_dag.py
[2026-07-30T16:22:29.695+0000] {logging_mixin.py:190} INFO - Tables created successfully.
[2026-07-30T16:22:29.734+0000] {processor.py:925} INFO - DAG(s) 'invoice_data_pipeline' retrieved from /opt/airflow/dags/invoice_data_pipeline_dag.py
[2026-07-30T16:22:29.833+0000] {logging_mixin.py:190} INFO - [2026-07-30T16:22:29.833+0000] {dag.py:3239} INFO - Sync 1 DAGs
[2026-07-30T16:22:29.898+0000] {logging_mixin.py:190} INFO - [2026-07-30T16:22:29.898+0000] {dag.py:4180} INFO - Setting next_dagrun for invoice_data_pipeline to 2026-07-30 00:00:00+00:00, run_after=2026-07-31 00:00:00+00:00
[2026-07-30T16:22:29.950+0000] {processor.py:208} INFO - Processing /opt/airflow/dags/invoice_data_pipeline_dag.py took 1.120 seconds
[2026-07-30T16:23:00.136+0000] {processor.py:186} INFO - Started process (PID=313) to work on /opt/airflow/dags/invoice_data_pipeline_dag.py
[2026-07-30T16:23:00.138+0000] {processor.py:914} INFO - Processing file /opt/airflow/dags/invoice_data_pipeline_dag.py for tasks to queue
[2026-07-30T16:23:00.144+0000] {logging_mixin.py:190} INFO - [2026-07-30T16:23:00.144+0000] {dagbag.py:588} INFO - Filling up the DagBag from /opt/airflow/dags/invoice_data_pipeline_dag.py
[2026-07-30T16:23:00.568+0000] {logging_mixin.py:190} INFO - Tables created successfully.
[2026-07-30T16:23:00.581+0000] {processor.py:925} INFO - DAG(s) 'invoice_data_pipeline' retrieved from /opt/airflow/dags/invoice_data_pipeline_dag.py
[2026-07-30T16:23:00.624+0000] {logging_mixin.py:190} INFO - [2026-07-30T16:23:00.624+0000] {dag.py:3239} INFO - Sync 1 DAGs
[2026-07-30T16:23:00.657+0000] {logging_mixin.py:190} INFO - [2026-07-30T16:23:00.657+0000] {dag.py:4180} INFO - Setting next_dagrun for invoice_data_pipeline to 2026-07-30 00:00:00+00:00, run_after=2026-07-31 00:00:00+00:00
[2026-07-30T16:23:00.682+0000] {processor.py:208} INFO - Processing /opt/airflow/dags/invoice_data_pipeline_dag.py took 0.559 seconds
[2026-07-30T16:23:30.973+0000] {processor.py:186} INFO - Started process (PID=319) to work on /opt/airflow/dags/invoice_data_pipeline_dag.py
[2026-07-30T16:23:30.974+0000] {processor.py:914} INFO - Processing file /opt/airflow/dags/invoice_data_pipeline_dag.py for tasks to queue
[2026-07-30T16:23:30.978+0000] {logging_mixin.py:190} INFO - [2026-07-30T16:23:30.977+0000] {dagbag.py:588} INFO - Filling up the DagBag from /opt/airflow/dags/invoice_data_pipeline_dag.py
[2026-07-30T16:23:31.354+0000] {logging_mixin.py:190} INFO - Tables created successfully.
[2026-07-30T16:23:31.364+0000] {processor.py:925} INFO - DAG(s) 'invoice_data_pipeline' retrieved from /opt/airflow/dags/invoice_data_pipeline_dag.py
[2026-07-30T16:23:31.415+0000] {logging_mixin.py:190} INFO - [2026-07-30T16:23:31.414+0000] {dag.py:3239} INFO - Sync 1 DAGs
[2026-07-30T16:23:31.455+0000] {logging_mixin.py:190} INFO - [2026-07-30T16:23:31.455+0000] {dag.py:4180} INFO - Setting next_dagrun for invoice_data_pipeline to 2026-07-30 00:00:00+00:00, run_after=2026-07-31 00:00:00+00:00
[2026-07-30T16:23:31.477+0000] {processor.py:208} INFO - Processing /opt/airflow/dags/invoice_data_pipeline_dag.py took 0.512 seconds
[2026-07-30T16:24:01.724+0000] {processor.py:186} INFO - Started process (PID=325) to work on /opt/airflow/dags/invoice_data_pipeline_dag.py
[2026-07-30T16:24:01.728+0000] {processor.py:914} INFO - Processing file /opt/airflow/dags/invoice_data_pipeline_dag.py for tasks to queue
[2026-07-30T16:24:01.742+0000] {logging_mixin.py:190} INFO - [2026-07-30T16:24:01.740+0000] {dagbag.py:588} INFO - Filling up the DagBag from /opt/airflow/dags/invoice_data_pipeline_dag.py
[2026-07-30T16:24:02.296+0000] {logging_mixin.py:190} INFO - Tables created successfully.
[2026-07-30T16:24:02.305+0000] {processor.py:925} INFO - DAG(s) 'invoice_data_pipeline' retrieved from /opt/airflow/dags/invoice_data_pipeline_dag.py
[2026-07-30T16:24:02.337+0000] {logging_mixin.py:190} INFO - [2026-07-30T16:24:02.337+0000] {dag.py:3239} INFO - Sync 1 DAGs
[2026-07-30T16:24:02.366+0000] {logging_mixin.py:190} INFO - [2026-07-30T16:24:02.366+0000] {dag.py:4180} INFO - Setting next_dagrun for invoice_data_pipeline to 2026-07-30 00:00:00+00:00, run_after=2026-07-31 00:00:00+00:00
[2026-07-30T16:24:02.389+0000] {processor.py:208} INFO - Processing /opt/airflow/dags/invoice_data_pipeline_dag.py took 0.685 seconds
[2026-07-30T16:24:32.683+0000] {processor.py:186} INFO - Started process (PID=331) to work on /opt/airflow/dags/invoice_data_pipeline_dag.py
[2026-07-30T16:24:32.685+0000] {processor.py:914} INFO - Processing file /opt/airflow/dags/invoice_data_pipeline_dag.py for tasks to queue
[2026-07-30T16:24:32.689+0000] {logging_mixin.py:190} INFO - [2026-07-30T16:24:32.688+0000] {dagbag.py:588} INFO - Filling up the DagBag from /opt/airflow/dags/invoice_data_pipeline_dag.py
[2026-07-30T16:24:33.076+0000] {logging_mixin.py:190} INFO - Tables created successfully.
[2026-07-30T16:24:33.090+0000] {processor.py:925} INFO - DAG(s) 'invoice_data_pipeline' retrieved from /opt/airflow/dags/invoice_data_pipeline_dag.py
[2026-07-30T16:24:33.123+0000] {logging_mixin.py:190} INFO - [2026-07-30T16:24:33.122+0000] {dag.py:3239} INFO - Sync 1 DAGs
[2026-07-30T16:24:33.150+0000] {logging_mixin.py:190} INFO - [2026-07-30T16:24:33.150+0000] {dag.py:4180} INFO - Setting next_dagrun for invoice_data_pipeline to 2026-07-30 00:00:00+00:00, run_after=2026-07-31 00:00:00+00:00
[2026-07-30T16:24:33.173+0000] {processor.py:208} INFO - Processing /opt/airflow/dags/invoice_data_pipeline_dag.py took 0.496 seconds
[2026-07-30T16:25:03.462+0000] {processor.py:186} INFO - Started process (PID=337) to work on /opt/airflow/dags/invoice_data_pipeline_dag.py
[2026-07-30T16:25:03.464+0000] {processor.py:914} INFO - Processing file /opt/airflow/dags/invoice_data_pipeline_dag.py for tasks to queue
[2026-07-30T16:25:03.468+0000] {logging_mixin.py:190} INFO - [2026-07-30T16:25:03.467+0000] {dagbag.py:588} INFO - Filling up the DagBag from /opt/airflow/dags/invoice_data_pipeline_dag.py
[2026-07-30T16:25:03.894+0000] {logging_mixin.py:190} INFO - Tables created successfully.
[2026-07-30T16:25:03.919+0000] {processor.py:925} INFO - DAG(s) 'invoice_data_pipeline' retrieved from /opt/airflow/dags/invoice_data_pipeline_dag.py
[2026-07-30T16:25:03.969+0000] {logging_mixin.py:190} INFO - [2026-07-30T16:25:03.968+0000] {dag.py:3239} INFO - Sync 1 DAGs
[2026-07-30T16:25:04.021+0000] {logging_mixin.py:190} INFO - [2026-07-30T16:25:04.020+0000] {dag.py:4180} INFO - Setting next_dagrun for invoice_data_pipeline to 2026-07-30 00:00:00+00:00, run_after=2026-07-31 00:00:00+00:00
[2026-07-30T16:25:04.052+0000] {processor.py:208} INFO - Processing /opt/airflow/dags/invoice_data_pipeline_dag.py took 0.598 seconds
[2026-07-30T16:25:34.357+0000] {processor.py:186} INFO - Started process (PID=343) to work on /opt/airflow/dags/invoice_data_pipeline_dag.py
[2026-07-30T16:25:34.359+0000] {processor.py:914} INFO - Processing file /opt/airflow/dags/invoice_data_pipeline_dag.py for tasks to queue
[2026-07-30T16:25:34.363+0000] {logging_mixin.py:190} INFO - [2026-07-30T16:25:34.363+0000] {dagbag.py:588} INFO - Filling up the DagBag from /opt/airflow/dags/invoice_data_pipeline_dag.py
[2026-07-30T16:25:34.824+0000] {logging_mixin.py:190} INFO - Tables created successfully.
[2026-07-30T16:25:34.849+0000] {processor.py:925} INFO - DAG(s) 'invoice_data_pipeline' retrieved from /opt/airflow/dags/invoice_data_pipeline_dag.py
[2026-07-30T16:25:34.899+0000] {logging_mixin.py:190} INFO - [2026-07-30T16:25:34.898+0000] {dag.py:3239} INFO - Sync 1 DAGs
[2026-07-30T16:25:34.931+0000] {logging_mixin.py:190} INFO - [2026-07-30T16:25:34.930+0000] {dag.py:4180} INFO - Setting next_dagrun for invoice_data_pipeline to 2026-07-30 00:00:00+00:00, run_after=2026-07-31 00:00:00+00:00
[2026-07-30T16:25:34.953+0000] {processor.py:208} INFO - Processing /opt/airflow/dags/invoice_data_pipeline_dag.py took 0.603 seconds
[2026-07-30T16:26:05.262+0000] {processor.py:186} INFO - Started process (PID=349) to work on /opt/airflow/dags/invoice_data_pipeline_dag.py
[2026-07-30T16:26:05.268+0000] {processor.py:914} INFO - Processing file /opt/airflow/dags/invoice_data_pipeline_dag.py for tasks to queue
[2026-07-30T16:26:05.271+0000] {logging_mixin.py:190} INFO - [2026-07-30T16:26:05.270+0000] {dagbag.py:588} INFO - Filling up the DagBag from /opt/airflow/dags/invoice_data_pipeline_dag.py
[2026-07-30T16:26:05.705+0000] {logging_mixin.py:190} INFO - Tables created successfully.
[2026-07-30T16:26:05.719+0000] {processor.py:925} INFO - DAG(s) 'invoice_data_pipeline' retrieved from /opt/airflow/dags/invoice_data_pipeline_dag.py
[2026-07-30T16:26:05.770+0000] {logging_mixin.py:190} INFO - [2026-07-30T16:26:05.770+0000] {dag.py:3239} INFO - Sync 1 DAGs
[2026-07-30T16:26:05.808+0000] {logging_mixin.py:190} INFO - [2026-07-30T16:26:05.807+0000] {dag.py:4180} INFO - Setting next_dagrun for invoice_data_pipeline to 2026-07-30 00:00:00+00:00, run_after=2026-07-31 00:00:00+00:00
[2026-07-30T16:26:05.841+0000] {processor.py:208} INFO - Processing /opt/airflow/dags/invoice_data_pipeline_dag.py took 0.603 seconds
[2026-07-30T16:26:36.209+0000] {processor.py:186} INFO - Started process (PID=355) to work on /opt/airflow/dags/invoice_data_pipeline_dag.py
[2026-07-30T16:26:36.216+0000] {processor.py:914} INFO - Processing file /opt/airflow/dags/invoice_data_pipeline_dag.py for tasks to queue
[2026-07-30T16:26:36.225+0000] {logging_mixin.py:190} INFO - [2026-07-30T16:26:36.224+0000] {dagbag.py:588} INFO - Filling up the DagBag from /opt/airflow/dags/invoice_data_pipeline_dag.py
[2026-07-30T16:26:36.831+0000] {logging_mixin.py:190} INFO - Tables created successfully.
[2026-07-30T16:26:36.844+0000] {processor.py:925} INFO - DAG(s) 'invoice_data_pipeline' retrieved from /opt/airflow/dags/invoice_data_pipeline_dag.py
[2026-07-30T16:26:36.874+0000] {logging_mixin.py:190} INFO - [2026-07-30T16:26:36.874+0000] {dag.py:3239} INFO - Sync 1 DAGs
[2026-07-30T16:26:36.901+0000] {logging_mixin.py:190} INFO - [2026-07-30T16:26:36.901+0000] {dag.py:4180} INFO - Setting next_dagrun for invoice_data_pipeline to 2026-07-30 00:00:00+00:00, run_after=2026-07-31 00:00:00+00:00
[2026-07-30T16:26:36.922+0000] {processor.py:208} INFO - Processing /opt/airflow/dags/invoice_data_pipeline_dag.py took 0.744 seconds
[2026-07-30T16:27:07.204+0000] {processor.py:186} INFO - Started process (PID=361) to work on /opt/airflow/dags/invoice_data_pipeline_dag.py
[2026-07-30T16:27:07.206+0000] {processor.py:914} INFO - Processing file /opt/airflow/dags/invoice_data_pipeline_dag.py for tasks to queue
[2026-07-30T16:27:07.210+0000] {logging_mixin.py:190} INFO - [2026-07-30T16:27:07.210+0000] {dagbag.py:588} INFO - Filling up the DagBag from /opt/airflow/dags/invoice_data_pipeline_dag.py
[2026-07-30T16:27:07.628+0000] {logging_mixin.py:190} INFO - Tables created successfully.
[2026-07-30T16:27:07.642+0000] {processor.py:925} INFO - DAG(s) 'invoice_data_pipeline' retrieved from /opt/airflow/dags/invoice_data_pipeline_dag.py
[2026-07-30T16:27:07.691+0000] {logging_mixin.py:190} INFO - [2026-07-30T16:27:07.689+0000] {dag.py:3239} INFO - Sync 1 DAGs
[2026-07-30T16:27:07.720+0000] {logging_mixin.py:190} INFO - [2026-07-30T16:27:07.720+0000] {dag.py:4180} INFO - Setting next_dagrun for invoice_data_pipeline to 2026-07-30 00:00:00+00:00, run_after=2026-07-31 00:00:00+00:00
[2026-07-30T16:27:07.747+0000] {processor.py:208} INFO - Processing /opt/airflow/dags/invoice_data_pipeline_dag.py took 0.555 seconds
[2026-07-30T16:27:38.069+0000] {processor.py:186} INFO - Started process (PID=367) to work on /opt/airflow/dags/invoice_data_pipeline_dag.py
[2026-07-30T16:27:38.074+0000] {processor.py:914} INFO - Processing file /opt/airflow/dags/invoice_data_pipeline_dag.py for tasks to queue
[2026-07-30T16:27:38.083+0000] {logging_mixin.py:190} INFO - [2026-07-30T16:27:38.082+0000] {dagbag.py:588} INFO - Filling up the DagBag from /opt/airflow/dags/invoice_data_pipeline_dag.py
[2026-07-30T16:27:38.601+0000] {logging_mixin.py:190} INFO - Tables created successfully.
[2026-07-30T16:27:38.620+0000] {processor.py:925} INFO - DAG(s) 'invoice_data_pipeline' retrieved from /opt/airflow/dags/invoice_data_pipeline_dag.py
[2026-07-30T16:27:38.662+0000] {logging_mixin.py:190} INFO - [2026-07-30T16:27:38.661+0000] {dag.py:3239} INFO - Sync 1 DAGs
[2026-07-30T16:27:38.717+0000] {logging_mixin.py:190} INFO - [2026-07-30T16:27:38.717+0000] {dag.py:4180} INFO - Setting next_dagrun for invoice_data_pipeline to 2026-07-30 00:00:00+00:00, run_after=2026-07-31 00:00:00+00:00
[2026-07-30T16:27:38.757+0000] {processor.py:208} INFO - Processing /opt/airflow/dags/invoice_data_pipeline_dag.py took 0.709 seconds
[2026-07-30T16:28:09.059+0000] {processor.py:186} INFO - Started process (PID=373) to work on /opt/airflow/dags/invoice_data_pipeline_dag.py
[2026-07-30T16:28:09.064+0000] {processor.py:914} INFO - Processing file /opt/airflow/dags/invoice_data_pipeline_dag.py for tasks to queue
[2026-07-30T16:28:09.078+0000] {logging_mixin.py:190} INFO - [2026-07-30T16:28:09.076+0000] {dagbag.py:588} INFO - Filling up the DagBag from /opt/airflow/dags/invoice_data_pipeline_dag.py
[2026-07-30T16:28:09.534+0000] {logging_mixin.py:190} INFO - Tables created successfully.
[2026-07-30T16:28:09.571+0000] {processor.py:925} INFO - DAG(s) 'invoice_data_pipeline' retrieved from /opt/airflow/dags/invoice_data_pipeline_dag.py
[2026-07-30T16:28:09.651+0000] {logging_mixin.py:190} INFO - [2026-07-30T16:28:09.650+0000] {dag.py:3239} INFO - Sync 1 DAGs
[2026-07-30T16:28:09.706+0000] {logging_mixin.py:190} INFO - [2026-07-30T16:28:09.705+0000] {dag.py:4180} INFO - Setting next_dagrun for invoice_data_pipeline to 2026-07-30 00:00:00+00:00, run_after=2026-07-31 00:00:00+00:00
[2026-07-30T16:28:09.731+0000] {processor.py:208} INFO - Processing /opt/airflow/dags/invoice_data_pipeline_dag.py took 0.697 seconds
[2026-07-30T16:28:40.124+0000] {processor.py:186} INFO - Started process (PID=379) to work on /opt/airflow/dags/invoice_data_pipeline_dag.py
[2026-07-30T16:28:40.128+0000] {processor.py:914} INFO - Processing file /opt/airflow/dags/invoice_data_pipeline_dag.py for tasks to queue
[2026-07-30T16:28:40.142+0000] {logging_mixin.py:190} INFO - [2026-07-30T16:28:40.141+0000] {dagbag.py:588} INFO - Filling up the DagBag from /opt/airflow/dags/invoice_data_pipeline_dag.py
[2026-07-30T16:28:40.982+0000] {logging_mixin.py:190} INFO - Tables created successfully.
[2026-07-30T16:28:41.015+0000] {processor.py:925} INFO - DAG(s) 'invoice_data_pipeline' retrieved from /opt/airflow/dags/invoice_data_pipeline_dag.py
[2026-07-30T16:28:41.094+0000] {logging_mixin.py:190} INFO - [2026-07-30T16:28:41.093+0000] {dag.py:3239} INFO - Sync 1 DAGs
[2026-07-30T16:28:41.156+0000] {logging_mixin.py:190} INFO - [2026-07-30T16:28:41.156+0000] {dag.py:4180} INFO - Setting next_dagrun for invoice_data_pipeline to 2026-07-30 00:00:00+00:00, run_after=2026-07-31 00:00:00+00:00
[2026-07-30T16:28:41.189+0000] {processor.py:208} INFO - Processing /opt/airflow/dags/invoice_data_pipeline_dag.py took 1.102 seconds
[2026-07-30T16:29:11.403+0000] {processor.py:186} INFO - Started process (PID=385) to work on /opt/airflow/dags/invoice_data_pipeline_dag.py
[2026-07-30T16:29:11.406+0000] {processor.py:914} INFO - Processing file /opt/airflow/dags/invoice_data_pipeline_dag.py for tasks to queue
[2026-07-30T16:29:11.412+0000] {logging_mixin.py:190} INFO - [2026-07-30T16:29:11.412+0000] {dagbag.py:588} INFO - Filling up the DagBag from /opt/airflow/dags/invoice_data_pipeline_dag.py
[2026-07-30T16:29:12.018+0000] {logging_mixin.py:190} INFO - Tables created successfully.
[2026-07-30T16:29:12.035+0000] {processor.py:925} INFO - DAG(s) 'invoice_data_pipeline' retrieved from /opt/airflow/dags/invoice_data_pipeline_dag.py
[2026-07-30T16:29:12.076+0000] {logging_mixin.py:190} INFO - [2026-07-30T16:29:12.076+0000] {dag.py:3239} INFO - Sync 1 DAGs
[2026-07-30T16:29:12.108+0000] {logging_mixin.py:190} INFO - [2026-07-30T16:29:12.108+0000] {dag.py:4180} INFO - Setting next_dagrun for invoice_data_pipeline to 2026-07-30 00:00:00+00:00, run_after=2026-07-31 00:00:00+00:00
[2026-07-30T16:29:12.143+0000] {processor.py:208} INFO - Processing /opt/airflow/dags/invoice_data_pipeline_dag.py took 0.754 seconds
