[2026-07-30T13:42:11.462+0000] {processor.py:186} INFO - Started process (PID=167) to work on /opt/airflow/dags/invoice_pipeline_dag.py
[2026-07-30T13:42:11.464+0000] {processor.py:914} INFO - Processing file /opt/airflow/dags/invoice_pipeline_dag.py for tasks to queue
[2026-07-30T13:42:11.467+0000] {logging_mixin.py:190} INFO - [2026-07-30T13:42:11.466+0000] {dagbag.py:588} INFO - Filling up the DagBag from /opt/airflow/dags/invoice_pipeline_dag.py
[2026-07-30T13:42:14.810+0000] {logging_mixin.py:190} INFO - [2026-07-30T13:42:14.799+0000] {dagbag.py:387} ERROR - Failed to import: /opt/airflow/dags/invoice_pipeline_dag.py
Traceback (most recent call last):
  File "/home/airflow/.local/lib/python3.12/site-packages/airflow/models/dagbag.py", line 383, in parse
    loader.exec_module(new_module)
  File "<frozen importlib._bootstrap_external>", line 995, in exec_module
  File "<frozen importlib._bootstrap>", line 488, in _call_with_frames_removed
  File "/opt/airflow/dags/invoice_pipeline_dag.py", line 6, in <module>
    from database.init_db import create_tables
ModuleNotFoundError: No module named 'database'
[2026-07-30T13:42:14.813+0000] {processor.py:927} WARNING - No viable dags retrieved from /opt/airflow/dags/invoice_pipeline_dag.py
[2026-07-30T13:42:14.904+0000] {processor.py:208} INFO - Processing /opt/airflow/dags/invoice_pipeline_dag.py took 3.453 seconds
[2026-07-30T13:42:45.290+0000] {processor.py:186} INFO - Started process (PID=173) to work on /opt/airflow/dags/invoice_pipeline_dag.py
[2026-07-30T13:42:45.294+0000] {processor.py:914} INFO - Processing file /opt/airflow/dags/invoice_pipeline_dag.py for tasks to queue
[2026-07-30T13:42:45.303+0000] {logging_mixin.py:190} INFO - [2026-07-30T13:42:45.302+0000] {dagbag.py:588} INFO - Filling up the DagBag from /opt/airflow/dags/invoice_pipeline_dag.py
[2026-07-30T13:42:46.088+0000] {logging_mixin.py:190} INFO - [2026-07-30T13:42:46.082+0000] {dagbag.py:387} ERROR - Failed to import: /opt/airflow/dags/invoice_pipeline_dag.py
Traceback (most recent call last):
  File "/home/airflow/.local/lib/python3.12/site-packages/airflow/models/dagbag.py", line 383, in parse
    loader.exec_module(new_module)
  File "<frozen importlib._bootstrap_external>", line 995, in exec_module
  File "<frozen importlib._bootstrap>", line 488, in _call_with_frames_removed
  File "/opt/airflow/dags/invoice_pipeline_dag.py", line 6, in <module>
    from database.init_db import create_tables
ModuleNotFoundError: No module named 'database'
[2026-07-30T13:42:46.091+0000] {processor.py:927} WARNING - No viable dags retrieved from /opt/airflow/dags/invoice_pipeline_dag.py
[2026-07-30T13:42:46.123+0000] {processor.py:208} INFO - Processing /opt/airflow/dags/invoice_pipeline_dag.py took 0.861 seconds
[2026-07-30T13:43:16.549+0000] {processor.py:186} INFO - Started process (PID=179) to work on /opt/airflow/dags/invoice_pipeline_dag.py
[2026-07-30T13:43:16.553+0000] {processor.py:914} INFO - Processing file /opt/airflow/dags/invoice_pipeline_dag.py for tasks to queue
[2026-07-30T13:43:16.566+0000] {logging_mixin.py:190} INFO - [2026-07-30T13:43:16.565+0000] {dagbag.py:588} INFO - Filling up the DagBag from /opt/airflow/dags/invoice_pipeline_dag.py
[2026-07-30T13:43:17.945+0000] {logging_mixin.py:190} INFO - [2026-07-30T13:43:17.936+0000] {dagbag.py:387} ERROR - Failed to import: /opt/airflow/dags/invoice_pipeline_dag.py
Traceback (most recent call last):
  File "/home/airflow/.local/lib/python3.12/site-packages/airflow/models/dagbag.py", line 383, in parse
    loader.exec_module(new_module)
  File "<frozen importlib._bootstrap_external>", line 995, in exec_module
  File "<frozen importlib._bootstrap>", line 488, in _call_with_frames_removed
  File "/opt/airflow/dags/invoice_pipeline_dag.py", line 6, in <module>
    from database.init_db import create_tables
ModuleNotFoundError: No module named 'database'
[2026-07-30T13:43:17.948+0000] {processor.py:927} WARNING - No viable dags retrieved from /opt/airflow/dags/invoice_pipeline_dag.py
[2026-07-30T13:43:18.009+0000] {processor.py:208} INFO - Processing /opt/airflow/dags/invoice_pipeline_dag.py took 1.488 seconds
[2026-07-30T13:43:48.730+0000] {processor.py:186} INFO - Started process (PID=185) to work on /opt/airflow/dags/invoice_pipeline_dag.py
[2026-07-30T13:43:48.733+0000] {processor.py:914} INFO - Processing file /opt/airflow/dags/invoice_pipeline_dag.py for tasks to queue
[2026-07-30T13:43:48.742+0000] {logging_mixin.py:190} INFO - [2026-07-30T13:43:48.741+0000] {dagbag.py:588} INFO - Filling up the DagBag from /opt/airflow/dags/invoice_pipeline_dag.py
[2026-07-30T13:43:50.030+0000] {logging_mixin.py:190} INFO - [2026-07-30T13:43:50.019+0000] {dagbag.py:387} ERROR - Failed to import: /opt/airflow/dags/invoice_pipeline_dag.py
Traceback (most recent call last):
  File "/home/airflow/.local/lib/python3.12/site-packages/airflow/models/dagbag.py", line 383, in parse
    loader.exec_module(new_module)
  File "<frozen importlib._bootstrap_external>", line 995, in exec_module
  File "<frozen importlib._bootstrap>", line 488, in _call_with_frames_removed
  File "/opt/airflow/dags/invoice_pipeline_dag.py", line 6, in <module>
    from database.init_db import create_tables
ModuleNotFoundError: No module named 'database'
[2026-07-30T13:43:50.032+0000] {processor.py:927} WARNING - No viable dags retrieved from /opt/airflow/dags/invoice_pipeline_dag.py
[2026-07-30T13:43:50.083+0000] {processor.py:208} INFO - Processing /opt/airflow/dags/invoice_pipeline_dag.py took 1.372 seconds
[2026-07-30T13:44:20.447+0000] {processor.py:186} INFO - Started process (PID=191) to work on /opt/airflow/dags/invoice_pipeline_dag.py
[2026-07-30T13:44:20.449+0000] {processor.py:914} INFO - Processing file /opt/airflow/dags/invoice_pipeline_dag.py for tasks to queue
[2026-07-30T13:44:20.454+0000] {logging_mixin.py:190} INFO - [2026-07-30T13:44:20.453+0000] {dagbag.py:588} INFO - Filling up the DagBag from /opt/airflow/dags/invoice_pipeline_dag.py
[2026-07-30T13:44:21.481+0000] {logging_mixin.py:190} INFO - [2026-07-30T13:44:21.475+0000] {dagbag.py:387} ERROR - Failed to import: /opt/airflow/dags/invoice_pipeline_dag.py
Traceback (most recent call last):
  File "/home/airflow/.local/lib/python3.12/site-packages/airflow/models/dagbag.py", line 383, in parse
    loader.exec_module(new_module)
  File "<frozen importlib._bootstrap_external>", line 995, in exec_module
  File "<frozen importlib._bootstrap>", line 488, in _call_with_frames_removed
  File "/opt/airflow/dags/invoice_pipeline_dag.py", line 6, in <module>
    from database.init_db import create_tables
ModuleNotFoundError: No module named 'database'
[2026-07-30T13:44:21.484+0000] {processor.py:927} WARNING - No viable dags retrieved from /opt/airflow/dags/invoice_pipeline_dag.py
[2026-07-30T13:44:21.506+0000] {processor.py:208} INFO - Processing /opt/airflow/dags/invoice_pipeline_dag.py took 1.066 seconds
[2026-07-30T13:45:13.697+0000] {processor.py:186} INFO - Started process (PID=197) to work on /opt/airflow/dags/invoice_pipeline_dag.py
[2026-07-30T13:45:13.699+0000] {processor.py:914} INFO - Processing file /opt/airflow/dags/invoice_pipeline_dag.py for tasks to queue
[2026-07-30T13:45:13.744+0000] {logging_mixin.py:190} INFO - [2026-07-30T13:45:13.744+0000] {dagbag.py:588} INFO - Filling up the DagBag from /opt/airflow/dags/invoice_pipeline_dag.py
[2026-07-30T13:45:16.182+0000] {logging_mixin.py:190} INFO - [2026-07-30T13:45:16.166+0000] {dagbag.py:387} ERROR - Failed to import: /opt/airflow/dags/invoice_pipeline_dag.py
Traceback (most recent call last):
  File "/home/airflow/.local/lib/python3.12/site-packages/airflow/models/dagbag.py", line 383, in parse
    loader.exec_module(new_module)
  File "<frozen importlib._bootstrap_external>", line 995, in exec_module
  File "<frozen importlib._bootstrap>", line 488, in _call_with_frames_removed
  File "/opt/airflow/dags/invoice_pipeline_dag.py", line 6, in <module>
    from database.init_db import create_tables
ModuleNotFoundError: No module named 'database'
[2026-07-30T13:45:16.185+0000] {processor.py:927} WARNING - No viable dags retrieved from /opt/airflow/dags/invoice_pipeline_dag.py
[2026-07-30T13:45:16.343+0000] {processor.py:208} INFO - Processing /opt/airflow/dags/invoice_pipeline_dag.py took 2.653 seconds
[2026-07-30T13:45:46.804+0000] {processor.py:186} INFO - Started process (PID=203) to work on /opt/airflow/dags/invoice_pipeline_dag.py
[2026-07-30T13:45:46.807+0000] {processor.py:914} INFO - Processing file /opt/airflow/dags/invoice_pipeline_dag.py for tasks to queue
[2026-07-30T13:45:46.820+0000] {logging_mixin.py:190} INFO - [2026-07-30T13:45:46.818+0000] {dagbag.py:588} INFO - Filling up the DagBag from /opt/airflow/dags/invoice_pipeline_dag.py
[2026-07-30T13:45:48.512+0000] {logging_mixin.py:190} INFO - [2026-07-30T13:45:48.504+0000] {dagbag.py:387} ERROR - Failed to import: /opt/airflow/dags/invoice_pipeline_dag.py
Traceback (most recent call last):
  File "/home/airflow/.local/lib/python3.12/site-packages/airflow/models/dagbag.py", line 383, in parse
    loader.exec_module(new_module)
  File "<frozen importlib._bootstrap_external>", line 995, in exec_module
  File "<frozen importlib._bootstrap>", line 488, in _call_with_frames_removed
  File "/opt/airflow/dags/invoice_pipeline_dag.py", line 6, in <module>
    from database.init_db import create_tables
ModuleNotFoundError: No module named 'database'
[2026-07-30T13:45:48.514+0000] {processor.py:927} WARNING - No viable dags retrieved from /opt/airflow/dags/invoice_pipeline_dag.py
[2026-07-30T13:45:48.604+0000] {processor.py:208} INFO - Processing /opt/airflow/dags/invoice_pipeline_dag.py took 1.826 seconds
[2026-07-30T13:46:19.038+0000] {processor.py:186} INFO - Started process (PID=209) to work on /opt/airflow/dags/invoice_pipeline_dag.py
[2026-07-30T13:46:19.041+0000] {processor.py:914} INFO - Processing file /opt/airflow/dags/invoice_pipeline_dag.py for tasks to queue
[2026-07-30T13:46:19.052+0000] {logging_mixin.py:190} INFO - [2026-07-30T13:46:19.051+0000] {dagbag.py:588} INFO - Filling up the DagBag from /opt/airflow/dags/invoice_pipeline_dag.py
[2026-07-30T13:46:19.651+0000] {logging_mixin.py:190} INFO - [2026-07-30T13:46:19.644+0000] {dagbag.py:387} ERROR - Failed to import: /opt/airflow/dags/invoice_pipeline_dag.py
Traceback (most recent call last):
  File "/home/airflow/.local/lib/python3.12/site-packages/airflow/models/dagbag.py", line 383, in parse
    loader.exec_module(new_module)
  File "<frozen importlib._bootstrap_external>", line 995, in exec_module
  File "<frozen importlib._bootstrap>", line 488, in _call_with_frames_removed
  File "/opt/airflow/dags/invoice_pipeline_dag.py", line 6, in <module>
    from database.init_db import create_tables
ModuleNotFoundError: No module named 'database'
[2026-07-30T13:46:19.653+0000] {processor.py:927} WARNING - No viable dags retrieved from /opt/airflow/dags/invoice_pipeline_dag.py
[2026-07-30T13:46:19.683+0000] {processor.py:208} INFO - Processing /opt/airflow/dags/invoice_pipeline_dag.py took 0.667 seconds
[2026-07-30T13:46:50.032+0000] {processor.py:186} INFO - Started process (PID=215) to work on /opt/airflow/dags/invoice_pipeline_dag.py
[2026-07-30T13:46:50.034+0000] {processor.py:914} INFO - Processing file /opt/airflow/dags/invoice_pipeline_dag.py for tasks to queue
[2026-07-30T13:46:50.041+0000] {logging_mixin.py:190} INFO - [2026-07-30T13:46:50.040+0000] {dagbag.py:588} INFO - Filling up the DagBag from /opt/airflow/dags/invoice_pipeline_dag.py
[2026-07-30T13:46:50.667+0000] {logging_mixin.py:190} INFO - [2026-07-30T13:46:50.661+0000] {dagbag.py:387} ERROR - Failed to import: /opt/airflow/dags/invoice_pipeline_dag.py
Traceback (most recent call last):
  File "/home/airflow/.local/lib/python3.12/site-packages/airflow/models/dagbag.py", line 383, in parse
    loader.exec_module(new_module)
  File "<frozen importlib._bootstrap_external>", line 995, in exec_module
  File "<frozen importlib._bootstrap>", line 488, in _call_with_frames_removed
  File "/opt/airflow/dags/invoice_pipeline_dag.py", line 6, in <module>
    from database.init_db import create_tables
ModuleNotFoundError: No module named 'database'
[2026-07-30T13:46:50.669+0000] {processor.py:927} WARNING - No viable dags retrieved from /opt/airflow/dags/invoice_pipeline_dag.py
[2026-07-30T13:46:50.714+0000] {processor.py:208} INFO - Processing /opt/airflow/dags/invoice_pipeline_dag.py took 0.691 seconds
[2026-07-30T13:47:20.917+0000] {processor.py:186} INFO - Started process (PID=221) to work on /opt/airflow/dags/invoice_pipeline_dag.py
[2026-07-30T13:47:20.919+0000] {processor.py:914} INFO - Processing file /opt/airflow/dags/invoice_pipeline_dag.py for tasks to queue
[2026-07-30T13:47:20.921+0000] {logging_mixin.py:190} INFO - [2026-07-30T13:47:20.921+0000] {dagbag.py:588} INFO - Filling up the DagBag from /opt/airflow/dags/invoice_pipeline_dag.py
[2026-07-30T13:47:21.403+0000] {logging_mixin.py:190} INFO - [2026-07-30T13:47:21.397+0000] {dagbag.py:387} ERROR - Failed to import: /opt/airflow/dags/invoice_pipeline_dag.py
Traceback (most recent call last):
  File "/home/airflow/.local/lib/python3.12/site-packages/airflow/models/dagbag.py", line 383, in parse
    loader.exec_module(new_module)
  File "<frozen importlib._bootstrap_external>", line 995, in exec_module
  File "<frozen importlib._bootstrap>", line 488, in _call_with_frames_removed
  File "/opt/airflow/dags/invoice_pipeline_dag.py", line 6, in <module>
    from database.init_db import create_tables
ModuleNotFoundError: No module named 'database'
[2026-07-30T13:47:21.405+0000] {processor.py:927} WARNING - No viable dags retrieved from /opt/airflow/dags/invoice_pipeline_dag.py
[2026-07-30T13:47:21.430+0000] {processor.py:208} INFO - Processing /opt/airflow/dags/invoice_pipeline_dag.py took 0.522 seconds
[2026-07-30T13:47:51.757+0000] {processor.py:186} INFO - Started process (PID=227) to work on /opt/airflow/dags/invoice_pipeline_dag.py
[2026-07-30T13:47:51.758+0000] {processor.py:914} INFO - Processing file /opt/airflow/dags/invoice_pipeline_dag.py for tasks to queue
[2026-07-30T13:47:51.762+0000] {logging_mixin.py:190} INFO - [2026-07-30T13:47:51.761+0000] {dagbag.py:588} INFO - Filling up the DagBag from /opt/airflow/dags/invoice_pipeline_dag.py
[2026-07-30T13:47:52.283+0000] {logging_mixin.py:190} INFO - [2026-07-30T13:47:52.279+0000] {dagbag.py:387} ERROR - Failed to import: /opt/airflow/dags/invoice_pipeline_dag.py
Traceback (most recent call last):
  File "/home/airflow/.local/lib/python3.12/site-packages/airflow/models/dagbag.py", line 383, in parse
    loader.exec_module(new_module)
  File "<frozen importlib._bootstrap_external>", line 995, in exec_module
  File "<frozen importlib._bootstrap>", line 488, in _call_with_frames_removed
  File "/opt/airflow/dags/invoice_pipeline_dag.py", line 6, in <module>
    from database.init_db import create_tables
ModuleNotFoundError: No module named 'database'
[2026-07-30T13:47:52.285+0000] {processor.py:927} WARNING - No viable dags retrieved from /opt/airflow/dags/invoice_pipeline_dag.py
[2026-07-30T13:47:52.306+0000] {processor.py:208} INFO - Processing /opt/airflow/dags/invoice_pipeline_dag.py took 0.556 seconds
[2026-07-30T13:48:22.641+0000] {processor.py:186} INFO - Started process (PID=233) to work on /opt/airflow/dags/invoice_pipeline_dag.py
[2026-07-30T13:48:22.643+0000] {processor.py:914} INFO - Processing file /opt/airflow/dags/invoice_pipeline_dag.py for tasks to queue
[2026-07-30T13:48:22.648+0000] {logging_mixin.py:190} INFO - [2026-07-30T13:48:22.647+0000] {dagbag.py:588} INFO - Filling up the DagBag from /opt/airflow/dags/invoice_pipeline_dag.py
[2026-07-30T13:48:23.261+0000] {logging_mixin.py:190} INFO - [2026-07-30T13:48:23.254+0000] {dagbag.py:387} ERROR - Failed to import: /opt/airflow/dags/invoice_pipeline_dag.py
Traceback (most recent call last):
  File "/home/airflow/.local/lib/python3.12/site-packages/airflow/models/dagbag.py", line 383, in parse
    loader.exec_module(new_module)
  File "<frozen importlib._bootstrap_external>", line 995, in exec_module
  File "<frozen importlib._bootstrap>", line 488, in _call_with_frames_removed
  File "/opt/airflow/dags/invoice_pipeline_dag.py", line 6, in <module>
    from database.init_db import create_tables
ModuleNotFoundError: No module named 'database'
[2026-07-30T13:48:23.264+0000] {processor.py:927} WARNING - No viable dags retrieved from /opt/airflow/dags/invoice_pipeline_dag.py
[2026-07-30T13:48:23.313+0000] {processor.py:208} INFO - Processing /opt/airflow/dags/invoice_pipeline_dag.py took 0.679 seconds
[2026-07-30T13:48:53.639+0000] {processor.py:186} INFO - Started process (PID=239) to work on /opt/airflow/dags/invoice_pipeline_dag.py
[2026-07-30T13:48:53.642+0000] {processor.py:914} INFO - Processing file /opt/airflow/dags/invoice_pipeline_dag.py for tasks to queue
[2026-07-30T13:48:53.646+0000] {logging_mixin.py:190} INFO - [2026-07-30T13:48:53.646+0000] {dagbag.py:588} INFO - Filling up the DagBag from /opt/airflow/dags/invoice_pipeline_dag.py
[2026-07-30T13:48:54.496+0000] {logging_mixin.py:190} INFO - [2026-07-30T13:48:54.491+0000] {dagbag.py:387} ERROR - Failed to import: /opt/airflow/dags/invoice_pipeline_dag.py
Traceback (most recent call last):
  File "/home/airflow/.local/lib/python3.12/site-packages/airflow/models/dagbag.py", line 383, in parse
    loader.exec_module(new_module)
  File "<frozen importlib._bootstrap_external>", line 995, in exec_module
  File "<frozen importlib._bootstrap>", line 488, in _call_with_frames_removed
  File "/opt/airflow/dags/invoice_pipeline_dag.py", line 6, in <module>
    from database.init_db import create_tables
ModuleNotFoundError: No module named 'database'
[2026-07-30T13:48:54.498+0000] {processor.py:927} WARNING - No viable dags retrieved from /opt/airflow/dags/invoice_pipeline_dag.py
[2026-07-30T13:48:54.524+0000] {processor.py:208} INFO - Processing /opt/airflow/dags/invoice_pipeline_dag.py took 0.891 seconds
[2026-07-30T13:49:24.890+0000] {processor.py:186} INFO - Started process (PID=245) to work on /opt/airflow/dags/invoice_pipeline_dag.py
[2026-07-30T13:49:24.892+0000] {processor.py:914} INFO - Processing file /opt/airflow/dags/invoice_pipeline_dag.py for tasks to queue
[2026-07-30T13:49:24.897+0000] {logging_mixin.py:190} INFO - [2026-07-30T13:49:24.896+0000] {dagbag.py:588} INFO - Filling up the DagBag from /opt/airflow/dags/invoice_pipeline_dag.py
[2026-07-30T13:49:25.553+0000] {logging_mixin.py:190} INFO - [2026-07-30T13:49:25.547+0000] {dagbag.py:387} ERROR - Failed to import: /opt/airflow/dags/invoice_pipeline_dag.py
Traceback (most recent call last):
  File "/home/airflow/.local/lib/python3.12/site-packages/airflow/models/dagbag.py", line 383, in parse
    loader.exec_module(new_module)
  File "<frozen importlib._bootstrap_external>", line 995, in exec_module
  File "<frozen importlib._bootstrap>", line 488, in _call_with_frames_removed
  File "/opt/airflow/dags/invoice_pipeline_dag.py", line 6, in <module>
    from database.init_db import create_tables
ModuleNotFoundError: No module named 'database'
[2026-07-30T13:49:25.555+0000] {processor.py:927} WARNING - No viable dags retrieved from /opt/airflow/dags/invoice_pipeline_dag.py
[2026-07-30T13:49:25.588+0000] {processor.py:208} INFO - Processing /opt/airflow/dags/invoice_pipeline_dag.py took 0.721 seconds
[2026-07-30T13:49:55.936+0000] {processor.py:186} INFO - Started process (PID=251) to work on /opt/airflow/dags/invoice_pipeline_dag.py
[2026-07-30T13:49:55.938+0000] {processor.py:914} INFO - Processing file /opt/airflow/dags/invoice_pipeline_dag.py for tasks to queue
[2026-07-30T13:49:55.941+0000] {logging_mixin.py:190} INFO - [2026-07-30T13:49:55.941+0000] {dagbag.py:588} INFO - Filling up the DagBag from /opt/airflow/dags/invoice_pipeline_dag.py
[2026-07-30T13:49:56.515+0000] {logging_mixin.py:190} INFO - [2026-07-30T13:49:56.510+0000] {dagbag.py:387} ERROR - Failed to import: /opt/airflow/dags/invoice_pipeline_dag.py
Traceback (most recent call last):
  File "/home/airflow/.local/lib/python3.12/site-packages/airflow/models/dagbag.py", line 383, in parse
    loader.exec_module(new_module)
  File "<frozen importlib._bootstrap_external>", line 995, in exec_module
  File "<frozen importlib._bootstrap>", line 488, in _call_with_frames_removed
  File "/opt/airflow/dags/invoice_pipeline_dag.py", line 6, in <module>
    from database.init_db import create_tables
ModuleNotFoundError: No module named 'database'
[2026-07-30T13:49:56.517+0000] {processor.py:927} WARNING - No viable dags retrieved from /opt/airflow/dags/invoice_pipeline_dag.py
[2026-07-30T13:49:56.543+0000] {processor.py:208} INFO - Processing /opt/airflow/dags/invoice_pipeline_dag.py took 0.614 seconds
[2026-07-30T13:50:26.775+0000] {processor.py:186} INFO - Started process (PID=257) to work on /opt/airflow/dags/invoice_pipeline_dag.py
[2026-07-30T13:50:26.777+0000] {processor.py:914} INFO - Processing file /opt/airflow/dags/invoice_pipeline_dag.py for tasks to queue
[2026-07-30T13:50:26.782+0000] {logging_mixin.py:190} INFO - [2026-07-30T13:50:26.780+0000] {dagbag.py:588} INFO - Filling up the DagBag from /opt/airflow/dags/invoice_pipeline_dag.py
[2026-07-30T13:50:27.328+0000] {logging_mixin.py:190} INFO - [2026-07-30T13:50:27.322+0000] {dagbag.py:387} ERROR - Failed to import: /opt/airflow/dags/invoice_pipeline_dag.py
Traceback (most recent call last):
  File "/home/airflow/.local/lib/python3.12/site-packages/airflow/models/dagbag.py", line 383, in parse
    loader.exec_module(new_module)
  File "<frozen importlib._bootstrap_external>", line 995, in exec_module
  File "<frozen importlib._bootstrap>", line 488, in _call_with_frames_removed
  File "/opt/airflow/dags/invoice_pipeline_dag.py", line 6, in <module>
    from database.init_db import create_tables
ModuleNotFoundError: No module named 'database'
[2026-07-30T13:50:27.331+0000] {processor.py:927} WARNING - No viable dags retrieved from /opt/airflow/dags/invoice_pipeline_dag.py
[2026-07-30T13:50:27.355+0000] {processor.py:208} INFO - Processing /opt/airflow/dags/invoice_pipeline_dag.py took 0.586 seconds
[2026-07-30T13:50:57.874+0000] {processor.py:186} INFO - Started process (PID=263) to work on /opt/airflow/dags/invoice_pipeline_dag.py
[2026-07-30T13:50:57.875+0000] {processor.py:914} INFO - Processing file /opt/airflow/dags/invoice_pipeline_dag.py for tasks to queue
[2026-07-30T13:50:57.880+0000] {logging_mixin.py:190} INFO - [2026-07-30T13:50:57.879+0000] {dagbag.py:588} INFO - Filling up the DagBag from /opt/airflow/dags/invoice_pipeline_dag.py
[2026-07-30T13:50:58.182+0000] {logging_mixin.py:190} INFO - [2026-07-30T13:50:58.178+0000] {dagbag.py:387} ERROR - Failed to import: /opt/airflow/dags/invoice_pipeline_dag.py
Traceback (most recent call last):
  File "/home/airflow/.local/lib/python3.12/site-packages/airflow/models/dagbag.py", line 383, in parse
    loader.exec_module(new_module)
  File "<frozen importlib._bootstrap_external>", line 995, in exec_module
  File "<frozen importlib._bootstrap>", line 488, in _call_with_frames_removed
  File "/opt/airflow/dags/invoice_pipeline_dag.py", line 6, in <module>
    from database.init_db import create_tables
ModuleNotFoundError: No module named 'database'
[2026-07-30T13:50:58.184+0000] {processor.py:927} WARNING - No viable dags retrieved from /opt/airflow/dags/invoice_pipeline_dag.py
[2026-07-30T13:50:58.211+0000] {processor.py:208} INFO - Processing /opt/airflow/dags/invoice_pipeline_dag.py took 0.346 seconds
[2026-07-30T13:51:28.439+0000] {processor.py:186} INFO - Started process (PID=269) to work on /opt/airflow/dags/invoice_pipeline_dag.py
[2026-07-30T13:51:28.443+0000] {processor.py:914} INFO - Processing file /opt/airflow/dags/invoice_pipeline_dag.py for tasks to queue
[2026-07-30T13:51:28.448+0000] {logging_mixin.py:190} INFO - [2026-07-30T13:51:28.447+0000] {dagbag.py:588} INFO - Filling up the DagBag from /opt/airflow/dags/invoice_pipeline_dag.py
[2026-07-30T13:51:28.751+0000] {logging_mixin.py:190} INFO - [2026-07-30T13:51:28.747+0000] {dagbag.py:387} ERROR - Failed to import: /opt/airflow/dags/invoice_pipeline_dag.py
Traceback (most recent call last):
  File "/home/airflow/.local/lib/python3.12/site-packages/airflow/models/dagbag.py", line 383, in parse
    loader.exec_module(new_module)
  File "<frozen importlib._bootstrap_external>", line 995, in exec_module
  File "<frozen importlib._bootstrap>", line 488, in _call_with_frames_removed
  File "/opt/airflow/dags/invoice_pipeline_dag.py", line 6, in <module>
    from database.init_db import create_tables
ModuleNotFoundError: No module named 'database'
[2026-07-30T13:51:28.753+0000] {processor.py:927} WARNING - No viable dags retrieved from /opt/airflow/dags/invoice_pipeline_dag.py
[2026-07-30T13:51:28.777+0000] {processor.py:208} INFO - Processing /opt/airflow/dags/invoice_pipeline_dag.py took 0.348 seconds
[2026-07-30T13:51:59.011+0000] {processor.py:186} INFO - Started process (PID=275) to work on /opt/airflow/dags/invoice_pipeline_dag.py
[2026-07-30T13:51:59.013+0000] {processor.py:914} INFO - Processing file /opt/airflow/dags/invoice_pipeline_dag.py for tasks to queue
[2026-07-30T13:51:59.016+0000] {logging_mixin.py:190} INFO - [2026-07-30T13:51:59.016+0000] {dagbag.py:588} INFO - Filling up the DagBag from /opt/airflow/dags/invoice_pipeline_dag.py
[2026-07-30T13:51:59.374+0000] {logging_mixin.py:190} INFO - [2026-07-30T13:51:59.369+0000] {dagbag.py:387} ERROR - Failed to import: /opt/airflow/dags/invoice_pipeline_dag.py
Traceback (most recent call last):
  File "/home/airflow/.local/lib/python3.12/site-packages/airflow/models/dagbag.py", line 383, in parse
    loader.exec_module(new_module)
  File "<frozen importlib._bootstrap_external>", line 995, in exec_module
  File "<frozen importlib._bootstrap>", line 488, in _call_with_frames_removed
  File "/opt/airflow/dags/invoice_pipeline_dag.py", line 6, in <module>
    from database.init_db import create_tables
ModuleNotFoundError: No module named 'database'
[2026-07-30T13:51:59.376+0000] {processor.py:927} WARNING - No viable dags retrieved from /opt/airflow/dags/invoice_pipeline_dag.py
[2026-07-30T13:51:59.402+0000] {processor.py:208} INFO - Processing /opt/airflow/dags/invoice_pipeline_dag.py took 0.400 seconds
[2026-07-30T13:52:29.727+0000] {processor.py:186} INFO - Started process (PID=281) to work on /opt/airflow/dags/invoice_pipeline_dag.py
[2026-07-30T13:52:29.729+0000] {processor.py:914} INFO - Processing file /opt/airflow/dags/invoice_pipeline_dag.py for tasks to queue
[2026-07-30T13:52:29.733+0000] {logging_mixin.py:190} INFO - [2026-07-30T13:52:29.733+0000] {dagbag.py:588} INFO - Filling up the DagBag from /opt/airflow/dags/invoice_pipeline_dag.py
[2026-07-30T13:52:30.441+0000] {logging_mixin.py:190} INFO - [2026-07-30T13:52:30.427+0000] {dagbag.py:387} ERROR - Failed to import: /opt/airflow/dags/invoice_pipeline_dag.py
Traceback (most recent call last):
  File "/home/airflow/.local/lib/python3.12/site-packages/airflow/models/dagbag.py", line 383, in parse
    loader.exec_module(new_module)
  File "<frozen importlib._bootstrap_external>", line 995, in exec_module
  File "<frozen importlib._bootstrap>", line 488, in _call_with_frames_removed
  File "/opt/airflow/dags/invoice_pipeline_dag.py", line 6, in <module>
    from database.init_db import create_tables
ModuleNotFoundError: No module named 'database'
[2026-07-30T13:52:30.446+0000] {processor.py:927} WARNING - No viable dags retrieved from /opt/airflow/dags/invoice_pipeline_dag.py
[2026-07-30T13:52:30.527+0000] {processor.py:208} INFO - Processing /opt/airflow/dags/invoice_pipeline_dag.py took 0.810 seconds
[2026-07-30T13:53:00.897+0000] {processor.py:186} INFO - Started process (PID=287) to work on /opt/airflow/dags/invoice_pipeline_dag.py
[2026-07-30T13:53:00.902+0000] {processor.py:914} INFO - Processing file /opt/airflow/dags/invoice_pipeline_dag.py for tasks to queue
[2026-07-30T13:53:00.917+0000] {logging_mixin.py:190} INFO - [2026-07-30T13:53:00.916+0000] {dagbag.py:588} INFO - Filling up the DagBag from /opt/airflow/dags/invoice_pipeline_dag.py
[2026-07-30T13:53:01.473+0000] {logging_mixin.py:190} INFO - [2026-07-30T13:53:01.462+0000] {dagbag.py:387} ERROR - Failed to import: /opt/airflow/dags/invoice_pipeline_dag.py
Traceback (most recent call last):
  File "/home/airflow/.local/lib/python3.12/site-packages/airflow/models/dagbag.py", line 383, in parse
    loader.exec_module(new_module)
  File "<frozen importlib._bootstrap_external>", line 995, in exec_module
  File "<frozen importlib._bootstrap>", line 488, in _call_with_frames_removed
  File "/opt/airflow/dags/invoice_pipeline_dag.py", line 6, in <module>
    from database.init_db import create_tables
ModuleNotFoundError: No module named 'database'
[2026-07-30T13:53:01.476+0000] {processor.py:927} WARNING - No viable dags retrieved from /opt/airflow/dags/invoice_pipeline_dag.py
[2026-07-30T13:53:01.528+0000] {processor.py:208} INFO - Processing /opt/airflow/dags/invoice_pipeline_dag.py took 0.652 seconds
[2026-07-30T13:53:31.841+0000] {processor.py:186} INFO - Started process (PID=293) to work on /opt/airflow/dags/invoice_pipeline_dag.py
[2026-07-30T13:53:31.843+0000] {processor.py:914} INFO - Processing file /opt/airflow/dags/invoice_pipeline_dag.py for tasks to queue
[2026-07-30T13:53:31.846+0000] {logging_mixin.py:190} INFO - [2026-07-30T13:53:31.845+0000] {dagbag.py:588} INFO - Filling up the DagBag from /opt/airflow/dags/invoice_pipeline_dag.py
[2026-07-30T13:53:32.230+0000] {logging_mixin.py:190} INFO - [2026-07-30T13:53:32.221+0000] {dagbag.py:387} ERROR - Failed to import: /opt/airflow/dags/invoice_pipeline_dag.py
Traceback (most recent call last):
  File "/home/airflow/.local/lib/python3.12/site-packages/airflow/models/dagbag.py", line 383, in parse
    loader.exec_module(new_module)
  File "<frozen importlib._bootstrap_external>", line 995, in exec_module
  File "<frozen importlib._bootstrap>", line 488, in _call_with_frames_removed
  File "/opt/airflow/dags/invoice_pipeline_dag.py", line 6, in <module>
    from database.init_db import create_tables
ModuleNotFoundError: No module named 'database'
[2026-07-30T13:53:32.233+0000] {processor.py:927} WARNING - No viable dags retrieved from /opt/airflow/dags/invoice_pipeline_dag.py
[2026-07-30T13:53:32.265+0000] {processor.py:208} INFO - Processing /opt/airflow/dags/invoice_pipeline_dag.py took 0.436 seconds
[2026-07-30T13:54:03.032+0000] {processor.py:186} INFO - Started process (PID=299) to work on /opt/airflow/dags/invoice_pipeline_dag.py
[2026-07-30T13:54:03.045+0000] {processor.py:914} INFO - Processing file /opt/airflow/dags/invoice_pipeline_dag.py for tasks to queue
[2026-07-30T13:54:03.102+0000] {logging_mixin.py:190} INFO - [2026-07-30T13:54:03.096+0000] {dagbag.py:588} INFO - Filling up the DagBag from /opt/airflow/dags/invoice_pipeline_dag.py
[2026-07-30T13:54:04.282+0000] {logging_mixin.py:190} INFO - [2026-07-30T13:54:04.269+0000] {dagbag.py:387} ERROR - Failed to import: /opt/airflow/dags/invoice_pipeline_dag.py
Traceback (most recent call last):
  File "/home/airflow/.local/lib/python3.12/site-packages/airflow/models/dagbag.py", line 383, in parse
    loader.exec_module(new_module)
  File "<frozen importlib._bootstrap_external>", line 995, in exec_module
  File "<frozen importlib._bootstrap>", line 488, in _call_with_frames_removed
  File "/opt/airflow/dags/invoice_pipeline_dag.py", line 6, in <module>
    from database.init_db import create_tables
ModuleNotFoundError: No module named 'database'
[2026-07-30T13:54:04.285+0000] {processor.py:927} WARNING - No viable dags retrieved from /opt/airflow/dags/invoice_pipeline_dag.py
[2026-07-30T13:54:04.387+0000] {processor.py:208} INFO - Processing /opt/airflow/dags/invoice_pipeline_dag.py took 1.459 seconds
[2026-07-30T13:56:42.759+0000] {processor.py:186} INFO - Started process (PID=167) to work on /opt/airflow/dags/invoice_pipeline_dag.py
[2026-07-30T13:56:42.761+0000] {processor.py:914} INFO - Processing file /opt/airflow/dags/invoice_pipeline_dag.py for tasks to queue
[2026-07-30T13:56:42.765+0000] {logging_mixin.py:190} INFO - [2026-07-30T13:56:42.765+0000] {dagbag.py:588} INFO - Filling up the DagBag from /opt/airflow/dags/invoice_pipeline_dag.py
[2026-07-30T13:56:43.910+0000] {logging_mixin.py:190} INFO - [2026-07-30T13:56:43.904+0000] {dagbag.py:387} ERROR - Failed to import: /opt/airflow/dags/invoice_pipeline_dag.py
Traceback (most recent call last):
  File "/home/airflow/.local/lib/python3.12/site-packages/airflow/models/dagbag.py", line 383, in parse
    loader.exec_module(new_module)
  File "<frozen importlib._bootstrap_external>", line 995, in exec_module
  File "<frozen importlib._bootstrap>", line 488, in _call_with_frames_removed
  File "/opt/airflow/dags/invoice_pipeline_dag.py", line 6, in <module>
    from database.init_db import create_tables
ModuleNotFoundError: No module named 'database'
[2026-07-30T13:56:43.912+0000] {processor.py:927} WARNING - No viable dags retrieved from /opt/airflow/dags/invoice_pipeline_dag.py
[2026-07-30T13:56:43.933+0000] {processor.py:208} INFO - Processing /opt/airflow/dags/invoice_pipeline_dag.py took 1.194 seconds
[2026-07-30T13:57:14.056+0000] {processor.py:186} INFO - Started process (PID=173) to work on /opt/airflow/dags/invoice_pipeline_dag.py
[2026-07-30T13:57:14.058+0000] {processor.py:914} INFO - Processing file /opt/airflow/dags/invoice_pipeline_dag.py for tasks to queue
[2026-07-30T13:57:14.062+0000] {logging_mixin.py:190} INFO - [2026-07-30T13:57:14.062+0000] {dagbag.py:588} INFO - Filling up the DagBag from /opt/airflow/dags/invoice_pipeline_dag.py
[2026-07-30T13:57:14.584+0000] {logging_mixin.py:190} INFO - [2026-07-30T13:57:14.579+0000] {dagbag.py:387} ERROR - Failed to import: /opt/airflow/dags/invoice_pipeline_dag.py
Traceback (most recent call last):
  File "/home/airflow/.local/lib/python3.12/site-packages/airflow/models/dagbag.py", line 383, in parse
    loader.exec_module(new_module)
  File "<frozen importlib._bootstrap_external>", line 995, in exec_module
  File "<frozen importlib._bootstrap>", line 488, in _call_with_frames_removed
  File "/opt/airflow/dags/invoice_pipeline_dag.py", line 6, in <module>
    from database.init_db import create_tables
ModuleNotFoundError: No module named 'database'
[2026-07-30T13:57:14.586+0000] {processor.py:927} WARNING - No viable dags retrieved from /opt/airflow/dags/invoice_pipeline_dag.py
[2026-07-30T13:57:14.611+0000] {processor.py:208} INFO - Processing /opt/airflow/dags/invoice_pipeline_dag.py took 0.562 seconds
[2026-07-30T13:57:44.911+0000] {processor.py:186} INFO - Started process (PID=179) to work on /opt/airflow/dags/invoice_pipeline_dag.py
[2026-07-30T13:57:44.913+0000] {processor.py:914} INFO - Processing file /opt/airflow/dags/invoice_pipeline_dag.py for tasks to queue
[2026-07-30T13:57:44.918+0000] {logging_mixin.py:190} INFO - [2026-07-30T13:57:44.917+0000] {dagbag.py:588} INFO - Filling up the DagBag from /opt/airflow/dags/invoice_pipeline_dag.py
[2026-07-30T13:57:45.359+0000] {logging_mixin.py:190} INFO - [2026-07-30T13:57:45.354+0000] {dagbag.py:387} ERROR - Failed to import: /opt/airflow/dags/invoice_pipeline_dag.py
Traceback (most recent call last):
  File "/home/airflow/.local/lib/python3.12/site-packages/airflow/models/dagbag.py", line 383, in parse
    loader.exec_module(new_module)
  File "<frozen importlib._bootstrap_external>", line 995, in exec_module
  File "<frozen importlib._bootstrap>", line 488, in _call_with_frames_removed
  File "/opt/airflow/dags/invoice_pipeline_dag.py", line 6, in <module>
    from database.init_db import create_tables
ModuleNotFoundError: No module named 'database'
[2026-07-30T13:57:45.361+0000] {processor.py:927} WARNING - No viable dags retrieved from /opt/airflow/dags/invoice_pipeline_dag.py
[2026-07-30T13:57:45.385+0000] {processor.py:208} INFO - Processing /opt/airflow/dags/invoice_pipeline_dag.py took 0.481 seconds
[2026-07-30T13:58:15.700+0000] {processor.py:186} INFO - Started process (PID=185) to work on /opt/airflow/dags/invoice_pipeline_dag.py
[2026-07-30T13:58:15.702+0000] {processor.py:914} INFO - Processing file /opt/airflow/dags/invoice_pipeline_dag.py for tasks to queue
[2026-07-30T13:58:15.706+0000] {logging_mixin.py:190} INFO - [2026-07-30T13:58:15.706+0000] {dagbag.py:588} INFO - Filling up the DagBag from /opt/airflow/dags/invoice_pipeline_dag.py
[2026-07-30T13:58:16.136+0000] {logging_mixin.py:190} INFO - [2026-07-30T13:58:16.129+0000] {dagbag.py:387} ERROR - Failed to import: /opt/airflow/dags/invoice_pipeline_dag.py
Traceback (most recent call last):
  File "/home/airflow/.local/lib/python3.12/site-packages/airflow/models/dagbag.py", line 383, in parse
    loader.exec_module(new_module)
  File "<frozen importlib._bootstrap_external>", line 995, in exec_module
  File "<frozen importlib._bootstrap>", line 488, in _call_with_frames_removed
  File "/opt/airflow/dags/invoice_pipeline_dag.py", line 6, in <module>
    from database.init_db import create_tables
ModuleNotFoundError: No module named 'database'
[2026-07-30T13:58:16.138+0000] {processor.py:927} WARNING - No viable dags retrieved from /opt/airflow/dags/invoice_pipeline_dag.py
[2026-07-30T13:58:16.163+0000] {processor.py:208} INFO - Processing /opt/airflow/dags/invoice_pipeline_dag.py took 0.470 seconds
[2026-07-30T13:58:46.513+0000] {processor.py:186} INFO - Started process (PID=191) to work on /opt/airflow/dags/invoice_pipeline_dag.py
[2026-07-30T13:58:46.515+0000] {processor.py:914} INFO - Processing file /opt/airflow/dags/invoice_pipeline_dag.py for tasks to queue
[2026-07-30T13:58:46.521+0000] {logging_mixin.py:190} INFO - [2026-07-30T13:58:46.521+0000] {dagbag.py:588} INFO - Filling up the DagBag from /opt/airflow/dags/invoice_pipeline_dag.py
[2026-07-30T13:58:47.335+0000] {logging_mixin.py:190} INFO - [2026-07-30T13:58:47.330+0000] {dagbag.py:387} ERROR - Failed to import: /opt/airflow/dags/invoice_pipeline_dag.py
Traceback (most recent call last):
  File "/home/airflow/.local/lib/python3.12/site-packages/airflow/models/dagbag.py", line 383, in parse
    loader.exec_module(new_module)
  File "<frozen importlib._bootstrap_external>", line 995, in exec_module
  File "<frozen importlib._bootstrap>", line 488, in _call_with_frames_removed
  File "/opt/airflow/dags/invoice_pipeline_dag.py", line 6, in <module>
    from database.init_db import create_tables
ModuleNotFoundError: No module named 'database'
[2026-07-30T13:58:47.337+0000] {processor.py:927} WARNING - No viable dags retrieved from /opt/airflow/dags/invoice_pipeline_dag.py
[2026-07-30T13:58:47.365+0000] {processor.py:208} INFO - Processing /opt/airflow/dags/invoice_pipeline_dag.py took 0.866 seconds
[2026-07-30T13:59:17.723+0000] {processor.py:186} INFO - Started process (PID=197) to work on /opt/airflow/dags/invoice_pipeline_dag.py
[2026-07-30T13:59:17.729+0000] {processor.py:914} INFO - Processing file /opt/airflow/dags/invoice_pipeline_dag.py for tasks to queue
[2026-07-30T13:59:17.737+0000] {logging_mixin.py:190} INFO - [2026-07-30T13:59:17.737+0000] {dagbag.py:588} INFO - Filling up the DagBag from /opt/airflow/dags/invoice_pipeline_dag.py
[2026-07-30T13:59:18.616+0000] {logging_mixin.py:190} INFO - [2026-07-30T13:59:18.611+0000] {dagbag.py:387} ERROR - Failed to import: /opt/airflow/dags/invoice_pipeline_dag.py
Traceback (most recent call last):
  File "/home/airflow/.local/lib/python3.12/site-packages/airflow/models/dagbag.py", line 383, in parse
    loader.exec_module(new_module)
  File "<frozen importlib._bootstrap_external>", line 995, in exec_module
  File "<frozen importlib._bootstrap>", line 488, in _call_with_frames_removed
  File "/opt/airflow/dags/invoice_pipeline_dag.py", line 6, in <module>
    from database.init_db import create_tables
ModuleNotFoundError: No module named 'database'
[2026-07-30T13:59:18.619+0000] {processor.py:927} WARNING - No viable dags retrieved from /opt/airflow/dags/invoice_pipeline_dag.py
[2026-07-30T13:59:18.649+0000] {processor.py:208} INFO - Processing /opt/airflow/dags/invoice_pipeline_dag.py took 0.943 seconds
[2026-07-30T13:59:48.959+0000] {processor.py:186} INFO - Started process (PID=203) to work on /opt/airflow/dags/invoice_pipeline_dag.py
[2026-07-30T13:59:48.960+0000] {processor.py:914} INFO - Processing file /opt/airflow/dags/invoice_pipeline_dag.py for tasks to queue
[2026-07-30T13:59:48.964+0000] {logging_mixin.py:190} INFO - [2026-07-30T13:59:48.964+0000] {dagbag.py:588} INFO - Filling up the DagBag from /opt/airflow/dags/invoice_pipeline_dag.py
[2026-07-30T13:59:49.668+0000] {logging_mixin.py:190} INFO - [2026-07-30T13:59:49.651+0000] {dagbag.py:387} ERROR - Failed to import: /opt/airflow/dags/invoice_pipeline_dag.py
Traceback (most recent call last):
  File "/home/airflow/.local/lib/python3.12/site-packages/airflow/models/dagbag.py", line 383, in parse
    loader.exec_module(new_module)
  File "<frozen importlib._bootstrap_external>", line 995, in exec_module
  File "<frozen importlib._bootstrap>", line 488, in _call_with_frames_removed
  File "/opt/airflow/dags/invoice_pipeline_dag.py", line 6, in <module>
    from database.init_db import create_tables
ModuleNotFoundError: No module named 'database'
[2026-07-30T13:59:49.671+0000] {processor.py:927} WARNING - No viable dags retrieved from /opt/airflow/dags/invoice_pipeline_dag.py
[2026-07-30T13:59:49.700+0000] {processor.py:208} INFO - Processing /opt/airflow/dags/invoice_pipeline_dag.py took 0.748 seconds
[2026-07-30T14:00:20.072+0000] {processor.py:186} INFO - Started process (PID=209) to work on /opt/airflow/dags/invoice_pipeline_dag.py
[2026-07-30T14:00:20.078+0000] {processor.py:914} INFO - Processing file /opt/airflow/dags/invoice_pipeline_dag.py for tasks to queue
[2026-07-30T14:00:20.091+0000] {logging_mixin.py:190} INFO - [2026-07-30T14:00:20.090+0000] {dagbag.py:588} INFO - Filling up the DagBag from /opt/airflow/dags/invoice_pipeline_dag.py
[2026-07-30T14:00:21.338+0000] {logging_mixin.py:190} INFO - [2026-07-30T14:00:21.330+0000] {dagbag.py:387} ERROR - Failed to import: /opt/airflow/dags/invoice_pipeline_dag.py
Traceback (most recent call last):
  File "/home/airflow/.local/lib/python3.12/site-packages/airflow/models/dagbag.py", line 383, in parse
    loader.exec_module(new_module)
  File "<frozen importlib._bootstrap_external>", line 995, in exec_module
  File "<frozen importlib._bootstrap>", line 488, in _call_with_frames_removed
  File "/opt/airflow/dags/invoice_pipeline_dag.py", line 6, in <module>
    from database.init_db import create_tables
ModuleNotFoundError: No module named 'database'
[2026-07-30T14:00:21.341+0000] {processor.py:927} WARNING - No viable dags retrieved from /opt/airflow/dags/invoice_pipeline_dag.py
[2026-07-30T14:00:21.372+0000] {processor.py:208} INFO - Processing /opt/airflow/dags/invoice_pipeline_dag.py took 1.323 seconds
[2026-07-30T14:00:51.596+0000] {processor.py:186} INFO - Started process (PID=215) to work on /opt/airflow/dags/invoice_pipeline_dag.py
[2026-07-30T14:00:51.600+0000] {processor.py:914} INFO - Processing file /opt/airflow/dags/invoice_pipeline_dag.py for tasks to queue
[2026-07-30T14:00:51.611+0000] {logging_mixin.py:190} INFO - [2026-07-30T14:00:51.610+0000] {dagbag.py:588} INFO - Filling up the DagBag from /opt/airflow/dags/invoice_pipeline_dag.py
[2026-07-30T14:00:53.160+0000] {logging_mixin.py:190} INFO - [2026-07-30T14:00:53.154+0000] {dagbag.py:387} ERROR - Failed to import: /opt/airflow/dags/invoice_pipeline_dag.py
Traceback (most recent call last):
  File "/home/airflow/.local/lib/python3.12/site-packages/airflow/models/dagbag.py", line 383, in parse
    loader.exec_module(new_module)
  File "<frozen importlib._bootstrap_external>", line 995, in exec_module
  File "<frozen importlib._bootstrap>", line 488, in _call_with_frames_removed
  File "/opt/airflow/dags/invoice_pipeline_dag.py", line 6, in <module>
    from database.init_db import create_tables
ModuleNotFoundError: No module named 'database'
[2026-07-30T14:00:53.161+0000] {processor.py:927} WARNING - No viable dags retrieved from /opt/airflow/dags/invoice_pipeline_dag.py
[2026-07-30T14:00:53.214+0000] {processor.py:208} INFO - Processing /opt/airflow/dags/invoice_pipeline_dag.py took 1.643 seconds
[2026-07-30T14:01:23.687+0000] {processor.py:186} INFO - Started process (PID=221) to work on /opt/airflow/dags/invoice_pipeline_dag.py
[2026-07-30T14:01:23.693+0000] {processor.py:914} INFO - Processing file /opt/airflow/dags/invoice_pipeline_dag.py for tasks to queue
[2026-07-30T14:01:23.723+0000] {logging_mixin.py:190} INFO - [2026-07-30T14:01:23.720+0000] {dagbag.py:588} INFO - Filling up the DagBag from /opt/airflow/dags/invoice_pipeline_dag.py
[2026-07-30T14:01:25.962+0000] {logging_mixin.py:190} INFO - [2026-07-30T14:01:25.955+0000] {dagbag.py:387} ERROR - Failed to import: /opt/airflow/dags/invoice_pipeline_dag.py
Traceback (most recent call last):
  File "/home/airflow/.local/lib/python3.12/site-packages/airflow/models/dagbag.py", line 383, in parse
    loader.exec_module(new_module)
  File "<frozen importlib._bootstrap_external>", line 995, in exec_module
  File "<frozen importlib._bootstrap>", line 488, in _call_with_frames_removed
  File "/opt/airflow/dags/invoice_pipeline_dag.py", line 6, in <module>
    from database.init_db import create_tables
ModuleNotFoundError: No module named 'database'
[2026-07-30T14:01:25.964+0000] {processor.py:927} WARNING - No viable dags retrieved from /opt/airflow/dags/invoice_pipeline_dag.py
[2026-07-30T14:01:26.039+0000] {processor.py:208} INFO - Processing /opt/airflow/dags/invoice_pipeline_dag.py took 2.403 seconds
[2026-07-30T14:01:56.365+0000] {processor.py:186} INFO - Started process (PID=227) to work on /opt/airflow/dags/invoice_pipeline_dag.py
[2026-07-30T14:01:56.368+0000] {processor.py:914} INFO - Processing file /opt/airflow/dags/invoice_pipeline_dag.py for tasks to queue
[2026-07-30T14:01:56.373+0000] {logging_mixin.py:190} INFO - [2026-07-30T14:01:56.373+0000] {dagbag.py:588} INFO - Filling up the DagBag from /opt/airflow/dags/invoice_pipeline_dag.py
[2026-07-30T14:01:57.563+0000] {logging_mixin.py:190} INFO - [2026-07-30T14:01:57.558+0000] {dagbag.py:387} ERROR - Failed to import: /opt/airflow/dags/invoice_pipeline_dag.py
Traceback (most recent call last):
  File "/home/airflow/.local/lib/python3.12/site-packages/airflow/models/dagbag.py", line 383, in parse
    loader.exec_module(new_module)
  File "<frozen importlib._bootstrap_external>", line 995, in exec_module
  File "<frozen importlib._bootstrap>", line 488, in _call_with_frames_removed
  File "/opt/airflow/dags/invoice_pipeline_dag.py", line 6, in <module>
    from database.init_db import create_tables
ModuleNotFoundError: No module named 'database'
[2026-07-30T14:01:57.565+0000] {processor.py:927} WARNING - No viable dags retrieved from /opt/airflow/dags/invoice_pipeline_dag.py
[2026-07-30T14:01:57.621+0000] {processor.py:208} INFO - Processing /opt/airflow/dags/invoice_pipeline_dag.py took 1.267 seconds
[2026-07-30T14:02:28.014+0000] {processor.py:186} INFO - Started process (PID=233) to work on /opt/airflow/dags/invoice_pipeline_dag.py
[2026-07-30T14:02:28.020+0000] {processor.py:914} INFO - Processing file /opt/airflow/dags/invoice_pipeline_dag.py for tasks to queue
[2026-07-30T14:02:28.033+0000] {logging_mixin.py:190} INFO - [2026-07-30T14:02:28.031+0000] {dagbag.py:588} INFO - Filling up the DagBag from /opt/airflow/dags/invoice_pipeline_dag.py
[2026-07-30T14:02:28.972+0000] {logging_mixin.py:190} INFO - [2026-07-30T14:02:28.966+0000] {dagbag.py:387} ERROR - Failed to import: /opt/airflow/dags/invoice_pipeline_dag.py
Traceback (most recent call last):
  File "/home/airflow/.local/lib/python3.12/site-packages/airflow/models/dagbag.py", line 383, in parse
    loader.exec_module(new_module)
  File "<frozen importlib._bootstrap_external>", line 995, in exec_module
  File "<frozen importlib._bootstrap>", line 488, in _call_with_frames_removed
  File "/opt/airflow/dags/invoice_pipeline_dag.py", line 6, in <module>
    from database.init_db import create_tables
ModuleNotFoundError: No module named 'database'
[2026-07-30T14:02:28.974+0000] {processor.py:927} WARNING - No viable dags retrieved from /opt/airflow/dags/invoice_pipeline_dag.py
[2026-07-30T14:02:29.067+0000] {processor.py:208} INFO - Processing /opt/airflow/dags/invoice_pipeline_dag.py took 1.093 seconds
[2026-07-30T14:02:59.397+0000] {processor.py:186} INFO - Started process (PID=239) to work on /opt/airflow/dags/invoice_pipeline_dag.py
[2026-07-30T14:02:59.399+0000] {processor.py:914} INFO - Processing file /opt/airflow/dags/invoice_pipeline_dag.py for tasks to queue
[2026-07-30T14:02:59.407+0000] {logging_mixin.py:190} INFO - [2026-07-30T14:02:59.406+0000] {dagbag.py:588} INFO - Filling up the DagBag from /opt/airflow/dags/invoice_pipeline_dag.py
[2026-07-30T14:03:00.316+0000] {logging_mixin.py:190} INFO - [2026-07-30T14:03:00.310+0000] {dagbag.py:387} ERROR - Failed to import: /opt/airflow/dags/invoice_pipeline_dag.py
Traceback (most recent call last):
  File "/home/airflow/.local/lib/python3.12/site-packages/airflow/models/dagbag.py", line 383, in parse
    loader.exec_module(new_module)
  File "<frozen importlib._bootstrap_external>", line 995, in exec_module
  File "<frozen importlib._bootstrap>", line 488, in _call_with_frames_removed
  File "/opt/airflow/dags/invoice_pipeline_dag.py", line 6, in <module>
    from database.init_db import create_tables
ModuleNotFoundError: No module named 'database'
[2026-07-30T14:03:00.318+0000] {processor.py:927} WARNING - No viable dags retrieved from /opt/airflow/dags/invoice_pipeline_dag.py
[2026-07-30T14:03:00.370+0000] {processor.py:208} INFO - Processing /opt/airflow/dags/invoice_pipeline_dag.py took 0.991 seconds
[2026-07-30T14:03:30.666+0000] {processor.py:186} INFO - Started process (PID=245) to work on /opt/airflow/dags/invoice_pipeline_dag.py
[2026-07-30T14:03:30.671+0000] {processor.py:914} INFO - Processing file /opt/airflow/dags/invoice_pipeline_dag.py for tasks to queue
[2026-07-30T14:03:30.685+0000] {logging_mixin.py:190} INFO - [2026-07-30T14:03:30.683+0000] {dagbag.py:588} INFO - Filling up the DagBag from /opt/airflow/dags/invoice_pipeline_dag.py
[2026-07-30T14:03:31.350+0000] {logging_mixin.py:190} INFO - [2026-07-30T14:03:31.344+0000] {dagbag.py:387} ERROR - Failed to import: /opt/airflow/dags/invoice_pipeline_dag.py
Traceback (most recent call last):
  File "/home/airflow/.local/lib/python3.12/site-packages/airflow/models/dagbag.py", line 383, in parse
    loader.exec_module(new_module)
  File "<frozen importlib._bootstrap_external>", line 995, in exec_module
  File "<frozen importlib._bootstrap>", line 488, in _call_with_frames_removed
  File "/opt/airflow/dags/invoice_pipeline_dag.py", line 6, in <module>
    from database.init_db import create_tables
ModuleNotFoundError: No module named 'database'
[2026-07-30T14:03:31.351+0000] {processor.py:927} WARNING - No viable dags retrieved from /opt/airflow/dags/invoice_pipeline_dag.py
[2026-07-30T14:03:31.374+0000] {processor.py:208} INFO - Processing /opt/airflow/dags/invoice_pipeline_dag.py took 0.720 seconds
[2026-07-30T14:04:01.786+0000] {processor.py:186} INFO - Started process (PID=251) to work on /opt/airflow/dags/invoice_pipeline_dag.py
[2026-07-30T14:04:01.792+0000] {processor.py:914} INFO - Processing file /opt/airflow/dags/invoice_pipeline_dag.py for tasks to queue
[2026-07-30T14:04:01.806+0000] {logging_mixin.py:190} INFO - [2026-07-30T14:04:01.804+0000] {dagbag.py:588} INFO - Filling up the DagBag from /opt/airflow/dags/invoice_pipeline_dag.py
[2026-07-30T14:04:02.746+0000] {logging_mixin.py:190} INFO - [2026-07-30T14:04:02.741+0000] {dagbag.py:387} ERROR - Failed to import: /opt/airflow/dags/invoice_pipeline_dag.py
Traceback (most recent call last):
  File "/home/airflow/.local/lib/python3.12/site-packages/airflow/models/dagbag.py", line 383, in parse
    loader.exec_module(new_module)
  File "<frozen importlib._bootstrap_external>", line 995, in exec_module
  File "<frozen importlib._bootstrap>", line 488, in _call_with_frames_removed
  File "/opt/airflow/dags/invoice_pipeline_dag.py", line 6, in <module>
    from database.init_db import create_tables
ModuleNotFoundError: No module named 'database'
[2026-07-30T14:04:02.747+0000] {processor.py:927} WARNING - No viable dags retrieved from /opt/airflow/dags/invoice_pipeline_dag.py
[2026-07-30T14:04:02.803+0000] {processor.py:208} INFO - Processing /opt/airflow/dags/invoice_pipeline_dag.py took 1.057 seconds
[2026-07-30T14:04:07.805+0000] {processor.py:186} INFO - Started process (PID=257) to work on /opt/airflow/dags/invoice_pipeline_dag.py
[2026-07-30T14:04:07.808+0000] {processor.py:914} INFO - Processing file /opt/airflow/dags/invoice_pipeline_dag.py for tasks to queue
[2026-07-30T14:04:07.812+0000] {logging_mixin.py:190} INFO - [2026-07-30T14:04:07.812+0000] {dagbag.py:588} INFO - Filling up the DagBag from /opt/airflow/dags/invoice_pipeline_dag.py
[2026-07-30T14:04:08.538+0000] {logging_mixin.py:190} INFO - [2026-07-30T14:04:08.531+0000] {dagbag.py:387} ERROR - Failed to import: /opt/airflow/dags/invoice_pipeline_dag.py
Traceback (most recent call last):
  File "/home/airflow/.local/lib/python3.12/site-packages/airflow/models/dagbag.py", line 383, in parse
    loader.exec_module(new_module)
  File "<frozen importlib._bootstrap_external>", line 995, in exec_module
  File "<frozen importlib._bootstrap>", line 488, in _call_with_frames_removed
  File "/opt/airflow/dags/invoice_pipeline_dag.py", line 6, in <module>
    from database_config.init_db import create_tables
ModuleNotFoundError: No module named 'database_config'
[2026-07-30T14:04:08.541+0000] {processor.py:927} WARNING - No viable dags retrieved from /opt/airflow/dags/invoice_pipeline_dag.py
[2026-07-30T14:04:08.578+0000] {processor.py:208} INFO - Processing /opt/airflow/dags/invoice_pipeline_dag.py took 0.784 seconds
[2026-07-30T14:04:38.936+0000] {processor.py:186} INFO - Started process (PID=263) to work on /opt/airflow/dags/invoice_pipeline_dag.py
[2026-07-30T14:04:38.941+0000] {processor.py:914} INFO - Processing file /opt/airflow/dags/invoice_pipeline_dag.py for tasks to queue
[2026-07-30T14:04:38.954+0000] {logging_mixin.py:190} INFO - [2026-07-30T14:04:38.953+0000] {dagbag.py:588} INFO - Filling up the DagBag from /opt/airflow/dags/invoice_pipeline_dag.py
[2026-07-30T14:04:39.907+0000] {logging_mixin.py:190} INFO - [2026-07-30T14:04:39.902+0000] {dagbag.py:387} ERROR - Failed to import: /opt/airflow/dags/invoice_pipeline_dag.py
Traceback (most recent call last):
  File "/home/airflow/.local/lib/python3.12/site-packages/airflow/models/dagbag.py", line 383, in parse
    loader.exec_module(new_module)
  File "<frozen importlib._bootstrap_external>", line 995, in exec_module
  File "<frozen importlib._bootstrap>", line 488, in _call_with_frames_removed
  File "/opt/airflow/dags/invoice_pipeline_dag.py", line 6, in <module>
    from database_config.init_db import create_tables
ModuleNotFoundError: No module named 'database_config'
[2026-07-30T14:04:39.909+0000] {processor.py:927} WARNING - No viable dags retrieved from /opt/airflow/dags/invoice_pipeline_dag.py
[2026-07-30T14:04:39.942+0000] {processor.py:208} INFO - Processing /opt/airflow/dags/invoice_pipeline_dag.py took 1.035 seconds
[2026-07-30T14:05:10.420+0000] {processor.py:186} INFO - Started process (PID=269) to work on /opt/airflow/dags/invoice_pipeline_dag.py
[2026-07-30T14:05:10.422+0000] {processor.py:914} INFO - Processing file /opt/airflow/dags/invoice_pipeline_dag.py for tasks to queue
[2026-07-30T14:05:10.425+0000] {logging_mixin.py:190} INFO - [2026-07-30T14:05:10.425+0000] {dagbag.py:588} INFO - Filling up the DagBag from /opt/airflow/dags/invoice_pipeline_dag.py
[2026-07-30T14:05:10.829+0000] {logging_mixin.py:190} INFO - [2026-07-30T14:05:10.820+0000] {dagbag.py:387} ERROR - Failed to import: /opt/airflow/dags/invoice_pipeline_dag.py
Traceback (most recent call last):
  File "/home/airflow/.local/lib/python3.12/site-packages/airflow/models/dagbag.py", line 383, in parse
    loader.exec_module(new_module)
  File "<frozen importlib._bootstrap_external>", line 995, in exec_module
  File "<frozen importlib._bootstrap>", line 488, in _call_with_frames_removed
  File "/opt/airflow/dags/invoice_pipeline_dag.py", line 6, in <module>
    from database_config.init_db import create_tables
ModuleNotFoundError: No module named 'database_config'
[2026-07-30T14:05:10.831+0000] {processor.py:927} WARNING - No viable dags retrieved from /opt/airflow/dags/invoice_pipeline_dag.py
[2026-07-30T14:05:10.898+0000] {processor.py:208} INFO - Processing /opt/airflow/dags/invoice_pipeline_dag.py took 0.483 seconds
[2026-07-30T14:05:41.250+0000] {processor.py:186} INFO - Started process (PID=275) to work on /opt/airflow/dags/invoice_pipeline_dag.py
[2026-07-30T14:05:41.252+0000] {processor.py:914} INFO - Processing file /opt/airflow/dags/invoice_pipeline_dag.py for tasks to queue
[2026-07-30T14:05:41.264+0000] {logging_mixin.py:190} INFO - [2026-07-30T14:05:41.263+0000] {dagbag.py:588} INFO - Filling up the DagBag from /opt/airflow/dags/invoice_pipeline_dag.py
[2026-07-30T14:05:41.854+0000] {logging_mixin.py:190} INFO - [2026-07-30T14:05:41.845+0000] {dagbag.py:387} ERROR - Failed to import: /opt/airflow/dags/invoice_pipeline_dag.py
Traceback (most recent call last):
  File "/home/airflow/.local/lib/python3.12/site-packages/airflow/models/dagbag.py", line 383, in parse
    loader.exec_module(new_module)
  File "<frozen importlib._bootstrap_external>", line 995, in exec_module
  File "<frozen importlib._bootstrap>", line 488, in _call_with_frames_removed
  File "/opt/airflow/dags/invoice_pipeline_dag.py", line 6, in <module>
    from database_config.init_db import create_tables
ModuleNotFoundError: No module named 'database_config'
[2026-07-30T14:05:41.856+0000] {processor.py:927} WARNING - No viable dags retrieved from /opt/airflow/dags/invoice_pipeline_dag.py
[2026-07-30T14:05:41.886+0000] {processor.py:208} INFO - Processing /opt/airflow/dags/invoice_pipeline_dag.py took 0.649 seconds
[2026-07-30T14:06:11.990+0000] {processor.py:186} INFO - Started process (PID=281) to work on /opt/airflow/dags/invoice_pipeline_dag.py
[2026-07-30T14:06:11.991+0000] {processor.py:914} INFO - Processing file /opt/airflow/dags/invoice_pipeline_dag.py for tasks to queue
[2026-07-30T14:06:11.995+0000] {logging_mixin.py:190} INFO - [2026-07-30T14:06:11.994+0000] {dagbag.py:588} INFO - Filling up the DagBag from /opt/airflow/dags/invoice_pipeline_dag.py
[2026-07-30T14:06:12.277+0000] {logging_mixin.py:190} INFO - [2026-07-30T14:06:12.269+0000] {dagbag.py:387} ERROR - Failed to import: /opt/airflow/dags/invoice_pipeline_dag.py
Traceback (most recent call last):
  File "/home/airflow/.local/lib/python3.12/site-packages/airflow/models/dagbag.py", line 383, in parse
    loader.exec_module(new_module)
  File "<frozen importlib._bootstrap_external>", line 995, in exec_module
  File "<frozen importlib._bootstrap>", line 488, in _call_with_frames_removed
  File "/opt/airflow/dags/invoice_pipeline_dag.py", line 6, in <module>
    from database_config.init_db import create_tables
ModuleNotFoundError: No module named 'database_config'
[2026-07-30T14:06:12.279+0000] {processor.py:927} WARNING - No viable dags retrieved from /opt/airflow/dags/invoice_pipeline_dag.py
[2026-07-30T14:06:12.304+0000] {processor.py:208} INFO - Processing /opt/airflow/dags/invoice_pipeline_dag.py took 0.322 seconds
[2026-07-30T14:06:42.533+0000] {processor.py:186} INFO - Started process (PID=287) to work on /opt/airflow/dags/invoice_pipeline_dag.py
[2026-07-30T14:06:42.536+0000] {processor.py:914} INFO - Processing file /opt/airflow/dags/invoice_pipeline_dag.py for tasks to queue
[2026-07-30T14:06:42.540+0000] {logging_mixin.py:190} INFO - [2026-07-30T14:06:42.540+0000] {dagbag.py:588} INFO - Filling up the DagBag from /opt/airflow/dags/invoice_pipeline_dag.py
[2026-07-30T14:06:42.874+0000] {logging_mixin.py:190} INFO - [2026-07-30T14:06:42.866+0000] {dagbag.py:387} ERROR - Failed to import: /opt/airflow/dags/invoice_pipeline_dag.py
Traceback (most recent call last):
  File "/home/airflow/.local/lib/python3.12/site-packages/airflow/models/dagbag.py", line 383, in parse
    loader.exec_module(new_module)
  File "<frozen importlib._bootstrap_external>", line 995, in exec_module
  File "<frozen importlib._bootstrap>", line 488, in _call_with_frames_removed
  File "/opt/airflow/dags/invoice_pipeline_dag.py", line 6, in <module>
    from database_config.init_db import create_tables
ModuleNotFoundError: No module named 'database_config'
[2026-07-30T14:06:42.877+0000] {processor.py:927} WARNING - No viable dags retrieved from /opt/airflow/dags/invoice_pipeline_dag.py
[2026-07-30T14:06:42.909+0000] {processor.py:208} INFO - Processing /opt/airflow/dags/invoice_pipeline_dag.py took 0.388 seconds
[2026-07-30T14:07:12.976+0000] {processor.py:186} INFO - Started process (PID=293) to work on /opt/airflow/dags/invoice_pipeline_dag.py
[2026-07-30T14:07:12.978+0000] {processor.py:914} INFO - Processing file /opt/airflow/dags/invoice_pipeline_dag.py for tasks to queue
[2026-07-30T14:07:12.982+0000] {logging_mixin.py:190} INFO - [2026-07-30T14:07:12.982+0000] {dagbag.py:588} INFO - Filling up the DagBag from /opt/airflow/dags/invoice_pipeline_dag.py
[2026-07-30T14:07:13.301+0000] {logging_mixin.py:190} INFO - [2026-07-30T14:07:13.295+0000] {dagbag.py:387} ERROR - Failed to import: /opt/airflow/dags/invoice_pipeline_dag.py
Traceback (most recent call last):
  File "/home/airflow/.local/lib/python3.12/site-packages/airflow/models/dagbag.py", line 383, in parse
    loader.exec_module(new_module)
  File "<frozen importlib._bootstrap_external>", line 995, in exec_module
  File "<frozen importlib._bootstrap>", line 488, in _call_with_frames_removed
  File "/opt/airflow/dags/invoice_pipeline_dag.py", line 6, in <module>
    from database_config.init_db import create_tables
ModuleNotFoundError: No module named 'database_config'
[2026-07-30T14:07:13.303+0000] {processor.py:927} WARNING - No viable dags retrieved from /opt/airflow/dags/invoice_pipeline_dag.py
[2026-07-30T14:07:13.328+0000] {processor.py:208} INFO - Processing /opt/airflow/dags/invoice_pipeline_dag.py took 0.358 seconds
[2026-07-30T14:07:43.554+0000] {processor.py:186} INFO - Started process (PID=299) to work on /opt/airflow/dags/invoice_pipeline_dag.py
[2026-07-30T14:07:43.556+0000] {processor.py:914} INFO - Processing file /opt/airflow/dags/invoice_pipeline_dag.py for tasks to queue
[2026-07-30T14:07:43.561+0000] {logging_mixin.py:190} INFO - [2026-07-30T14:07:43.560+0000] {dagbag.py:588} INFO - Filling up the DagBag from /opt/airflow/dags/invoice_pipeline_dag.py
[2026-07-30T14:07:43.951+0000] {logging_mixin.py:190} INFO - [2026-07-30T14:07:43.946+0000] {dagbag.py:387} ERROR - Failed to import: /opt/airflow/dags/invoice_pipeline_dag.py
Traceback (most recent call last):
  File "/home/airflow/.local/lib/python3.12/site-packages/airflow/models/dagbag.py", line 383, in parse
    loader.exec_module(new_module)
  File "<frozen importlib._bootstrap_external>", line 995, in exec_module
  File "<frozen importlib._bootstrap>", line 488, in _call_with_frames_removed
  File "/opt/airflow/dags/invoice_pipeline_dag.py", line 6, in <module>
    from database_config.init_db import create_tables
ModuleNotFoundError: No module named 'database_config'
[2026-07-30T14:07:43.953+0000] {processor.py:927} WARNING - No viable dags retrieved from /opt/airflow/dags/invoice_pipeline_dag.py
[2026-07-30T14:07:43.985+0000] {processor.py:208} INFO - Processing /opt/airflow/dags/invoice_pipeline_dag.py took 0.441 seconds
[2026-07-30T14:08:14.337+0000] {processor.py:186} INFO - Started process (PID=305) to work on /opt/airflow/dags/invoice_pipeline_dag.py
[2026-07-30T14:08:14.341+0000] {processor.py:914} INFO - Processing file /opt/airflow/dags/invoice_pipeline_dag.py for tasks to queue
[2026-07-30T14:08:14.353+0000] {logging_mixin.py:190} INFO - [2026-07-30T14:08:14.352+0000] {dagbag.py:588} INFO - Filling up the DagBag from /opt/airflow/dags/invoice_pipeline_dag.py
[2026-07-30T14:08:14.780+0000] {logging_mixin.py:190} INFO - [2026-07-30T14:08:14.772+0000] {dagbag.py:387} ERROR - Failed to import: /opt/airflow/dags/invoice_pipeline_dag.py
Traceback (most recent call last):
  File "/home/airflow/.local/lib/python3.12/site-packages/airflow/models/dagbag.py", line 383, in parse
    loader.exec_module(new_module)
  File "<frozen importlib._bootstrap_external>", line 995, in exec_module
  File "<frozen importlib._bootstrap>", line 488, in _call_with_frames_removed
  File "/opt/airflow/dags/invoice_pipeline_dag.py", line 6, in <module>
    from database_config.init_db import create_tables
ModuleNotFoundError: No module named 'database_config'
[2026-07-30T14:08:14.783+0000] {processor.py:927} WARNING - No viable dags retrieved from /opt/airflow/dags/invoice_pipeline_dag.py
[2026-07-30T14:08:14.839+0000] {processor.py:208} INFO - Processing /opt/airflow/dags/invoice_pipeline_dag.py took 0.532 seconds
[2026-07-30T14:08:45.194+0000] {processor.py:186} INFO - Started process (PID=311) to work on /opt/airflow/dags/invoice_pipeline_dag.py
[2026-07-30T14:08:45.196+0000] {processor.py:914} INFO - Processing file /opt/airflow/dags/invoice_pipeline_dag.py for tasks to queue
[2026-07-30T14:08:45.199+0000] {logging_mixin.py:190} INFO - [2026-07-30T14:08:45.199+0000] {dagbag.py:588} INFO - Filling up the DagBag from /opt/airflow/dags/invoice_pipeline_dag.py
[2026-07-30T14:08:45.470+0000] {logging_mixin.py:190} INFO - [2026-07-30T14:08:45.464+0000] {dagbag.py:387} ERROR - Failed to import: /opt/airflow/dags/invoice_pipeline_dag.py
Traceback (most recent call last):
  File "/home/airflow/.local/lib/python3.12/site-packages/airflow/models/dagbag.py", line 383, in parse
    loader.exec_module(new_module)
  File "<frozen importlib._bootstrap_external>", line 995, in exec_module
  File "<frozen importlib._bootstrap>", line 488, in _call_with_frames_removed
  File "/opt/airflow/dags/invoice_pipeline_dag.py", line 6, in <module>
    from database_config.init_db import create_tables
ModuleNotFoundError: No module named 'database_config'
[2026-07-30T14:08:45.473+0000] {processor.py:927} WARNING - No viable dags retrieved from /opt/airflow/dags/invoice_pipeline_dag.py
[2026-07-30T14:08:45.499+0000] {processor.py:208} INFO - Processing /opt/airflow/dags/invoice_pipeline_dag.py took 0.313 seconds
[2026-07-30T14:09:14.804+0000] {processor.py:186} INFO - Started process (PID=317) to work on /opt/airflow/dags/invoice_pipeline_dag.py
[2026-07-30T14:09:14.805+0000] {processor.py:914} INFO - Processing file /opt/airflow/dags/invoice_pipeline_dag.py for tasks to queue
[2026-07-30T14:09:14.809+0000] {logging_mixin.py:190} INFO - [2026-07-30T14:09:14.808+0000] {dagbag.py:588} INFO - Filling up the DagBag from /opt/airflow/dags/invoice_pipeline_dag.py
[2026-07-30T14:09:15.132+0000] {logging_mixin.py:190} INFO - [2026-07-30T14:09:15.126+0000] {dagbag.py:387} ERROR - Failed to import: /opt/airflow/dags/invoice_pipeline_dag.py
Traceback (most recent call last):
  File "/home/airflow/.local/lib/python3.12/site-packages/airflow/models/dagbag.py", line 383, in parse
    loader.exec_module(new_module)
  File "<frozen importlib._bootstrap_external>", line 995, in exec_module
  File "<frozen importlib._bootstrap>", line 488, in _call_with_frames_removed
  File "/opt/airflow/dags/invoice_pipeline_dag.py", line 7, in <module>
    from scripts.extract import extract
ModuleNotFoundError: No module named 'scripts.extract'
[2026-07-30T14:09:15.135+0000] {processor.py:927} WARNING - No viable dags retrieved from /opt/airflow/dags/invoice_pipeline_dag.py
[2026-07-30T14:09:15.170+0000] {processor.py:208} INFO - Processing /opt/airflow/dags/invoice_pipeline_dag.py took 0.374 seconds
[2026-07-30T14:09:45.526+0000] {processor.py:186} INFO - Started process (PID=323) to work on /opt/airflow/dags/invoice_pipeline_dag.py
[2026-07-30T14:09:45.531+0000] {processor.py:914} INFO - Processing file /opt/airflow/dags/invoice_pipeline_dag.py for tasks to queue
[2026-07-30T14:09:45.544+0000] {logging_mixin.py:190} INFO - [2026-07-30T14:09:45.543+0000] {dagbag.py:588} INFO - Filling up the DagBag from /opt/airflow/dags/invoice_pipeline_dag.py
[2026-07-30T14:09:46.058+0000] {logging_mixin.py:190} INFO - [2026-07-30T14:09:46.049+0000] {dagbag.py:387} ERROR - Failed to import: /opt/airflow/dags/invoice_pipeline_dag.py
Traceback (most recent call last):
  File "/home/airflow/.local/lib/python3.12/site-packages/airflow/models/dagbag.py", line 383, in parse
    loader.exec_module(new_module)
  File "<frozen importlib._bootstrap_external>", line 995, in exec_module
  File "<frozen importlib._bootstrap>", line 488, in _call_with_frames_removed
  File "/opt/airflow/dags/invoice_pipeline_dag.py", line 7, in <module>
    from scripts.extract import extract
ModuleNotFoundError: No module named 'scripts.extract'
[2026-07-30T14:09:46.060+0000] {processor.py:927} WARNING - No viable dags retrieved from /opt/airflow/dags/invoice_pipeline_dag.py
[2026-07-30T14:09:46.110+0000] {processor.py:208} INFO - Processing /opt/airflow/dags/invoice_pipeline_dag.py took 0.608 seconds
[2026-07-30T14:10:16.481+0000] {processor.py:186} INFO - Started process (PID=329) to work on /opt/airflow/dags/invoice_pipeline_dag.py
[2026-07-30T14:10:16.485+0000] {processor.py:914} INFO - Processing file /opt/airflow/dags/invoice_pipeline_dag.py for tasks to queue
[2026-07-30T14:10:16.491+0000] {logging_mixin.py:190} INFO - [2026-07-30T14:10:16.491+0000] {dagbag.py:588} INFO - Filling up the DagBag from /opt/airflow/dags/invoice_pipeline_dag.py
[2026-07-30T14:10:16.828+0000] {logging_mixin.py:190} INFO - [2026-07-30T14:10:16.820+0000] {dagbag.py:387} ERROR - Failed to import: /opt/airflow/dags/invoice_pipeline_dag.py
Traceback (most recent call last):
  File "/home/airflow/.local/lib/python3.12/site-packages/airflow/models/dagbag.py", line 383, in parse
    loader.exec_module(new_module)
  File "<frozen importlib._bootstrap_external>", line 995, in exec_module
  File "<frozen importlib._bootstrap>", line 488, in _call_with_frames_removed
  File "/opt/airflow/dags/invoice_pipeline_dag.py", line 7, in <module>
    from scripts.extract import extract
ModuleNotFoundError: No module named 'scripts.extract'
[2026-07-30T14:10:16.832+0000] {processor.py:927} WARNING - No viable dags retrieved from /opt/airflow/dags/invoice_pipeline_dag.py
[2026-07-30T14:10:16.863+0000] {processor.py:208} INFO - Processing /opt/airflow/dags/invoice_pipeline_dag.py took 0.405 seconds
[2026-07-30T14:10:47.162+0000] {processor.py:186} INFO - Started process (PID=335) to work on /opt/airflow/dags/invoice_pipeline_dag.py
[2026-07-30T14:10:47.164+0000] {processor.py:914} INFO - Processing file /opt/airflow/dags/invoice_pipeline_dag.py for tasks to queue
[2026-07-30T14:10:47.168+0000] {logging_mixin.py:190} INFO - [2026-07-30T14:10:47.167+0000] {dagbag.py:588} INFO - Filling up the DagBag from /opt/airflow/dags/invoice_pipeline_dag.py
[2026-07-30T14:10:47.748+0000] {logging_mixin.py:190} INFO - [2026-07-30T14:10:47.735+0000] {dagbag.py:387} ERROR - Failed to import: /opt/airflow/dags/invoice_pipeline_dag.py
Traceback (most recent call last):
  File "/home/airflow/.local/lib/python3.12/site-packages/airflow/models/dagbag.py", line 383, in parse
    loader.exec_module(new_module)
  File "<frozen importlib._bootstrap_external>", line 995, in exec_module
  File "<frozen importlib._bootstrap>", line 488, in _call_with_frames_removed
  File "/opt/airflow/dags/invoice_pipeline_dag.py", line 7, in <module>
    from scripts.extract import extract
ModuleNotFoundError: No module named 'scripts.extract'
[2026-07-30T14:10:47.753+0000] {processor.py:927} WARNING - No viable dags retrieved from /opt/airflow/dags/invoice_pipeline_dag.py
[2026-07-30T14:10:47.820+0000] {processor.py:208} INFO - Processing /opt/airflow/dags/invoice_pipeline_dag.py took 0.666 seconds
[2026-07-30T14:12:06.451+0000] {processor.py:186} INFO - Started process (PID=168) to work on /opt/airflow/dags/invoice_pipeline_dag.py
[2026-07-30T14:12:06.455+0000] {processor.py:914} INFO - Processing file /opt/airflow/dags/invoice_pipeline_dag.py for tasks to queue
[2026-07-30T14:12:06.459+0000] {logging_mixin.py:190} INFO - [2026-07-30T14:12:06.458+0000] {dagbag.py:588} INFO - Filling up the DagBag from /opt/airflow/dags/invoice_pipeline_dag.py
[2026-07-30T14:12:07.742+0000] {logging_mixin.py:190} INFO - [2026-07-30T14:12:07.736+0000] {dagbag.py:387} ERROR - Failed to import: /opt/airflow/dags/invoice_pipeline_dag.py
Traceback (most recent call last):
  File "/home/airflow/.local/lib/python3.12/site-packages/airflow/models/dagbag.py", line 383, in parse
    loader.exec_module(new_module)
  File "<frozen importlib._bootstrap_external>", line 995, in exec_module
  File "<frozen importlib._bootstrap>", line 488, in _call_with_frames_removed
  File "/opt/airflow/dags/invoice_pipeline_dag.py", line 7, in <module>
    from scripts.extract import extract
ModuleNotFoundError: No module named 'scripts.extract'
[2026-07-30T14:12:07.744+0000] {processor.py:927} WARNING - No viable dags retrieved from /opt/airflow/dags/invoice_pipeline_dag.py
[2026-07-30T14:12:07.778+0000] {processor.py:208} INFO - Processing /opt/airflow/dags/invoice_pipeline_dag.py took 1.341 seconds
[2026-07-30T14:12:38.055+0000] {processor.py:186} INFO - Started process (PID=174) to work on /opt/airflow/dags/invoice_pipeline_dag.py
[2026-07-30T14:12:38.056+0000] {processor.py:914} INFO - Processing file /opt/airflow/dags/invoice_pipeline_dag.py for tasks to queue
[2026-07-30T14:12:38.060+0000] {logging_mixin.py:190} INFO - [2026-07-30T14:12:38.059+0000] {dagbag.py:588} INFO - Filling up the DagBag from /opt/airflow/dags/invoice_pipeline_dag.py
[2026-07-30T14:12:38.478+0000] {logging_mixin.py:190} INFO - [2026-07-30T14:12:38.471+0000] {dagbag.py:387} ERROR - Failed to import: /opt/airflow/dags/invoice_pipeline_dag.py
Traceback (most recent call last):
  File "/home/airflow/.local/lib/python3.12/site-packages/airflow/models/dagbag.py", line 383, in parse
    loader.exec_module(new_module)
  File "<frozen importlib._bootstrap_external>", line 995, in exec_module
  File "<frozen importlib._bootstrap>", line 488, in _call_with_frames_removed
  File "/opt/airflow/dags/invoice_pipeline_dag.py", line 7, in <module>
    from scripts.extract import extract
ModuleNotFoundError: No module named 'scripts.extract'
[2026-07-30T14:12:38.480+0000] {processor.py:927} WARNING - No viable dags retrieved from /opt/airflow/dags/invoice_pipeline_dag.py
[2026-07-30T14:12:38.502+0000] {processor.py:208} INFO - Processing /opt/airflow/dags/invoice_pipeline_dag.py took 0.454 seconds
[2026-07-30T14:13:08.872+0000] {processor.py:186} INFO - Started process (PID=180) to work on /opt/airflow/dags/invoice_pipeline_dag.py
[2026-07-30T14:13:08.877+0000] {processor.py:914} INFO - Processing file /opt/airflow/dags/invoice_pipeline_dag.py for tasks to queue
[2026-07-30T14:13:08.889+0000] {logging_mixin.py:190} INFO - [2026-07-30T14:13:08.888+0000] {dagbag.py:588} INFO - Filling up the DagBag from /opt/airflow/dags/invoice_pipeline_dag.py
[2026-07-30T14:13:10.226+0000] {logging_mixin.py:190} INFO - [2026-07-30T14:13:10.221+0000] {dagbag.py:387} ERROR - Failed to import: /opt/airflow/dags/invoice_pipeline_dag.py
Traceback (most recent call last):
  File "/home/airflow/.local/lib/python3.12/site-packages/airflow/models/dagbag.py", line 383, in parse
    loader.exec_module(new_module)
  File "<frozen importlib._bootstrap_external>", line 995, in exec_module
  File "<frozen importlib._bootstrap>", line 488, in _call_with_frames_removed
  File "/opt/airflow/dags/invoice_pipeline_dag.py", line 7, in <module>
    from scripts.extract import extract
ModuleNotFoundError: No module named 'scripts.extract'
[2026-07-30T14:13:10.228+0000] {processor.py:927} WARNING - No viable dags retrieved from /opt/airflow/dags/invoice_pipeline_dag.py
[2026-07-30T14:13:10.285+0000] {processor.py:208} INFO - Processing /opt/airflow/dags/invoice_pipeline_dag.py took 1.439 seconds
[2026-07-30T14:13:41.363+0000] {processor.py:186} INFO - Started process (PID=186) to work on /opt/airflow/dags/invoice_pipeline_dag.py
[2026-07-30T14:13:41.395+0000] {processor.py:914} INFO - Processing file /opt/airflow/dags/invoice_pipeline_dag.py for tasks to queue
[2026-07-30T14:13:41.450+0000] {logging_mixin.py:190} INFO - [2026-07-30T14:13:41.446+0000] {dagbag.py:588} INFO - Filling up the DagBag from /opt/airflow/dags/invoice_pipeline_dag.py
[2026-07-30T14:13:44.286+0000] {logging_mixin.py:190} INFO - [2026-07-30T14:13:44.280+0000] {dagbag.py:387} ERROR - Failed to import: /opt/airflow/dags/invoice_pipeline_dag.py
Traceback (most recent call last):
  File "/home/airflow/.local/lib/python3.12/site-packages/airflow/models/dagbag.py", line 383, in parse
    loader.exec_module(new_module)
  File "<frozen importlib._bootstrap_external>", line 995, in exec_module
  File "<frozen importlib._bootstrap>", line 488, in _call_with_frames_removed
  File "/opt/airflow/dags/invoice_pipeline_dag.py", line 7, in <module>
    from scripts.extract import extract
ModuleNotFoundError: No module named 'scripts.extract'
[2026-07-30T14:13:44.287+0000] {processor.py:927} WARNING - No viable dags retrieved from /opt/airflow/dags/invoice_pipeline_dag.py
[2026-07-30T14:13:44.312+0000] {processor.py:208} INFO - Processing /opt/airflow/dags/invoice_pipeline_dag.py took 3.089 seconds
[2026-07-30T14:14:14.666+0000] {processor.py:186} INFO - Started process (PID=192) to work on /opt/airflow/dags/invoice_pipeline_dag.py
[2026-07-30T14:14:14.668+0000] {processor.py:914} INFO - Processing file /opt/airflow/dags/invoice_pipeline_dag.py for tasks to queue
[2026-07-30T14:14:14.671+0000] {logging_mixin.py:190} INFO - [2026-07-30T14:14:14.671+0000] {dagbag.py:588} INFO - Filling up the DagBag from /opt/airflow/dags/invoice_pipeline_dag.py
[2026-07-30T14:14:15.514+0000] {logging_mixin.py:190} INFO - [2026-07-30T14:14:15.507+0000] {dagbag.py:387} ERROR - Failed to import: /opt/airflow/dags/invoice_pipeline_dag.py
Traceback (most recent call last):
  File "/home/airflow/.local/lib/python3.12/site-packages/airflow/models/dagbag.py", line 383, in parse
    loader.exec_module(new_module)
  File "<frozen importlib._bootstrap_external>", line 995, in exec_module
  File "<frozen importlib._bootstrap>", line 488, in _call_with_frames_removed
  File "/opt/airflow/dags/invoice_pipeline_dag.py", line 7, in <module>
    from scripts.extract import extract
ModuleNotFoundError: No module named 'scripts.extract'
[2026-07-30T14:14:15.516+0000] {processor.py:927} WARNING - No viable dags retrieved from /opt/airflow/dags/invoice_pipeline_dag.py
[2026-07-30T14:14:15.545+0000] {processor.py:208} INFO - Processing /opt/airflow/dags/invoice_pipeline_dag.py took 0.885 seconds
[2026-07-30T14:14:45.929+0000] {processor.py:186} INFO - Started process (PID=198) to work on /opt/airflow/dags/invoice_pipeline_dag.py
[2026-07-30T14:14:45.934+0000] {processor.py:914} INFO - Processing file /opt/airflow/dags/invoice_pipeline_dag.py for tasks to queue
[2026-07-30T14:14:45.946+0000] {logging_mixin.py:190} INFO - [2026-07-30T14:14:45.944+0000] {dagbag.py:588} INFO - Filling up the DagBag from /opt/airflow/dags/invoice_pipeline_dag.py
[2026-07-30T14:14:48.308+0000] {logging_mixin.py:190} INFO - [2026-07-30T14:14:48.300+0000] {dagbag.py:387} ERROR - Failed to import: /opt/airflow/dags/invoice_pipeline_dag.py
Traceback (most recent call last):
  File "/home/airflow/.local/lib/python3.12/site-packages/airflow/models/dagbag.py", line 383, in parse
    loader.exec_module(new_module)
  File "<frozen importlib._bootstrap_external>", line 995, in exec_module
  File "<frozen importlib._bootstrap>", line 488, in _call_with_frames_removed
  File "/opt/airflow/dags/invoice_pipeline_dag.py", line 7, in <module>
    from scripts.extract import extract
ModuleNotFoundError: No module named 'scripts.extract'
[2026-07-30T14:14:48.310+0000] {processor.py:927} WARNING - No viable dags retrieved from /opt/airflow/dags/invoice_pipeline_dag.py
[2026-07-30T14:14:48.408+0000] {processor.py:208} INFO - Processing /opt/airflow/dags/invoice_pipeline_dag.py took 2.507 seconds
[2026-07-30T14:15:18.840+0000] {processor.py:186} INFO - Started process (PID=204) to work on /opt/airflow/dags/invoice_pipeline_dag.py
[2026-07-30T14:15:18.846+0000] {processor.py:914} INFO - Processing file /opt/airflow/dags/invoice_pipeline_dag.py for tasks to queue
[2026-07-30T14:15:18.873+0000] {logging_mixin.py:190} INFO - [2026-07-30T14:15:18.868+0000] {dagbag.py:588} INFO - Filling up the DagBag from /opt/airflow/dags/invoice_pipeline_dag.py
[2026-07-30T14:15:21.019+0000] {logging_mixin.py:190} INFO - [2026-07-30T14:15:21.011+0000] {dagbag.py:387} ERROR - Failed to import: /opt/airflow/dags/invoice_pipeline_dag.py
Traceback (most recent call last):
  File "/home/airflow/.local/lib/python3.12/site-packages/airflow/models/dagbag.py", line 383, in parse
    loader.exec_module(new_module)
  File "<frozen importlib._bootstrap_external>", line 995, in exec_module
  File "<frozen importlib._bootstrap>", line 488, in _call_with_frames_removed
  File "/opt/airflow/dags/invoice_pipeline_dag.py", line 7, in <module>
    from scripts.extract import extract
ModuleNotFoundError: No module named 'scripts.extract'
[2026-07-30T14:15:21.023+0000] {processor.py:927} WARNING - No viable dags retrieved from /opt/airflow/dags/invoice_pipeline_dag.py
[2026-07-30T14:15:21.085+0000] {processor.py:208} INFO - Processing /opt/airflow/dags/invoice_pipeline_dag.py took 2.319 seconds
[2026-07-30T14:15:46.533+0000] {processor.py:186} INFO - Started process (PID=210) to work on /opt/airflow/dags/invoice_pipeline_dag.py
[2026-07-30T14:15:46.538+0000] {processor.py:914} INFO - Processing file /opt/airflow/dags/invoice_pipeline_dag.py for tasks to queue
[2026-07-30T14:15:46.547+0000] {logging_mixin.py:190} INFO - [2026-07-30T14:15:46.546+0000] {dagbag.py:588} INFO - Filling up the DagBag from /opt/airflow/dags/invoice_pipeline_dag.py
[2026-07-30T14:15:47.746+0000] {logging_mixin.py:190} INFO - [2026-07-30T14:15:47.738+0000] {dagbag.py:387} ERROR - Failed to import: /opt/airflow/dags/invoice_pipeline_dag.py
Traceback (most recent call last):
  File "/home/airflow/.local/lib/python3.12/site-packages/airflow/models/dagbag.py", line 383, in parse
    loader.exec_module(new_module)
  File "<frozen importlib._bootstrap_external>", line 995, in exec_module
  File "<frozen importlib._bootstrap>", line 488, in _call_with_frames_removed
  File "/opt/airflow/dags/invoice_pipeline_dag.py", line 10, in <module>
    from scripts.extract import extract
ModuleNotFoundError: No module named 'scripts.extract'
[2026-07-30T14:15:47.749+0000] {processor.py:927} WARNING - No viable dags retrieved from /opt/airflow/dags/invoice_pipeline_dag.py
[2026-07-30T14:15:47.801+0000] {processor.py:208} INFO - Processing /opt/airflow/dags/invoice_pipeline_dag.py took 1.291 seconds
[2026-07-30T14:16:19.438+0000] {processor.py:186} INFO - Started process (PID=216) to work on /opt/airflow/dags/invoice_pipeline_dag.py
[2026-07-30T14:16:19.487+0000] {processor.py:914} INFO - Processing file /opt/airflow/dags/invoice_pipeline_dag.py for tasks to queue
[2026-07-30T14:16:19.538+0000] {logging_mixin.py:190} INFO - [2026-07-30T14:16:19.527+0000] {dagbag.py:588} INFO - Filling up the DagBag from /opt/airflow/dags/invoice_pipeline_dag.py
[2026-07-30T14:16:22.044+0000] {logging_mixin.py:190} INFO - [2026-07-30T14:16:22.032+0000] {dagbag.py:387} ERROR - Failed to import: /opt/airflow/dags/invoice_pipeline_dag.py
Traceback (most recent call last):
  File "/home/airflow/.local/lib/python3.12/site-packages/airflow/models/dagbag.py", line 383, in parse
    loader.exec_module(new_module)
  File "<frozen importlib._bootstrap_external>", line 995, in exec_module
  File "<frozen importlib._bootstrap>", line 488, in _call_with_frames_removed
  File "/opt/airflow/dags/invoice_pipeline_dag.py", line 10, in <module>
    from scripts.extract import extract
ModuleNotFoundError: No module named 'scripts.extract'
[2026-07-30T14:16:22.047+0000] {processor.py:927} WARNING - No viable dags retrieved from /opt/airflow/dags/invoice_pipeline_dag.py
[2026-07-30T14:16:22.146+0000] {processor.py:208} INFO - Processing /opt/airflow/dags/invoice_pipeline_dag.py took 2.927 seconds
[2026-07-30T14:16:52.505+0000] {processor.py:186} INFO - Started process (PID=222) to work on /opt/airflow/dags/invoice_pipeline_dag.py
[2026-07-30T14:16:52.512+0000] {processor.py:914} INFO - Processing file /opt/airflow/dags/invoice_pipeline_dag.py for tasks to queue
[2026-07-30T14:16:52.523+0000] {logging_mixin.py:190} INFO - [2026-07-30T14:16:52.522+0000] {dagbag.py:588} INFO - Filling up the DagBag from /opt/airflow/dags/invoice_pipeline_dag.py
[2026-07-30T14:16:53.202+0000] {logging_mixin.py:190} INFO - [2026-07-30T14:16:53.197+0000] {dagbag.py:387} ERROR - Failed to import: /opt/airflow/dags/invoice_pipeline_dag.py
Traceback (most recent call last):
  File "/home/airflow/.local/lib/python3.12/site-packages/airflow/models/dagbag.py", line 383, in parse
    loader.exec_module(new_module)
  File "<frozen importlib._bootstrap_external>", line 995, in exec_module
  File "<frozen importlib._bootstrap>", line 488, in _call_with_frames_removed
  File "/opt/airflow/dags/invoice_pipeline_dag.py", line 10, in <module>
    from scripts.extract import extract
ModuleNotFoundError: No module named 'scripts.extract'
[2026-07-30T14:16:53.204+0000] {processor.py:927} WARNING - No viable dags retrieved from /opt/airflow/dags/invoice_pipeline_dag.py
[2026-07-30T14:16:53.243+0000] {processor.py:208} INFO - Processing /opt/airflow/dags/invoice_pipeline_dag.py took 0.776 seconds
[2026-07-30T14:17:23.681+0000] {processor.py:186} INFO - Started process (PID=228) to work on /opt/airflow/dags/invoice_pipeline_dag.py
[2026-07-30T14:17:23.686+0000] {processor.py:914} INFO - Processing file /opt/airflow/dags/invoice_pipeline_dag.py for tasks to queue
[2026-07-30T14:17:23.689+0000] {logging_mixin.py:190} INFO - [2026-07-30T14:17:23.689+0000] {dagbag.py:588} INFO - Filling up the DagBag from /opt/airflow/dags/invoice_pipeline_dag.py
[2026-07-30T14:17:24.186+0000] {logging_mixin.py:190} INFO - [2026-07-30T14:17:24.179+0000] {dagbag.py:387} ERROR - Failed to import: /opt/airflow/dags/invoice_pipeline_dag.py
Traceback (most recent call last):
  File "/home/airflow/.local/lib/python3.12/site-packages/airflow/models/dagbag.py", line 383, in parse
    loader.exec_module(new_module)
  File "<frozen importlib._bootstrap_external>", line 995, in exec_module
  File "<frozen importlib._bootstrap>", line 488, in _call_with_frames_removed
  File "/opt/airflow/dags/invoice_pipeline_dag.py", line 10, in <module>
    from scripts.extract import extract
ModuleNotFoundError: No module named 'scripts.extract'
[2026-07-30T14:17:24.188+0000] {processor.py:927} WARNING - No viable dags retrieved from /opt/airflow/dags/invoice_pipeline_dag.py
[2026-07-30T14:17:24.209+0000] {processor.py:208} INFO - Processing /opt/airflow/dags/invoice_pipeline_dag.py took 0.560 seconds
[2026-07-30T14:17:54.680+0000] {processor.py:186} INFO - Started process (PID=234) to work on /opt/airflow/dags/invoice_pipeline_dag.py
[2026-07-30T14:17:54.691+0000] {processor.py:914} INFO - Processing file /opt/airflow/dags/invoice_pipeline_dag.py for tasks to queue
[2026-07-30T14:17:54.714+0000] {logging_mixin.py:190} INFO - [2026-07-30T14:17:54.712+0000] {dagbag.py:588} INFO - Filling up the DagBag from /opt/airflow/dags/invoice_pipeline_dag.py
[2026-07-30T14:17:55.524+0000] {logging_mixin.py:190} INFO - [2026-07-30T14:17:55.519+0000] {dagbag.py:387} ERROR - Failed to import: /opt/airflow/dags/invoice_pipeline_dag.py
Traceback (most recent call last):
  File "/home/airflow/.local/lib/python3.12/site-packages/airflow/models/dagbag.py", line 383, in parse
    loader.exec_module(new_module)
  File "<frozen importlib._bootstrap_external>", line 995, in exec_module
  File "<frozen importlib._bootstrap>", line 488, in _call_with_frames_removed
  File "/opt/airflow/dags/invoice_pipeline_dag.py", line 10, in <module>
    from scripts.extract import extract
ModuleNotFoundError: No module named 'scripts.extract'
[2026-07-30T14:17:55.526+0000] {processor.py:927} WARNING - No viable dags retrieved from /opt/airflow/dags/invoice_pipeline_dag.py
[2026-07-30T14:17:55.548+0000] {processor.py:208} INFO - Processing /opt/airflow/dags/invoice_pipeline_dag.py took 0.940 seconds
[2026-07-30T14:18:25.890+0000] {processor.py:186} INFO - Started process (PID=240) to work on /opt/airflow/dags/invoice_pipeline_dag.py
[2026-07-30T14:18:25.892+0000] {processor.py:914} INFO - Processing file /opt/airflow/dags/invoice_pipeline_dag.py for tasks to queue
[2026-07-30T14:18:25.897+0000] {logging_mixin.py:190} INFO - [2026-07-30T14:18:25.896+0000] {dagbag.py:588} INFO - Filling up the DagBag from /opt/airflow/dags/invoice_pipeline_dag.py
[2026-07-30T14:18:26.501+0000] {logging_mixin.py:190} INFO - [2026-07-30T14:18:26.495+0000] {dagbag.py:387} ERROR - Failed to import: /opt/airflow/dags/invoice_pipeline_dag.py
Traceback (most recent call last):
  File "/home/airflow/.local/lib/python3.12/site-packages/airflow/models/dagbag.py", line 383, in parse
    loader.exec_module(new_module)
  File "<frozen importlib._bootstrap_external>", line 995, in exec_module
  File "<frozen importlib._bootstrap>", line 488, in _call_with_frames_removed
  File "/opt/airflow/dags/invoice_pipeline_dag.py", line 10, in <module>
    from scripts.extract import extract
ModuleNotFoundError: No module named 'scripts.extract'
[2026-07-30T14:18:26.504+0000] {processor.py:927} WARNING - No viable dags retrieved from /opt/airflow/dags/invoice_pipeline_dag.py
[2026-07-30T14:18:26.536+0000] {processor.py:208} INFO - Processing /opt/airflow/dags/invoice_pipeline_dag.py took 0.655 seconds
[2026-07-30T14:18:56.651+0000] {processor.py:186} INFO - Started process (PID=246) to work on /opt/airflow/dags/invoice_pipeline_dag.py
[2026-07-30T14:18:56.653+0000] {processor.py:914} INFO - Processing file /opt/airflow/dags/invoice_pipeline_dag.py for tasks to queue
[2026-07-30T14:18:56.658+0000] {logging_mixin.py:190} INFO - [2026-07-30T14:18:56.657+0000] {dagbag.py:588} INFO - Filling up the DagBag from /opt/airflow/dags/invoice_pipeline_dag.py
[2026-07-30T14:18:57.148+0000] {logging_mixin.py:190} INFO - [2026-07-30T14:18:57.142+0000] {dagbag.py:387} ERROR - Failed to import: /opt/airflow/dags/invoice_pipeline_dag.py
Traceback (most recent call last):
  File "/home/airflow/.local/lib/python3.12/site-packages/airflow/models/dagbag.py", line 383, in parse
    loader.exec_module(new_module)
  File "<frozen importlib._bootstrap_external>", line 995, in exec_module
  File "<frozen importlib._bootstrap>", line 488, in _call_with_frames_removed
  File "/opt/airflow/dags/invoice_pipeline_dag.py", line 10, in <module>
    from scripts.extract import extract
ModuleNotFoundError: No module named 'scripts.extract'
[2026-07-30T14:18:57.151+0000] {processor.py:927} WARNING - No viable dags retrieved from /opt/airflow/dags/invoice_pipeline_dag.py
[2026-07-30T14:18:57.176+0000] {processor.py:208} INFO - Processing /opt/airflow/dags/invoice_pipeline_dag.py took 0.532 seconds
[2026-07-30T14:19:27.457+0000] {processor.py:186} INFO - Started process (PID=252) to work on /opt/airflow/dags/invoice_pipeline_dag.py
[2026-07-30T14:19:27.460+0000] {processor.py:914} INFO - Processing file /opt/airflow/dags/invoice_pipeline_dag.py for tasks to queue
[2026-07-30T14:19:27.464+0000] {logging_mixin.py:190} INFO - [2026-07-30T14:19:27.464+0000] {dagbag.py:588} INFO - Filling up the DagBag from /opt/airflow/dags/invoice_pipeline_dag.py
[2026-07-30T14:19:28.019+0000] {logging_mixin.py:190} INFO - [2026-07-30T14:19:28.012+0000] {dagbag.py:387} ERROR - Failed to import: /opt/airflow/dags/invoice_pipeline_dag.py
Traceback (most recent call last):
  File "/home/airflow/.local/lib/python3.12/site-packages/airflow/models/dagbag.py", line 383, in parse
    loader.exec_module(new_module)
  File "<frozen importlib._bootstrap_external>", line 995, in exec_module
  File "<frozen importlib._bootstrap>", line 488, in _call_with_frames_removed
  File "/opt/airflow/dags/invoice_pipeline_dag.py", line 10, in <module>
    from scripts.extract import extract
ModuleNotFoundError: No module named 'scripts.extract'
[2026-07-30T14:19:28.022+0000] {processor.py:927} WARNING - No viable dags retrieved from /opt/airflow/dags/invoice_pipeline_dag.py
[2026-07-30T14:19:28.044+0000] {processor.py:208} INFO - Processing /opt/airflow/dags/invoice_pipeline_dag.py took 0.599 seconds
[2026-07-30T14:19:58.409+0000] {processor.py:186} INFO - Started process (PID=258) to work on /opt/airflow/dags/invoice_pipeline_dag.py
[2026-07-30T14:19:58.411+0000] {processor.py:914} INFO - Processing file /opt/airflow/dags/invoice_pipeline_dag.py for tasks to queue
[2026-07-30T14:19:58.414+0000] {logging_mixin.py:190} INFO - [2026-07-30T14:19:58.414+0000] {dagbag.py:588} INFO - Filling up the DagBag from /opt/airflow/dags/invoice_pipeline_dag.py
[2026-07-30T14:19:58.866+0000] {logging_mixin.py:190} INFO - [2026-07-30T14:19:58.859+0000] {dagbag.py:387} ERROR - Failed to import: /opt/airflow/dags/invoice_pipeline_dag.py
Traceback (most recent call last):
  File "/home/airflow/.local/lib/python3.12/site-packages/airflow/models/dagbag.py", line 383, in parse
    loader.exec_module(new_module)
  File "<frozen importlib._bootstrap_external>", line 995, in exec_module
  File "<frozen importlib._bootstrap>", line 488, in _call_with_frames_removed
  File "/opt/airflow/dags/invoice_pipeline_dag.py", line 10, in <module>
    from scripts.extract import extract
ModuleNotFoundError: No module named 'scripts.extract'
[2026-07-30T14:19:58.869+0000] {processor.py:927} WARNING - No viable dags retrieved from /opt/airflow/dags/invoice_pipeline_dag.py
[2026-07-30T14:19:58.902+0000] {processor.py:208} INFO - Processing /opt/airflow/dags/invoice_pipeline_dag.py took 0.500 seconds
[2026-07-30T14:20:29.362+0000] {processor.py:186} INFO - Started process (PID=264) to work on /opt/airflow/dags/invoice_pipeline_dag.py
[2026-07-30T14:20:29.365+0000] {processor.py:914} INFO - Processing file /opt/airflow/dags/invoice_pipeline_dag.py for tasks to queue
[2026-07-30T14:20:29.374+0000] {logging_mixin.py:190} INFO - [2026-07-30T14:20:29.373+0000] {dagbag.py:588} INFO - Filling up the DagBag from /opt/airflow/dags/invoice_pipeline_dag.py
[2026-07-30T14:20:29.737+0000] {logging_mixin.py:190} INFO - [2026-07-30T14:20:29.731+0000] {dagbag.py:387} ERROR - Failed to import: /opt/airflow/dags/invoice_pipeline_dag.py
Traceback (most recent call last):
  File "/home/airflow/.local/lib/python3.12/site-packages/airflow/models/dagbag.py", line 383, in parse
    loader.exec_module(new_module)
  File "<frozen importlib._bootstrap_external>", line 995, in exec_module
  File "<frozen importlib._bootstrap>", line 488, in _call_with_frames_removed
  File "/opt/airflow/dags/invoice_pipeline_dag.py", line 10, in <module>
    from scripts.extract import extract
ModuleNotFoundError: No module named 'scripts.extract'
[2026-07-30T14:20:29.739+0000] {processor.py:927} WARNING - No viable dags retrieved from /opt/airflow/dags/invoice_pipeline_dag.py
[2026-07-30T14:20:29.770+0000] {processor.py:208} INFO - Processing /opt/airflow/dags/invoice_pipeline_dag.py took 0.423 seconds
[2026-07-30T14:21:00.234+0000] {processor.py:186} INFO - Started process (PID=270) to work on /opt/airflow/dags/invoice_pipeline_dag.py
[2026-07-30T14:21:00.238+0000] {processor.py:914} INFO - Processing file /opt/airflow/dags/invoice_pipeline_dag.py for tasks to queue
[2026-07-30T14:21:00.255+0000] {logging_mixin.py:190} INFO - [2026-07-30T14:21:00.253+0000] {dagbag.py:588} INFO - Filling up the DagBag from /opt/airflow/dags/invoice_pipeline_dag.py
[2026-07-30T14:21:01.021+0000] {logging_mixin.py:190} INFO - [2026-07-30T14:21:01.006+0000] {dagbag.py:387} ERROR - Failed to import: /opt/airflow/dags/invoice_pipeline_dag.py
Traceback (most recent call last):
  File "/home/airflow/.local/lib/python3.12/site-packages/airflow/models/dagbag.py", line 383, in parse
    loader.exec_module(new_module)
  File "<frozen importlib._bootstrap_external>", line 995, in exec_module
  File "<frozen importlib._bootstrap>", line 488, in _call_with_frames_removed
  File "/opt/airflow/dags/invoice_pipeline_dag.py", line 10, in <module>
    from scripts.extract import extract
ModuleNotFoundError: No module named 'scripts.extract'
[2026-07-30T14:21:01.024+0000] {processor.py:927} WARNING - No viable dags retrieved from /opt/airflow/dags/invoice_pipeline_dag.py
[2026-07-30T14:21:01.137+0000] {processor.py:208} INFO - Processing /opt/airflow/dags/invoice_pipeline_dag.py took 0.962 seconds
[2026-07-30T14:21:31.486+0000] {processor.py:186} INFO - Started process (PID=276) to work on /opt/airflow/dags/invoice_pipeline_dag.py
[2026-07-30T14:21:31.492+0000] {processor.py:914} INFO - Processing file /opt/airflow/dags/invoice_pipeline_dag.py for tasks to queue
[2026-07-30T14:21:31.504+0000] {logging_mixin.py:190} INFO - [2026-07-30T14:21:31.503+0000] {dagbag.py:588} INFO - Filling up the DagBag from /opt/airflow/dags/invoice_pipeline_dag.py
[2026-07-30T14:21:32.039+0000] {logging_mixin.py:190} INFO - [2026-07-30T14:21:32.032+0000] {dagbag.py:387} ERROR - Failed to import: /opt/airflow/dags/invoice_pipeline_dag.py
Traceback (most recent call last):
  File "/home/airflow/.local/lib/python3.12/site-packages/airflow/models/dagbag.py", line 383, in parse
    loader.exec_module(new_module)
  File "<frozen importlib._bootstrap_external>", line 995, in exec_module
  File "<frozen importlib._bootstrap>", line 488, in _call_with_frames_removed
  File "/opt/airflow/dags/invoice_pipeline_dag.py", line 10, in <module>
    from scripts.extract import extract
ModuleNotFoundError: No module named 'scripts.extract'
[2026-07-30T14:21:32.042+0000] {processor.py:927} WARNING - No viable dags retrieved from /opt/airflow/dags/invoice_pipeline_dag.py
[2026-07-30T14:21:32.091+0000] {processor.py:208} INFO - Processing /opt/airflow/dags/invoice_pipeline_dag.py took 0.629 seconds
[2026-07-30T14:22:02.416+0000] {processor.py:186} INFO - Started process (PID=282) to work on /opt/airflow/dags/invoice_pipeline_dag.py
[2026-07-30T14:22:02.419+0000] {processor.py:914} INFO - Processing file /opt/airflow/dags/invoice_pipeline_dag.py for tasks to queue
[2026-07-30T14:22:02.429+0000] {logging_mixin.py:190} INFO - [2026-07-30T14:22:02.428+0000] {dagbag.py:588} INFO - Filling up the DagBag from /opt/airflow/dags/invoice_pipeline_dag.py
[2026-07-30T14:22:02.945+0000] {logging_mixin.py:190} INFO - [2026-07-30T14:22:02.938+0000] {dagbag.py:387} ERROR - Failed to import: /opt/airflow/dags/invoice_pipeline_dag.py
Traceback (most recent call last):
  File "/home/airflow/.local/lib/python3.12/site-packages/airflow/models/dagbag.py", line 383, in parse
    loader.exec_module(new_module)
  File "<frozen importlib._bootstrap_external>", line 995, in exec_module
  File "<frozen importlib._bootstrap>", line 488, in _call_with_frames_removed
  File "/opt/airflow/dags/invoice_pipeline_dag.py", line 10, in <module>
    from scripts.extract import extract
ModuleNotFoundError: No module named 'scripts.extract'
[2026-07-30T14:22:02.947+0000] {processor.py:927} WARNING - No viable dags retrieved from /opt/airflow/dags/invoice_pipeline_dag.py
[2026-07-30T14:22:02.983+0000] {processor.py:208} INFO - Processing /opt/airflow/dags/invoice_pipeline_dag.py took 0.580 seconds
[2026-07-30T14:22:33.195+0000] {processor.py:186} INFO - Started process (PID=288) to work on /opt/airflow/dags/invoice_pipeline_dag.py
[2026-07-30T14:22:33.205+0000] {processor.py:914} INFO - Processing file /opt/airflow/dags/invoice_pipeline_dag.py for tasks to queue
[2026-07-30T14:22:33.225+0000] {logging_mixin.py:190} INFO - [2026-07-30T14:22:33.223+0000] {dagbag.py:588} INFO - Filling up the DagBag from /opt/airflow/dags/invoice_pipeline_dag.py
[2026-07-30T14:22:33.715+0000] {logging_mixin.py:190} INFO - [2026-07-30T14:22:33.706+0000] {dagbag.py:387} ERROR - Failed to import: /opt/airflow/dags/invoice_pipeline_dag.py
Traceback (most recent call last):
  File "/home/airflow/.local/lib/python3.12/site-packages/airflow/models/dagbag.py", line 383, in parse
    loader.exec_module(new_module)
  File "<frozen importlib._bootstrap_external>", line 995, in exec_module
  File "<frozen importlib._bootstrap>", line 488, in _call_with_frames_removed
  File "/opt/airflow/dags/invoice_pipeline_dag.py", line 10, in <module>
    from scripts.extract import extract
ModuleNotFoundError: No module named 'scripts.extract'
[2026-07-30T14:22:33.717+0000] {processor.py:927} WARNING - No viable dags retrieved from /opt/airflow/dags/invoice_pipeline_dag.py
[2026-07-30T14:22:33.755+0000] {processor.py:208} INFO - Processing /opt/airflow/dags/invoice_pipeline_dag.py took 0.593 seconds
[2026-07-30T14:23:04.152+0000] {processor.py:186} INFO - Started process (PID=294) to work on /opt/airflow/dags/invoice_pipeline_dag.py
[2026-07-30T14:23:04.159+0000] {processor.py:914} INFO - Processing file /opt/airflow/dags/invoice_pipeline_dag.py for tasks to queue
[2026-07-30T14:23:04.162+0000] {logging_mixin.py:190} INFO - [2026-07-30T14:23:04.162+0000] {dagbag.py:588} INFO - Filling up the DagBag from /opt/airflow/dags/invoice_pipeline_dag.py
[2026-07-30T14:23:04.634+0000] {logging_mixin.py:190} INFO - [2026-07-30T14:23:04.625+0000] {dagbag.py:387} ERROR - Failed to import: /opt/airflow/dags/invoice_pipeline_dag.py
Traceback (most recent call last):
  File "/home/airflow/.local/lib/python3.12/site-packages/airflow/models/dagbag.py", line 383, in parse
    loader.exec_module(new_module)
  File "<frozen importlib._bootstrap_external>", line 995, in exec_module
  File "<frozen importlib._bootstrap>", line 488, in _call_with_frames_removed
  File "/opt/airflow/dags/invoice_pipeline_dag.py", line 10, in <module>
    from scripts.extract import extract
ModuleNotFoundError: No module named 'scripts.extract'
[2026-07-30T14:23:04.637+0000] {processor.py:927} WARNING - No viable dags retrieved from /opt/airflow/dags/invoice_pipeline_dag.py
[2026-07-30T14:23:04.699+0000] {processor.py:208} INFO - Processing /opt/airflow/dags/invoice_pipeline_dag.py took 0.604 seconds
[2026-07-30T14:23:35.012+0000] {processor.py:186} INFO - Started process (PID=300) to work on /opt/airflow/dags/invoice_pipeline_dag.py
[2026-07-30T14:23:35.021+0000] {processor.py:914} INFO - Processing file /opt/airflow/dags/invoice_pipeline_dag.py for tasks to queue
[2026-07-30T14:23:35.038+0000] {logging_mixin.py:190} INFO - [2026-07-30T14:23:35.036+0000] {dagbag.py:588} INFO - Filling up the DagBag from /opt/airflow/dags/invoice_pipeline_dag.py
[2026-07-30T14:23:36.322+0000] {logging_mixin.py:190} INFO - [2026-07-30T14:23:36.309+0000] {dagbag.py:387} ERROR - Failed to import: /opt/airflow/dags/invoice_pipeline_dag.py
Traceback (most recent call last):
  File "/home/airflow/.local/lib/python3.12/site-packages/airflow/models/dagbag.py", line 383, in parse
    loader.exec_module(new_module)
  File "<frozen importlib._bootstrap_external>", line 995, in exec_module
  File "<frozen importlib._bootstrap>", line 488, in _call_with_frames_removed
  File "/opt/airflow/dags/invoice_pipeline_dag.py", line 10, in <module>
ModuleNotFoundError: No module named 'scripts.extract'
[2026-07-30T14:23:36.326+0000] {processor.py:927} WARNING - No viable dags retrieved from /opt/airflow/dags/invoice_pipeline_dag.py
[2026-07-30T14:23:36.551+0000] {processor.py:208} INFO - Processing /opt/airflow/dags/invoice_pipeline_dag.py took 1.568 seconds
[2026-07-30T14:24:06.910+0000] {processor.py:186} INFO - Started process (PID=306) to work on /opt/airflow/dags/invoice_pipeline_dag.py
[2026-07-30T14:24:06.915+0000] {processor.py:914} INFO - Processing file /opt/airflow/dags/invoice_pipeline_dag.py for tasks to queue
[2026-07-30T14:24:06.926+0000] {logging_mixin.py:190} INFO - [2026-07-30T14:24:06.925+0000] {dagbag.py:588} INFO - Filling up the DagBag from /opt/airflow/dags/invoice_pipeline_dag.py
[2026-07-30T14:24:07.805+0000] {logging_mixin.py:190} INFO - [2026-07-30T14:24:07.758+0000] {dagbag.py:387} ERROR - Failed to import: /opt/airflow/dags/invoice_pipeline_dag.py
Traceback (most recent call last):
  File "/home/airflow/.local/lib/python3.12/site-packages/airflow/models/dagbag.py", line 383, in parse
    loader.exec_module(new_module)
  File "<frozen importlib._bootstrap_external>", line 995, in exec_module
  File "<frozen importlib._bootstrap>", line 488, in _call_with_frames_removed
  File "/opt/airflow/dags/invoice_pipeline_dag.py", line 11, in <module>
    from scripts.extract import extract
ModuleNotFoundError: No module named 'scripts.extract'
[2026-07-30T14:24:07.810+0000] {processor.py:927} WARNING - No viable dags retrieved from /opt/airflow/dags/invoice_pipeline_dag.py
[2026-07-30T14:24:08.005+0000] {processor.py:208} INFO - Processing /opt/airflow/dags/invoice_pipeline_dag.py took 1.130 seconds
[2026-07-30T14:24:11.963+0000] {processor.py:186} INFO - Started process (PID=312) to work on /opt/airflow/dags/invoice_pipeline_dag.py
[2026-07-30T14:24:11.965+0000] {processor.py:914} INFO - Processing file /opt/airflow/dags/invoice_pipeline_dag.py for tasks to queue
[2026-07-30T14:24:11.969+0000] {logging_mixin.py:190} INFO - [2026-07-30T14:24:11.969+0000] {dagbag.py:588} INFO - Filling up the DagBag from /opt/airflow/dags/invoice_pipeline_dag.py
[2026-07-30T14:24:12.512+0000] {logging_mixin.py:190} INFO - [2026-07-30T14:24:12.504+0000] {dagbag.py:387} ERROR - Failed to import: /opt/airflow/dags/invoice_pipeline_dag.py
Traceback (most recent call last):
  File "/home/airflow/.local/lib/python3.12/site-packages/airflow/models/dagbag.py", line 383, in parse
    loader.exec_module(new_module)
  File "<frozen importlib._bootstrap_external>", line 995, in exec_module
  File "<frozen importlib._bootstrap>", line 488, in _call_with_frames_removed
  File "/opt/airflow/dags/invoice_pipeline_dag.py", line 11, in <module>
    from scripts.extract import extract
ModuleNotFoundError: No module named 'scripts.extract'
[2026-07-30T14:24:12.515+0000] {processor.py:927} WARNING - No viable dags retrieved from /opt/airflow/dags/invoice_pipeline_dag.py
[2026-07-30T14:24:12.571+0000] {processor.py:208} INFO - Processing /opt/airflow/dags/invoice_pipeline_dag.py took 0.616 seconds
[2026-07-30T14:24:42.922+0000] {processor.py:186} INFO - Started process (PID=318) to work on /opt/airflow/dags/invoice_pipeline_dag.py
[2026-07-30T14:24:42.924+0000] {processor.py:914} INFO - Processing file /opt/airflow/dags/invoice_pipeline_dag.py for tasks to queue
[2026-07-30T14:24:42.928+0000] {logging_mixin.py:190} INFO - [2026-07-30T14:24:42.928+0000] {dagbag.py:588} INFO - Filling up the DagBag from /opt/airflow/dags/invoice_pipeline_dag.py
[2026-07-30T14:24:43.412+0000] {logging_mixin.py:190} INFO - [2026-07-30T14:24:43.399+0000] {dagbag.py:387} ERROR - Failed to import: /opt/airflow/dags/invoice_pipeline_dag.py
Traceback (most recent call last):
  File "/home/airflow/.local/lib/python3.12/site-packages/airflow/models/dagbag.py", line 383, in parse
    loader.exec_module(new_module)
  File "<frozen importlib._bootstrap_external>", line 995, in exec_module
  File "<frozen importlib._bootstrap>", line 488, in _call_with_frames_removed
  File "/opt/airflow/dags/invoice_pipeline_dag.py", line 11, in <module>
    from scripts.extract import extract
ModuleNotFoundError: No module named 'scripts.extract'
[2026-07-30T14:24:43.416+0000] {processor.py:927} WARNING - No viable dags retrieved from /opt/airflow/dags/invoice_pipeline_dag.py
[2026-07-30T14:24:43.462+0000] {processor.py:208} INFO - Processing /opt/airflow/dags/invoice_pipeline_dag.py took 0.573 seconds
[2026-07-30T14:24:51.482+0000] {processor.py:186} INFO - Started process (PID=324) to work on /opt/airflow/dags/invoice_pipeline_dag.py
[2026-07-30T14:24:51.484+0000] {processor.py:914} INFO - Processing file /opt/airflow/dags/invoice_pipeline_dag.py for tasks to queue
[2026-07-30T14:24:51.487+0000] {logging_mixin.py:190} INFO - [2026-07-30T14:24:51.487+0000] {dagbag.py:588} INFO - Filling up the DagBag from /opt/airflow/dags/invoice_pipeline_dag.py
[2026-07-30T14:24:52.065+0000] {logging_mixin.py:190} INFO - [2026-07-30T14:24:52.056+0000] {dagbag.py:387} ERROR - Failed to import: /opt/airflow/dags/invoice_pipeline_dag.py
Traceback (most recent call last):
  File "/home/airflow/.local/lib/python3.12/site-packages/airflow/models/dagbag.py", line 383, in parse
    loader.exec_module(new_module)
  File "<frozen importlib._bootstrap_external>", line 995, in exec_module
  File "<frozen importlib._bootstrap>", line 488, in _call_with_frames_removed
  File "/opt/airflow/dags/invoice_pipeline_dag.py", line 11, in <module>
    from scripts.extract import extract
ModuleNotFoundError: No module named 'scripts.extract'
[2026-07-30T14:24:52.067+0000] {processor.py:927} WARNING - No viable dags retrieved from /opt/airflow/dags/invoice_pipeline_dag.py
[2026-07-30T14:24:52.114+0000] {processor.py:208} INFO - Processing /opt/airflow/dags/invoice_pipeline_dag.py took 0.645 seconds
[2026-07-30T14:25:22.455+0000] {processor.py:186} INFO - Started process (PID=330) to work on /opt/airflow/dags/invoice_pipeline_dag.py
[2026-07-30T14:25:22.458+0000] {processor.py:914} INFO - Processing file /opt/airflow/dags/invoice_pipeline_dag.py for tasks to queue
[2026-07-30T14:25:22.462+0000] {logging_mixin.py:190} INFO - [2026-07-30T14:25:22.462+0000] {dagbag.py:588} INFO - Filling up the DagBag from /opt/airflow/dags/invoice_pipeline_dag.py
[2026-07-30T14:25:22.853+0000] {logging_mixin.py:190} INFO - [2026-07-30T14:25:22.844+0000] {dagbag.py:387} ERROR - Failed to import: /opt/airflow/dags/invoice_pipeline_dag.py
Traceback (most recent call last):
  File "/home/airflow/.local/lib/python3.12/site-packages/airflow/models/dagbag.py", line 383, in parse
    loader.exec_module(new_module)
  File "<frozen importlib._bootstrap_external>", line 995, in exec_module
  File "<frozen importlib._bootstrap>", line 488, in _call_with_frames_removed
  File "/opt/airflow/dags/invoice_pipeline_dag.py", line 11, in <module>
    from scripts.extract import extract
ModuleNotFoundError: No module named 'scripts.extract'
[2026-07-30T14:25:22.856+0000] {processor.py:927} WARNING - No viable dags retrieved from /opt/airflow/dags/invoice_pipeline_dag.py
[2026-07-30T14:25:22.899+0000] {processor.py:208} INFO - Processing /opt/airflow/dags/invoice_pipeline_dag.py took 0.452 seconds
[2026-07-30T14:25:53.405+0000] {processor.py:186} INFO - Started process (PID=336) to work on /opt/airflow/dags/invoice_pipeline_dag.py
[2026-07-30T14:25:53.420+0000] {processor.py:914} INFO - Processing file /opt/airflow/dags/invoice_pipeline_dag.py for tasks to queue
[2026-07-30T14:25:53.451+0000] {logging_mixin.py:190} INFO - [2026-07-30T14:25:53.448+0000] {dagbag.py:588} INFO - Filling up the DagBag from /opt/airflow/dags/invoice_pipeline_dag.py
[2026-07-30T14:25:54.319+0000] {logging_mixin.py:190} INFO - [2026-07-30T14:25:54.306+0000] {dagbag.py:387} ERROR - Failed to import: /opt/airflow/dags/invoice_pipeline_dag.py
Traceback (most recent call last):
  File "/home/airflow/.local/lib/python3.12/site-packages/airflow/models/dagbag.py", line 383, in parse
    loader.exec_module(new_module)
  File "<frozen importlib._bootstrap_external>", line 995, in exec_module
  File "<frozen importlib._bootstrap>", line 488, in _call_with_frames_removed
  File "/opt/airflow/dags/invoice_pipeline_dag.py", line 11, in <module>
    from scripts.extract import extract
ModuleNotFoundError: No module named 'scripts.extract'
[2026-07-30T14:25:54.321+0000] {processor.py:927} WARNING - No viable dags retrieved from /opt/airflow/dags/invoice_pipeline_dag.py
[2026-07-30T14:25:54.457+0000] {processor.py:208} INFO - Processing /opt/airflow/dags/invoice_pipeline_dag.py took 1.181 seconds
[2026-07-30T14:26:24.617+0000] {processor.py:186} INFO - Started process (PID=342) to work on /opt/airflow/dags/invoice_pipeline_dag.py
[2026-07-30T14:26:24.622+0000] {processor.py:914} INFO - Processing file /opt/airflow/dags/invoice_pipeline_dag.py for tasks to queue
[2026-07-30T14:26:24.633+0000] {logging_mixin.py:190} INFO - [2026-07-30T14:26:24.631+0000] {dagbag.py:588} INFO - Filling up the DagBag from /opt/airflow/dags/invoice_pipeline_dag.py
[2026-07-30T14:26:25.135+0000] {logging_mixin.py:190} INFO - [2026-07-30T14:26:25.129+0000] {dagbag.py:387} ERROR - Failed to import: /opt/airflow/dags/invoice_pipeline_dag.py
Traceback (most recent call last):
  File "/home/airflow/.local/lib/python3.12/site-packages/airflow/models/dagbag.py", line 383, in parse
    loader.exec_module(new_module)
  File "<frozen importlib._bootstrap_external>", line 995, in exec_module
  File "<frozen importlib._bootstrap>", line 488, in _call_with_frames_removed
  File "/opt/airflow/dags/invoice_pipeline_dag.py", line 11, in <module>
    from scripts.extract import extract
ModuleNotFoundError: No module named 'scripts.extract'
[2026-07-30T14:26:25.137+0000] {processor.py:927} WARNING - No viable dags retrieved from /opt/airflow/dags/invoice_pipeline_dag.py
[2026-07-30T14:26:25.177+0000] {processor.py:208} INFO - Processing /opt/airflow/dags/invoice_pipeline_dag.py took 0.590 seconds
[2026-07-30T14:26:52.044+0000] {processor.py:186} INFO - Started process (PID=348) to work on /opt/airflow/dags/invoice_pipeline_dag.py
[2026-07-30T14:26:52.048+0000] {processor.py:914} INFO - Processing file /opt/airflow/dags/invoice_pipeline_dag.py for tasks to queue
[2026-07-30T14:26:52.056+0000] {logging_mixin.py:190} INFO - [2026-07-30T14:26:52.055+0000] {dagbag.py:588} INFO - Filling up the DagBag from /opt/airflow/dags/invoice_pipeline_dag.py
[2026-07-30T14:26:52.619+0000] {logging_mixin.py:190} INFO - [2026-07-30T14:26:52.609+0000] {dagbag.py:387} ERROR - Failed to import: /opt/airflow/dags/invoice_pipeline_dag.py
Traceback (most recent call last):
  File "/home/airflow/.local/lib/python3.12/site-packages/airflow/models/dagbag.py", line 383, in parse
    loader.exec_module(new_module)
  File "<frozen importlib._bootstrap_external>", line 995, in exec_module
  File "<frozen importlib._bootstrap>", line 488, in _call_with_frames_removed
  File "/opt/airflow/dags/invoice_pipeline_dag.py", line 7, in <module>
    from scripts.extract import extract
ModuleNotFoundError: No module named 'scripts.extract'
[2026-07-30T14:26:52.621+0000] {processor.py:927} WARNING - No viable dags retrieved from /opt/airflow/dags/invoice_pipeline_dag.py
[2026-07-30T14:26:52.658+0000] {processor.py:208} INFO - Processing /opt/airflow/dags/invoice_pipeline_dag.py took 0.639 seconds
[2026-07-30T14:27:22.883+0000] {processor.py:186} INFO - Started process (PID=354) to work on /opt/airflow/dags/invoice_pipeline_dag.py
[2026-07-30T14:27:22.885+0000] {processor.py:914} INFO - Processing file /opt/airflow/dags/invoice_pipeline_dag.py for tasks to queue
[2026-07-30T14:27:22.888+0000] {logging_mixin.py:190} INFO - [2026-07-30T14:27:22.888+0000] {dagbag.py:588} INFO - Filling up the DagBag from /opt/airflow/dags/invoice_pipeline_dag.py
[2026-07-30T14:27:23.292+0000] {logging_mixin.py:190} INFO - [2026-07-30T14:27:23.285+0000] {dagbag.py:387} ERROR - Failed to import: /opt/airflow/dags/invoice_pipeline_dag.py
Traceback (most recent call last):
  File "/home/airflow/.local/lib/python3.12/site-packages/airflow/models/dagbag.py", line 383, in parse
    loader.exec_module(new_module)
  File "<frozen importlib._bootstrap_external>", line 995, in exec_module
  File "<frozen importlib._bootstrap>", line 488, in _call_with_frames_removed
  File "/opt/airflow/dags/invoice_pipeline_dag.py", line 7, in <module>
    from scripts.extract import extract
ModuleNotFoundError: No module named 'scripts.extract'
[2026-07-30T14:27:23.295+0000] {processor.py:927} WARNING - No viable dags retrieved from /opt/airflow/dags/invoice_pipeline_dag.py
[2026-07-30T14:27:23.321+0000] {processor.py:208} INFO - Processing /opt/airflow/dags/invoice_pipeline_dag.py took 0.453 seconds
[2026-07-30T14:28:40.895+0000] {processor.py:186} INFO - Started process (PID=167) to work on /opt/airflow/dags/invoice_pipeline_dag.py
[2026-07-30T14:28:40.906+0000] {processor.py:914} INFO - Processing file /opt/airflow/dags/invoice_pipeline_dag.py for tasks to queue
[2026-07-30T14:28:40.928+0000] {logging_mixin.py:190} INFO - [2026-07-30T14:28:40.927+0000] {dagbag.py:588} INFO - Filling up the DagBag from /opt/airflow/dags/invoice_pipeline_dag.py
[2026-07-30T14:28:43.559+0000] {logging_mixin.py:190} INFO - [2026-07-30T14:28:43.550+0000] {dagbag.py:387} ERROR - Failed to import: /opt/airflow/dags/invoice_pipeline_dag.py
Traceback (most recent call last):
  File "/home/airflow/.local/lib/python3.12/site-packages/airflow/models/dagbag.py", line 383, in parse
    loader.exec_module(new_module)
  File "<frozen importlib._bootstrap_external>", line 995, in exec_module
  File "<frozen importlib._bootstrap>", line 488, in _call_with_frames_removed
  File "/opt/airflow/dags/invoice_pipeline_dag.py", line 7, in <module>
    from scripts.extract import extract
ModuleNotFoundError: No module named 'scripts.extract'
[2026-07-30T14:28:43.562+0000] {processor.py:927} WARNING - No viable dags retrieved from /opt/airflow/dags/invoice_pipeline_dag.py
[2026-07-30T14:28:43.633+0000] {processor.py:208} INFO - Processing /opt/airflow/dags/invoice_pipeline_dag.py took 2.789 seconds
[2026-07-30T14:29:14.037+0000] {processor.py:186} INFO - Started process (PID=173) to work on /opt/airflow/dags/invoice_pipeline_dag.py
[2026-07-30T14:29:14.040+0000] {processor.py:914} INFO - Processing file /opt/airflow/dags/invoice_pipeline_dag.py for tasks to queue
[2026-07-30T14:29:14.052+0000] {logging_mixin.py:190} INFO - [2026-07-30T14:29:14.050+0000] {dagbag.py:588} INFO - Filling up the DagBag from /opt/airflow/dags/invoice_pipeline_dag.py
[2026-07-30T14:29:15.858+0000] {logging_mixin.py:190} INFO - [2026-07-30T14:29:15.850+0000] {dagbag.py:387} ERROR - Failed to import: /opt/airflow/dags/invoice_pipeline_dag.py
Traceback (most recent call last):
  File "/home/airflow/.local/lib/python3.12/site-packages/airflow/models/dagbag.py", line 383, in parse
    loader.exec_module(new_module)
  File "<frozen importlib._bootstrap_external>", line 995, in exec_module
  File "<frozen importlib._bootstrap>", line 488, in _call_with_frames_removed
  File "/opt/airflow/dags/invoice_pipeline_dag.py", line 7, in <module>
    from scripts.extract import extract
ModuleNotFoundError: No module named 'scripts.extract'
[2026-07-30T14:29:15.861+0000] {processor.py:927} WARNING - No viable dags retrieved from /opt/airflow/dags/invoice_pipeline_dag.py
[2026-07-30T14:29:15.922+0000] {processor.py:208} INFO - Processing /opt/airflow/dags/invoice_pipeline_dag.py took 1.910 seconds
[2026-07-30T14:29:46.416+0000] {processor.py:186} INFO - Started process (PID=179) to work on /opt/airflow/dags/invoice_pipeline_dag.py
[2026-07-30T14:29:46.421+0000] {processor.py:914} INFO - Processing file /opt/airflow/dags/invoice_pipeline_dag.py for tasks to queue
[2026-07-30T14:29:46.455+0000] {logging_mixin.py:190} INFO - [2026-07-30T14:29:46.449+0000] {dagbag.py:588} INFO - Filling up the DagBag from /opt/airflow/dags/invoice_pipeline_dag.py
[2026-07-30T14:29:48.361+0000] {logging_mixin.py:190} INFO - [2026-07-30T14:29:48.355+0000] {dagbag.py:387} ERROR - Failed to import: /opt/airflow/dags/invoice_pipeline_dag.py
Traceback (most recent call last):
  File "/home/airflow/.local/lib/python3.12/site-packages/airflow/models/dagbag.py", line 383, in parse
    loader.exec_module(new_module)
  File "<frozen importlib._bootstrap_external>", line 995, in exec_module
  File "<frozen importlib._bootstrap>", line 488, in _call_with_frames_removed
  File "/opt/airflow/dags/invoice_pipeline_dag.py", line 7, in <module>
    from scripts.extract import extract
ModuleNotFoundError: No module named 'scripts.extract'
[2026-07-30T14:29:48.364+0000] {processor.py:927} WARNING - No viable dags retrieved from /opt/airflow/dags/invoice_pipeline_dag.py
[2026-07-30T14:29:48.426+0000] {processor.py:208} INFO - Processing /opt/airflow/dags/invoice_pipeline_dag.py took 2.053 seconds
[2026-07-30T14:30:18.851+0000] {processor.py:186} INFO - Started process (PID=185) to work on /opt/airflow/dags/invoice_pipeline_dag.py
[2026-07-30T14:30:18.855+0000] {processor.py:914} INFO - Processing file /opt/airflow/dags/invoice_pipeline_dag.py for tasks to queue
[2026-07-30T14:30:18.871+0000] {logging_mixin.py:190} INFO - [2026-07-30T14:30:18.869+0000] {dagbag.py:588} INFO - Filling up the DagBag from /opt/airflow/dags/invoice_pipeline_dag.py
[2026-07-30T14:30:21.256+0000] {logging_mixin.py:190} INFO - [2026-07-30T14:30:21.250+0000] {dagbag.py:387} ERROR - Failed to import: /opt/airflow/dags/invoice_pipeline_dag.py
Traceback (most recent call last):
  File "/home/airflow/.local/lib/python3.12/site-packages/airflow/models/dagbag.py", line 383, in parse
    loader.exec_module(new_module)
  File "<frozen importlib._bootstrap_external>", line 995, in exec_module
  File "<frozen importlib._bootstrap>", line 488, in _call_with_frames_removed
  File "/opt/airflow/dags/invoice_pipeline_dag.py", line 7, in <module>
    from scripts.extract import extract
ModuleNotFoundError: No module named 'scripts.extract'
[2026-07-30T14:30:21.258+0000] {processor.py:927} WARNING - No viable dags retrieved from /opt/airflow/dags/invoice_pipeline_dag.py
[2026-07-30T14:30:21.339+0000] {processor.py:208} INFO - Processing /opt/airflow/dags/invoice_pipeline_dag.py took 2.519 seconds
[2026-07-30T14:30:51.786+0000] {processor.py:186} INFO - Started process (PID=191) to work on /opt/airflow/dags/invoice_pipeline_dag.py
[2026-07-30T14:30:51.790+0000] {processor.py:914} INFO - Processing file /opt/airflow/dags/invoice_pipeline_dag.py for tasks to queue
[2026-07-30T14:30:51.805+0000] {logging_mixin.py:190} INFO - [2026-07-30T14:30:51.803+0000] {dagbag.py:588} INFO - Filling up the DagBag from /opt/airflow/dags/invoice_pipeline_dag.py
[2026-07-30T14:30:54.009+0000] {logging_mixin.py:190} INFO - [2026-07-30T14:30:53.996+0000] {dagbag.py:387} ERROR - Failed to import: /opt/airflow/dags/invoice_pipeline_dag.py
Traceback (most recent call last):
  File "/home/airflow/.local/lib/python3.12/site-packages/airflow/models/dagbag.py", line 383, in parse
    loader.exec_module(new_module)
  File "<frozen importlib._bootstrap_external>", line 995, in exec_module
  File "<frozen importlib._bootstrap>", line 488, in _call_with_frames_removed
  File "/opt/airflow/dags/invoice_pipeline_dag.py", line 7, in <module>
    from scripts.extract import extract
ModuleNotFoundError: No module named 'scripts.extract'
[2026-07-30T14:30:54.012+0000] {processor.py:927} WARNING - No viable dags retrieved from /opt/airflow/dags/invoice_pipeline_dag.py
[2026-07-30T14:30:54.146+0000] {processor.py:208} INFO - Processing /opt/airflow/dags/invoice_pipeline_dag.py took 2.391 seconds
[2026-07-30T14:31:24.518+0000] {processor.py:186} INFO - Started process (PID=197) to work on /opt/airflow/dags/invoice_pipeline_dag.py
[2026-07-30T14:31:24.523+0000] {processor.py:914} INFO - Processing file /opt/airflow/dags/invoice_pipeline_dag.py for tasks to queue
[2026-07-30T14:31:24.540+0000] {logging_mixin.py:190} INFO - [2026-07-30T14:31:24.538+0000] {dagbag.py:588} INFO - Filling up the DagBag from /opt/airflow/dags/invoice_pipeline_dag.py
[2026-07-30T14:31:25.724+0000] {logging_mixin.py:190} INFO - [2026-07-30T14:31:25.717+0000] {dagbag.py:387} ERROR - Failed to import: /opt/airflow/dags/invoice_pipeline_dag.py
Traceback (most recent call last):
  File "/home/airflow/.local/lib/python3.12/site-packages/airflow/models/dagbag.py", line 383, in parse
    loader.exec_module(new_module)
  File "<frozen importlib._bootstrap_external>", line 995, in exec_module
  File "<frozen importlib._bootstrap>", line 488, in _call_with_frames_removed
  File "/opt/airflow/dags/invoice_pipeline_dag.py", line 7, in <module>
    from scripts.extract import extract
ModuleNotFoundError: No module named 'scripts.extract'
[2026-07-30T14:31:25.726+0000] {processor.py:927} WARNING - No viable dags retrieved from /opt/airflow/dags/invoice_pipeline_dag.py
[2026-07-30T14:31:25.761+0000] {processor.py:208} INFO - Processing /opt/airflow/dags/invoice_pipeline_dag.py took 1.277 seconds
[2026-07-30T14:31:55.888+0000] {processor.py:186} INFO - Started process (PID=203) to work on /opt/airflow/dags/invoice_pipeline_dag.py
[2026-07-30T14:31:55.918+0000] {processor.py:914} INFO - Processing file /opt/airflow/dags/invoice_pipeline_dag.py for tasks to queue
[2026-07-30T14:31:56.101+0000] {logging_mixin.py:190} INFO - [2026-07-30T14:31:56.096+0000] {dagbag.py:588} INFO - Filling up the DagBag from /opt/airflow/dags/invoice_pipeline_dag.py
[2026-07-30T14:31:57.876+0000] {logging_mixin.py:190} INFO - [2026-07-30T14:31:57.868+0000] {dagbag.py:387} ERROR - Failed to import: /opt/airflow/dags/invoice_pipeline_dag.py
Traceback (most recent call last):
  File "/home/airflow/.local/lib/python3.12/site-packages/airflow/models/dagbag.py", line 383, in parse
    loader.exec_module(new_module)
  File "<frozen importlib._bootstrap_external>", line 995, in exec_module
  File "<frozen importlib._bootstrap>", line 488, in _call_with_frames_removed
  File "/opt/airflow/dags/invoice_pipeline_dag.py", line 7, in <module>
    from scripts.extract import extract
ModuleNotFoundError: No module named 'scripts.extract'
[2026-07-30T14:31:57.878+0000] {processor.py:927} WARNING - No viable dags retrieved from /opt/airflow/dags/invoice_pipeline_dag.py
[2026-07-30T14:31:57.964+0000] {processor.py:208} INFO - Processing /opt/airflow/dags/invoice_pipeline_dag.py took 2.128 seconds
[2026-07-30T14:33:41.020+0000] {processor.py:186} INFO - Started process (PID=167) to work on /opt/airflow/dags/invoice_pipeline_dag.py
[2026-07-30T14:33:41.027+0000] {processor.py:914} INFO - Processing file /opt/airflow/dags/invoice_pipeline_dag.py for tasks to queue
[2026-07-30T14:33:41.030+0000] {logging_mixin.py:190} INFO - [2026-07-30T14:33:41.030+0000] {dagbag.py:588} INFO - Filling up the DagBag from /opt/airflow/dags/invoice_pipeline_dag.py
[2026-07-30T14:33:42.739+0000] {logging_mixin.py:190} INFO - [2026-07-30T14:33:42.733+0000] {dagbag.py:387} ERROR - Failed to import: /opt/airflow/dags/invoice_pipeline_dag.py
Traceback (most recent call last):
  File "/home/airflow/.local/lib/python3.12/site-packages/airflow/models/dagbag.py", line 383, in parse
    loader.exec_module(new_module)
  File "<frozen importlib._bootstrap_external>", line 995, in exec_module
  File "<frozen importlib._bootstrap>", line 488, in _call_with_frames_removed
  File "/opt/airflow/dags/invoice_pipeline_dag.py", line 7, in <module>
    from scripts.extract import extract
ModuleNotFoundError: No module named 'scripts.extract'
[2026-07-30T14:33:42.741+0000] {processor.py:927} WARNING - No viable dags retrieved from /opt/airflow/dags/invoice_pipeline_dag.py
[2026-07-30T14:33:42.774+0000] {processor.py:208} INFO - Processing /opt/airflow/dags/invoice_pipeline_dag.py took 1.763 seconds
[2026-07-30T14:34:13.206+0000] {processor.py:186} INFO - Started process (PID=173) to work on /opt/airflow/dags/invoice_pipeline_dag.py
[2026-07-30T14:34:13.211+0000] {processor.py:914} INFO - Processing file /opt/airflow/dags/invoice_pipeline_dag.py for tasks to queue
[2026-07-30T14:34:13.231+0000] {logging_mixin.py:190} INFO - [2026-07-30T14:34:13.230+0000] {dagbag.py:588} INFO - Filling up the DagBag from /opt/airflow/dags/invoice_pipeline_dag.py
[2026-07-30T14:34:15.044+0000] {logging_mixin.py:190} INFO - [2026-07-30T14:34:15.037+0000] {dagbag.py:387} ERROR - Failed to import: /opt/airflow/dags/invoice_pipeline_dag.py
Traceback (most recent call last):
  File "/home/airflow/.local/lib/python3.12/site-packages/airflow/models/dagbag.py", line 383, in parse
    loader.exec_module(new_module)
  File "<frozen importlib._bootstrap_external>", line 995, in exec_module
  File "<frozen importlib._bootstrap>", line 488, in _call_with_frames_removed
  File "/opt/airflow/dags/invoice_pipeline_dag.py", line 7, in <module>
    from scripts.extract import extract
ModuleNotFoundError: No module named 'scripts.extract'
[2026-07-30T14:34:15.046+0000] {processor.py:927} WARNING - No viable dags retrieved from /opt/airflow/dags/invoice_pipeline_dag.py
[2026-07-30T14:34:15.076+0000] {processor.py:208} INFO - Processing /opt/airflow/dags/invoice_pipeline_dag.py took 1.917 seconds
[2026-07-30T14:34:45.452+0000] {processor.py:186} INFO - Started process (PID=179) to work on /opt/airflow/dags/invoice_pipeline_dag.py
[2026-07-30T14:34:45.458+0000] {processor.py:914} INFO - Processing file /opt/airflow/dags/invoice_pipeline_dag.py for tasks to queue
[2026-07-30T14:34:45.471+0000] {logging_mixin.py:190} INFO - [2026-07-30T14:34:45.469+0000] {dagbag.py:588} INFO - Filling up the DagBag from /opt/airflow/dags/invoice_pipeline_dag.py
[2026-07-30T14:34:46.321+0000] {logging_mixin.py:190} INFO - [2026-07-30T14:34:46.315+0000] {dagbag.py:387} ERROR - Failed to import: /opt/airflow/dags/invoice_pipeline_dag.py
Traceback (most recent call last):
  File "/home/airflow/.local/lib/python3.12/site-packages/airflow/models/dagbag.py", line 383, in parse
    loader.exec_module(new_module)
  File "<frozen importlib._bootstrap_external>", line 995, in exec_module
  File "<frozen importlib._bootstrap>", line 488, in _call_with_frames_removed
  File "/opt/airflow/dags/invoice_pipeline_dag.py", line 7, in <module>
    from scripts.extract import extract
ModuleNotFoundError: No module named 'scripts.extract'
[2026-07-30T14:34:46.323+0000] {processor.py:927} WARNING - No viable dags retrieved from /opt/airflow/dags/invoice_pipeline_dag.py
[2026-07-30T14:34:46.358+0000] {processor.py:208} INFO - Processing /opt/airflow/dags/invoice_pipeline_dag.py took 0.937 seconds
[2026-07-30T14:35:16.810+0000] {processor.py:186} INFO - Started process (PID=185) to work on /opt/airflow/dags/invoice_pipeline_dag.py
[2026-07-30T14:35:16.812+0000] {processor.py:914} INFO - Processing file /opt/airflow/dags/invoice_pipeline_dag.py for tasks to queue
[2026-07-30T14:35:16.825+0000] {logging_mixin.py:190} INFO - [2026-07-30T14:35:16.824+0000] {dagbag.py:588} INFO - Filling up the DagBag from /opt/airflow/dags/invoice_pipeline_dag.py
[2026-07-30T14:35:18.761+0000] {logging_mixin.py:190} INFO - [2026-07-30T14:35:18.748+0000] {dagbag.py:387} ERROR - Failed to import: /opt/airflow/dags/invoice_pipeline_dag.py
Traceback (most recent call last):
  File "/home/airflow/.local/lib/python3.12/site-packages/airflow/models/dagbag.py", line 383, in parse
    loader.exec_module(new_module)
  File "<frozen importlib._bootstrap_external>", line 995, in exec_module
  File "<frozen importlib._bootstrap>", line 488, in _call_with_frames_removed
  File "/opt/airflow/dags/invoice_pipeline_dag.py", line 7, in <module>
    from scripts.extract import extract
ModuleNotFoundError: No module named 'scripts.extract'
[2026-07-30T14:35:18.765+0000] {processor.py:927} WARNING - No viable dags retrieved from /opt/airflow/dags/invoice_pipeline_dag.py
[2026-07-30T14:35:18.898+0000] {processor.py:208} INFO - Processing /opt/airflow/dags/invoice_pipeline_dag.py took 2.110 seconds
[2026-07-30T14:35:49.104+0000] {processor.py:186} INFO - Started process (PID=191) to work on /opt/airflow/dags/invoice_pipeline_dag.py
[2026-07-30T14:35:49.110+0000] {processor.py:914} INFO - Processing file /opt/airflow/dags/invoice_pipeline_dag.py for tasks to queue
[2026-07-30T14:35:49.122+0000] {logging_mixin.py:190} INFO - [2026-07-30T14:35:49.121+0000] {dagbag.py:588} INFO - Filling up the DagBag from /opt/airflow/dags/invoice_pipeline_dag.py
[2026-07-30T14:35:50.295+0000] {logging_mixin.py:190} INFO - [2026-07-30T14:35:50.290+0000] {dagbag.py:387} ERROR - Failed to import: /opt/airflow/dags/invoice_pipeline_dag.py
Traceback (most recent call last):
  File "/home/airflow/.local/lib/python3.12/site-packages/airflow/models/dagbag.py", line 383, in parse
    loader.exec_module(new_module)
  File "<frozen importlib._bootstrap_external>", line 995, in exec_module
  File "<frozen importlib._bootstrap>", line 488, in _call_with_frames_removed
  File "/opt/airflow/dags/invoice_pipeline_dag.py", line 7, in <module>
    from scripts.extract import extract
ModuleNotFoundError: No module named 'scripts.extract'
[2026-07-30T14:35:50.297+0000] {processor.py:927} WARNING - No viable dags retrieved from /opt/airflow/dags/invoice_pipeline_dag.py
[2026-07-30T14:35:50.350+0000] {processor.py:208} INFO - Processing /opt/airflow/dags/invoice_pipeline_dag.py took 1.267 seconds
[2026-07-30T14:36:20.549+0000] {processor.py:186} INFO - Started process (PID=197) to work on /opt/airflow/dags/invoice_pipeline_dag.py
[2026-07-30T14:36:20.552+0000] {processor.py:914} INFO - Processing file /opt/airflow/dags/invoice_pipeline_dag.py for tasks to queue
[2026-07-30T14:36:20.557+0000] {logging_mixin.py:190} INFO - [2026-07-30T14:36:20.557+0000] {dagbag.py:588} INFO - Filling up the DagBag from /opt/airflow/dags/invoice_pipeline_dag.py
[2026-07-30T14:36:21.961+0000] {logging_mixin.py:190} INFO - [2026-07-30T14:36:21.956+0000] {dagbag.py:387} ERROR - Failed to import: /opt/airflow/dags/invoice_pipeline_dag.py
Traceback (most recent call last):
  File "/home/airflow/.local/lib/python3.12/site-packages/airflow/models/dagbag.py", line 383, in parse
    loader.exec_module(new_module)
  File "<frozen importlib._bootstrap_external>", line 995, in exec_module
  File "<frozen importlib._bootstrap>", line 488, in _call_with_frames_removed
  File "/opt/airflow/dags/invoice_pipeline_dag.py", line 7, in <module>
    from scripts.extract import extract
ModuleNotFoundError: No module named 'scripts.extract'
[2026-07-30T14:36:21.963+0000] {processor.py:927} WARNING - No viable dags retrieved from /opt/airflow/dags/invoice_pipeline_dag.py
[2026-07-30T14:36:22.015+0000] {processor.py:208} INFO - Processing /opt/airflow/dags/invoice_pipeline_dag.py took 1.477 seconds
[2026-07-30T14:36:52.352+0000] {processor.py:186} INFO - Started process (PID=203) to work on /opt/airflow/dags/invoice_pipeline_dag.py
[2026-07-30T14:36:52.355+0000] {processor.py:914} INFO - Processing file /opt/airflow/dags/invoice_pipeline_dag.py for tasks to queue
[2026-07-30T14:36:52.359+0000] {logging_mixin.py:190} INFO - [2026-07-30T14:36:52.359+0000] {dagbag.py:588} INFO - Filling up the DagBag from /opt/airflow/dags/invoice_pipeline_dag.py
[2026-07-30T14:36:52.807+0000] {logging_mixin.py:190} INFO - [2026-07-30T14:36:52.802+0000] {dagbag.py:387} ERROR - Failed to import: /opt/airflow/dags/invoice_pipeline_dag.py
Traceback (most recent call last):
  File "/home/airflow/.local/lib/python3.12/site-packages/airflow/models/dagbag.py", line 383, in parse
    loader.exec_module(new_module)
  File "<frozen importlib._bootstrap_external>", line 995, in exec_module
  File "<frozen importlib._bootstrap>", line 488, in _call_with_frames_removed
  File "/opt/airflow/dags/invoice_pipeline_dag.py", line 7, in <module>
    from scripts.extract import extract
ModuleNotFoundError: No module named 'scripts.extract'
[2026-07-30T14:36:52.809+0000] {processor.py:927} WARNING - No viable dags retrieved from /opt/airflow/dags/invoice_pipeline_dag.py
[2026-07-30T14:36:52.834+0000] {processor.py:208} INFO - Processing /opt/airflow/dags/invoice_pipeline_dag.py took 0.488 seconds
[2026-07-30T14:37:23.190+0000] {processor.py:186} INFO - Started process (PID=209) to work on /opt/airflow/dags/invoice_pipeline_dag.py
[2026-07-30T14:37:23.194+0000] {processor.py:914} INFO - Processing file /opt/airflow/dags/invoice_pipeline_dag.py for tasks to queue
[2026-07-30T14:37:23.204+0000] {logging_mixin.py:190} INFO - [2026-07-30T14:37:23.203+0000] {dagbag.py:588} INFO - Filling up the DagBag from /opt/airflow/dags/invoice_pipeline_dag.py
[2026-07-30T14:37:24.159+0000] {logging_mixin.py:190} INFO - [2026-07-30T14:37:24.155+0000] {dagbag.py:387} ERROR - Failed to import: /opt/airflow/dags/invoice_pipeline_dag.py
Traceback (most recent call last):
  File "/home/airflow/.local/lib/python3.12/site-packages/airflow/models/dagbag.py", line 383, in parse
    loader.exec_module(new_module)
  File "<frozen importlib._bootstrap_external>", line 995, in exec_module
  File "<frozen importlib._bootstrap>", line 488, in _call_with_frames_removed
  File "/opt/airflow/dags/invoice_pipeline_dag.py", line 7, in <module>
    from scripts.extract import extract
ModuleNotFoundError: No module named 'scripts.extract'
[2026-07-30T14:37:24.161+0000] {processor.py:927} WARNING - No viable dags retrieved from /opt/airflow/dags/invoice_pipeline_dag.py
[2026-07-30T14:37:24.195+0000] {processor.py:208} INFO - Processing /opt/airflow/dags/invoice_pipeline_dag.py took 1.023 seconds
[2026-07-30T14:37:54.505+0000] {processor.py:186} INFO - Started process (PID=215) to work on /opt/airflow/dags/invoice_pipeline_dag.py
[2026-07-30T14:37:54.509+0000] {processor.py:914} INFO - Processing file /opt/airflow/dags/invoice_pipeline_dag.py for tasks to queue
[2026-07-30T14:37:54.519+0000] {logging_mixin.py:190} INFO - [2026-07-30T14:37:54.517+0000] {dagbag.py:588} INFO - Filling up the DagBag from /opt/airflow/dags/invoice_pipeline_dag.py
[2026-07-30T14:37:55.135+0000] {logging_mixin.py:190} INFO - [2026-07-30T14:37:55.131+0000] {dagbag.py:387} ERROR - Failed to import: /opt/airflow/dags/invoice_pipeline_dag.py
Traceback (most recent call last):
  File "/home/airflow/.local/lib/python3.12/site-packages/airflow/models/dagbag.py", line 383, in parse
    loader.exec_module(new_module)
  File "<frozen importlib._bootstrap_external>", line 995, in exec_module
  File "<frozen importlib._bootstrap>", line 488, in _call_with_frames_removed
  File "/opt/airflow/dags/invoice_pipeline_dag.py", line 7, in <module>
    from scripts.extract import extract
ModuleNotFoundError: No module named 'scripts.extract'
[2026-07-30T14:37:55.138+0000] {processor.py:927} WARNING - No viable dags retrieved from /opt/airflow/dags/invoice_pipeline_dag.py
[2026-07-30T14:37:55.168+0000] {processor.py:208} INFO - Processing /opt/airflow/dags/invoice_pipeline_dag.py took 0.681 seconds
[2026-07-30T14:38:25.558+0000] {processor.py:186} INFO - Started process (PID=221) to work on /opt/airflow/dags/invoice_pipeline_dag.py
[2026-07-30T14:38:25.562+0000] {processor.py:914} INFO - Processing file /opt/airflow/dags/invoice_pipeline_dag.py for tasks to queue
[2026-07-30T14:38:25.573+0000] {logging_mixin.py:190} INFO - [2026-07-30T14:38:25.572+0000] {dagbag.py:588} INFO - Filling up the DagBag from /opt/airflow/dags/invoice_pipeline_dag.py
[2026-07-30T14:38:26.141+0000] {logging_mixin.py:190} INFO - [2026-07-30T14:38:26.136+0000] {dagbag.py:387} ERROR - Failed to import: /opt/airflow/dags/invoice_pipeline_dag.py
Traceback (most recent call last):
  File "/home/airflow/.local/lib/python3.12/site-packages/airflow/models/dagbag.py", line 383, in parse
    loader.exec_module(new_module)
  File "<frozen importlib._bootstrap_external>", line 995, in exec_module
  File "<frozen importlib._bootstrap>", line 488, in _call_with_frames_removed
  File "/opt/airflow/dags/invoice_pipeline_dag.py", line 7, in <module>
    from scripts.extract import extract
ModuleNotFoundError: No module named 'scripts.extract'
[2026-07-30T14:38:26.143+0000] {processor.py:927} WARNING - No viable dags retrieved from /opt/airflow/dags/invoice_pipeline_dag.py
[2026-07-30T14:38:26.166+0000] {processor.py:208} INFO - Processing /opt/airflow/dags/invoice_pipeline_dag.py took 0.638 seconds
[2026-07-30T14:38:56.533+0000] {processor.py:186} INFO - Started process (PID=227) to work on /opt/airflow/dags/invoice_pipeline_dag.py
[2026-07-30T14:38:56.536+0000] {processor.py:914} INFO - Processing file /opt/airflow/dags/invoice_pipeline_dag.py for tasks to queue
[2026-07-30T14:38:56.542+0000] {logging_mixin.py:190} INFO - [2026-07-30T14:38:56.541+0000] {dagbag.py:588} INFO - Filling up the DagBag from /opt/airflow/dags/invoice_pipeline_dag.py
[2026-07-30T14:38:57.099+0000] {logging_mixin.py:190} INFO - [2026-07-30T14:38:57.094+0000] {dagbag.py:387} ERROR - Failed to import: /opt/airflow/dags/invoice_pipeline_dag.py
Traceback (most recent call last):
  File "/home/airflow/.local/lib/python3.12/site-packages/airflow/models/dagbag.py", line 383, in parse
    loader.exec_module(new_module)
  File "<frozen importlib._bootstrap_external>", line 995, in exec_module
  File "<frozen importlib._bootstrap>", line 488, in _call_with_frames_removed
  File "/opt/airflow/dags/invoice_pipeline_dag.py", line 7, in <module>
    from scripts.extract import extract
ModuleNotFoundError: No module named 'scripts.extract'
[2026-07-30T14:38:57.101+0000] {processor.py:927} WARNING - No viable dags retrieved from /opt/airflow/dags/invoice_pipeline_dag.py
[2026-07-30T14:38:57.129+0000] {processor.py:208} INFO - Processing /opt/airflow/dags/invoice_pipeline_dag.py took 0.609 seconds
[2026-07-30T14:39:27.452+0000] {processor.py:186} INFO - Started process (PID=233) to work on /opt/airflow/dags/invoice_pipeline_dag.py
[2026-07-30T14:39:27.456+0000] {processor.py:914} INFO - Processing file /opt/airflow/dags/invoice_pipeline_dag.py for tasks to queue
[2026-07-30T14:39:27.467+0000] {logging_mixin.py:190} INFO - [2026-07-30T14:39:27.466+0000] {dagbag.py:588} INFO - Filling up the DagBag from /opt/airflow/dags/invoice_pipeline_dag.py
[2026-07-30T14:39:28.018+0000] {logging_mixin.py:190} INFO - [2026-07-30T14:39:28.012+0000] {dagbag.py:387} ERROR - Failed to import: /opt/airflow/dags/invoice_pipeline_dag.py
Traceback (most recent call last):
  File "/home/airflow/.local/lib/python3.12/site-packages/airflow/models/dagbag.py", line 383, in parse
    loader.exec_module(new_module)
  File "<frozen importlib._bootstrap_external>", line 995, in exec_module
  File "<frozen importlib._bootstrap>", line 488, in _call_with_frames_removed
  File "/opt/airflow/dags/invoice_pipeline_dag.py", line 7, in <module>
    from scripts.extract import extract
ModuleNotFoundError: No module named 'scripts.extract'
[2026-07-30T14:39:28.020+0000] {processor.py:927} WARNING - No viable dags retrieved from /opt/airflow/dags/invoice_pipeline_dag.py
[2026-07-30T14:39:28.047+0000] {processor.py:208} INFO - Processing /opt/airflow/dags/invoice_pipeline_dag.py took 0.621 seconds
[2026-07-30T14:39:58.374+0000] {processor.py:186} INFO - Started process (PID=239) to work on /opt/airflow/dags/invoice_pipeline_dag.py
[2026-07-30T14:39:58.376+0000] {processor.py:914} INFO - Processing file /opt/airflow/dags/invoice_pipeline_dag.py for tasks to queue
[2026-07-30T14:39:58.380+0000] {logging_mixin.py:190} INFO - [2026-07-30T14:39:58.379+0000] {dagbag.py:588} INFO - Filling up the DagBag from /opt/airflow/dags/invoice_pipeline_dag.py
[2026-07-30T14:39:58.851+0000] {logging_mixin.py:190} INFO - [2026-07-30T14:39:58.845+0000] {dagbag.py:387} ERROR - Failed to import: /opt/airflow/dags/invoice_pipeline_dag.py
Traceback (most recent call last):
  File "/home/airflow/.local/lib/python3.12/site-packages/airflow/models/dagbag.py", line 383, in parse
    loader.exec_module(new_module)
  File "<frozen importlib._bootstrap_external>", line 995, in exec_module
  File "<frozen importlib._bootstrap>", line 488, in _call_with_frames_removed
  File "/opt/airflow/dags/invoice_pipeline_dag.py", line 7, in <module>
    from scripts.extract import extract
ModuleNotFoundError: No module named 'scripts.extract'
[2026-07-30T14:39:58.853+0000] {processor.py:927} WARNING - No viable dags retrieved from /opt/airflow/dags/invoice_pipeline_dag.py
[2026-07-30T14:39:58.879+0000] {processor.py:208} INFO - Processing /opt/airflow/dags/invoice_pipeline_dag.py took 0.514 seconds
[2026-07-30T14:40:29.035+0000] {processor.py:186} INFO - Started process (PID=245) to work on /opt/airflow/dags/invoice_pipeline_dag.py
[2026-07-30T14:40:29.042+0000] {processor.py:914} INFO - Processing file /opt/airflow/dags/invoice_pipeline_dag.py for tasks to queue
[2026-07-30T14:40:29.054+0000] {logging_mixin.py:190} INFO - [2026-07-30T14:40:29.053+0000] {dagbag.py:588} INFO - Filling up the DagBag from /opt/airflow/dags/invoice_pipeline_dag.py
[2026-07-30T14:40:29.680+0000] {logging_mixin.py:190} INFO - [2026-07-30T14:40:29.672+0000] {dagbag.py:387} ERROR - Failed to import: /opt/airflow/dags/invoice_pipeline_dag.py
Traceback (most recent call last):
  File "/home/airflow/.local/lib/python3.12/site-packages/airflow/models/dagbag.py", line 383, in parse
    loader.exec_module(new_module)
  File "<frozen importlib._bootstrap_external>", line 995, in exec_module
  File "<frozen importlib._bootstrap>", line 488, in _call_with_frames_removed
  File "/opt/airflow/dags/invoice_pipeline_dag.py", line 7, in <module>
    from scripts.extract import extract
ModuleNotFoundError: No module named 'scripts.extract'
[2026-07-30T14:40:29.684+0000] {processor.py:927} WARNING - No viable dags retrieved from /opt/airflow/dags/invoice_pipeline_dag.py
[2026-07-30T14:40:29.730+0000] {processor.py:208} INFO - Processing /opt/airflow/dags/invoice_pipeline_dag.py took 0.702 seconds
[2026-07-30T14:41:00.074+0000] {processor.py:186} INFO - Started process (PID=251) to work on /opt/airflow/dags/invoice_pipeline_dag.py
[2026-07-30T14:41:00.076+0000] {processor.py:914} INFO - Processing file /opt/airflow/dags/invoice_pipeline_dag.py for tasks to queue
[2026-07-30T14:41:00.079+0000] {logging_mixin.py:190} INFO - [2026-07-30T14:41:00.079+0000] {dagbag.py:588} INFO - Filling up the DagBag from /opt/airflow/dags/invoice_pipeline_dag.py
[2026-07-30T14:41:00.514+0000] {logging_mixin.py:190} INFO - [2026-07-30T14:41:00.508+0000] {dagbag.py:387} ERROR - Failed to import: /opt/airflow/dags/invoice_pipeline_dag.py
Traceback (most recent call last):
  File "/home/airflow/.local/lib/python3.12/site-packages/airflow/models/dagbag.py", line 383, in parse
    loader.exec_module(new_module)
  File "<frozen importlib._bootstrap_external>", line 995, in exec_module
  File "<frozen importlib._bootstrap>", line 488, in _call_with_frames_removed
  File "/opt/airflow/dags/invoice_pipeline_dag.py", line 7, in <module>
    from scripts.extract import extract
ModuleNotFoundError: No module named 'scripts.extract'
[2026-07-30T14:41:00.516+0000] {processor.py:927} WARNING - No viable dags retrieved from /opt/airflow/dags/invoice_pipeline_dag.py
[2026-07-30T14:41:00.541+0000] {processor.py:208} INFO - Processing /opt/airflow/dags/invoice_pipeline_dag.py took 0.475 seconds
[2026-07-30T14:41:30.831+0000] {processor.py:186} INFO - Started process (PID=257) to work on /opt/airflow/dags/invoice_pipeline_dag.py
[2026-07-30T14:41:30.833+0000] {processor.py:914} INFO - Processing file /opt/airflow/dags/invoice_pipeline_dag.py for tasks to queue
[2026-07-30T14:41:30.837+0000] {logging_mixin.py:190} INFO - [2026-07-30T14:41:30.836+0000] {dagbag.py:588} INFO - Filling up the DagBag from /opt/airflow/dags/invoice_pipeline_dag.py
[2026-07-30T14:41:31.288+0000] {logging_mixin.py:190} INFO - [2026-07-30T14:41:31.281+0000] {dagbag.py:387} ERROR - Failed to import: /opt/airflow/dags/invoice_pipeline_dag.py
Traceback (most recent call last):
  File "/home/airflow/.local/lib/python3.12/site-packages/airflow/models/dagbag.py", line 383, in parse
    loader.exec_module(new_module)
  File "<frozen importlib._bootstrap_external>", line 995, in exec_module
  File "<frozen importlib._bootstrap>", line 488, in _call_with_frames_removed
  File "/opt/airflow/dags/invoice_pipeline_dag.py", line 7, in <module>
    from scripts.extract import extract
ModuleNotFoundError: No module named 'scripts.extract'
[2026-07-30T14:41:31.290+0000] {processor.py:927} WARNING - No viable dags retrieved from /opt/airflow/dags/invoice_pipeline_dag.py
[2026-07-30T14:41:31.315+0000] {processor.py:208} INFO - Processing /opt/airflow/dags/invoice_pipeline_dag.py took 0.498 seconds
[2026-07-30T14:42:01.944+0000] {processor.py:186} INFO - Started process (PID=263) to work on /opt/airflow/dags/invoice_pipeline_dag.py
[2026-07-30T14:42:01.945+0000] {processor.py:914} INFO - Processing file /opt/airflow/dags/invoice_pipeline_dag.py for tasks to queue
[2026-07-30T14:42:01.948+0000] {logging_mixin.py:190} INFO - [2026-07-30T14:42:01.948+0000] {dagbag.py:588} INFO - Filling up the DagBag from /opt/airflow/dags/invoice_pipeline_dag.py
[2026-07-30T14:42:02.216+0000] {logging_mixin.py:190} INFO - [2026-07-30T14:42:02.210+0000] {dagbag.py:387} ERROR - Failed to import: /opt/airflow/dags/invoice_pipeline_dag.py
Traceback (most recent call last):
  File "/home/airflow/.local/lib/python3.12/site-packages/airflow/models/dagbag.py", line 383, in parse
    loader.exec_module(new_module)
  File "<frozen importlib._bootstrap_external>", line 995, in exec_module
  File "<frozen importlib._bootstrap>", line 488, in _call_with_frames_removed
  File "/opt/airflow/dags/invoice_pipeline_dag.py", line 7, in <module>
    from scripts.extract import extract
ModuleNotFoundError: No module named 'scripts.extract'
[2026-07-30T14:42:02.218+0000] {processor.py:927} WARNING - No viable dags retrieved from /opt/airflow/dags/invoice_pipeline_dag.py
[2026-07-30T14:42:02.249+0000] {processor.py:208} INFO - Processing /opt/airflow/dags/invoice_pipeline_dag.py took 0.312 seconds
[2026-07-30T14:42:32.410+0000] {processor.py:186} INFO - Started process (PID=269) to work on /opt/airflow/dags/invoice_pipeline_dag.py
[2026-07-30T14:42:32.411+0000] {processor.py:914} INFO - Processing file /opt/airflow/dags/invoice_pipeline_dag.py for tasks to queue
[2026-07-30T14:42:32.415+0000] {logging_mixin.py:190} INFO - [2026-07-30T14:42:32.414+0000] {dagbag.py:588} INFO - Filling up the DagBag from /opt/airflow/dags/invoice_pipeline_dag.py
[2026-07-30T14:42:32.710+0000] {logging_mixin.py:190} INFO - [2026-07-30T14:42:32.704+0000] {dagbag.py:387} ERROR - Failed to import: /opt/airflow/dags/invoice_pipeline_dag.py
Traceback (most recent call last):
  File "/home/airflow/.local/lib/python3.12/site-packages/airflow/models/dagbag.py", line 383, in parse
    loader.exec_module(new_module)
  File "<frozen importlib._bootstrap_external>", line 995, in exec_module
  File "<frozen importlib._bootstrap>", line 488, in _call_with_frames_removed
  File "/opt/airflow/dags/invoice_pipeline_dag.py", line 7, in <module>
    from scripts.extract import extract
ModuleNotFoundError: No module named 'scripts.extract'
[2026-07-30T14:42:32.713+0000] {processor.py:927} WARNING - No viable dags retrieved from /opt/airflow/dags/invoice_pipeline_dag.py
[2026-07-30T14:42:32.737+0000] {processor.py:208} INFO - Processing /opt/airflow/dags/invoice_pipeline_dag.py took 0.335 seconds
[2026-07-30T14:43:02.845+0000] {processor.py:186} INFO - Started process (PID=275) to work on /opt/airflow/dags/invoice_pipeline_dag.py
[2026-07-30T14:43:02.847+0000] {processor.py:914} INFO - Processing file /opt/airflow/dags/invoice_pipeline_dag.py for tasks to queue
[2026-07-30T14:43:02.851+0000] {logging_mixin.py:190} INFO - [2026-07-30T14:43:02.851+0000] {dagbag.py:588} INFO - Filling up the DagBag from /opt/airflow/dags/invoice_pipeline_dag.py
[2026-07-30T14:43:03.117+0000] {logging_mixin.py:190} INFO - [2026-07-30T14:43:03.112+0000] {dagbag.py:387} ERROR - Failed to import: /opt/airflow/dags/invoice_pipeline_dag.py
Traceback (most recent call last):
  File "/home/airflow/.local/lib/python3.12/site-packages/airflow/models/dagbag.py", line 383, in parse
    loader.exec_module(new_module)
  File "<frozen importlib._bootstrap_external>", line 995, in exec_module
  File "<frozen importlib._bootstrap>", line 488, in _call_with_frames_removed
  File "/opt/airflow/dags/invoice_pipeline_dag.py", line 7, in <module>
    from scripts.extract import extract
ModuleNotFoundError: No module named 'scripts.extract'
[2026-07-30T14:43:03.120+0000] {processor.py:927} WARNING - No viable dags retrieved from /opt/airflow/dags/invoice_pipeline_dag.py
[2026-07-30T14:43:03.144+0000] {processor.py:208} INFO - Processing /opt/airflow/dags/invoice_pipeline_dag.py took 0.307 seconds
[2026-07-30T14:43:33.398+0000] {processor.py:186} INFO - Started process (PID=281) to work on /opt/airflow/dags/invoice_pipeline_dag.py
[2026-07-30T14:43:33.401+0000] {processor.py:914} INFO - Processing file /opt/airflow/dags/invoice_pipeline_dag.py for tasks to queue
[2026-07-30T14:43:33.404+0000] {logging_mixin.py:190} INFO - [2026-07-30T14:43:33.404+0000] {dagbag.py:588} INFO - Filling up the DagBag from /opt/airflow/dags/invoice_pipeline_dag.py
[2026-07-30T14:43:33.671+0000] {logging_mixin.py:190} INFO - [2026-07-30T14:43:33.664+0000] {dagbag.py:387} ERROR - Failed to import: /opt/airflow/dags/invoice_pipeline_dag.py
Traceback (most recent call last):
  File "/home/airflow/.local/lib/python3.12/site-packages/airflow/models/dagbag.py", line 383, in parse
    loader.exec_module(new_module)
  File "<frozen importlib._bootstrap_external>", line 995, in exec_module
  File "<frozen importlib._bootstrap>", line 488, in _call_with_frames_removed
  File "/opt/airflow/dags/invoice_pipeline_dag.py", line 7, in <module>
    from scripts.extract import extract
ModuleNotFoundError: No module named 'scripts.extract'
[2026-07-30T14:43:33.673+0000] {processor.py:927} WARNING - No viable dags retrieved from /opt/airflow/dags/invoice_pipeline_dag.py
[2026-07-30T14:43:33.706+0000] {processor.py:208} INFO - Processing /opt/airflow/dags/invoice_pipeline_dag.py took 0.315 seconds
[2026-07-30T14:44:03.784+0000] {processor.py:186} INFO - Started process (PID=287) to work on /opt/airflow/dags/invoice_pipeline_dag.py
[2026-07-30T14:44:03.786+0000] {processor.py:914} INFO - Processing file /opt/airflow/dags/invoice_pipeline_dag.py for tasks to queue
[2026-07-30T14:44:03.790+0000] {logging_mixin.py:190} INFO - [2026-07-30T14:44:03.789+0000] {dagbag.py:588} INFO - Filling up the DagBag from /opt/airflow/dags/invoice_pipeline_dag.py
[2026-07-30T14:44:04.053+0000] {logging_mixin.py:190} INFO - [2026-07-30T14:44:04.047+0000] {dagbag.py:387} ERROR - Failed to import: /opt/airflow/dags/invoice_pipeline_dag.py
Traceback (most recent call last):
  File "/home/airflow/.local/lib/python3.12/site-packages/airflow/models/dagbag.py", line 383, in parse
    loader.exec_module(new_module)
  File "<frozen importlib._bootstrap_external>", line 995, in exec_module
  File "<frozen importlib._bootstrap>", line 488, in _call_with_frames_removed
  File "/opt/airflow/dags/invoice_pipeline_dag.py", line 7, in <module>
    from scripts.extract import extract
ModuleNotFoundError: No module named 'scripts.extract'
[2026-07-30T14:44:04.056+0000] {processor.py:927} WARNING - No viable dags retrieved from /opt/airflow/dags/invoice_pipeline_dag.py
[2026-07-30T14:44:04.082+0000] {processor.py:208} INFO - Processing /opt/airflow/dags/invoice_pipeline_dag.py took 0.305 seconds
[2026-07-30T14:44:34.301+0000] {processor.py:186} INFO - Started process (PID=293) to work on /opt/airflow/dags/invoice_pipeline_dag.py
[2026-07-30T14:44:34.305+0000] {processor.py:914} INFO - Processing file /opt/airflow/dags/invoice_pipeline_dag.py for tasks to queue
[2026-07-30T14:44:34.316+0000] {logging_mixin.py:190} INFO - [2026-07-30T14:44:34.314+0000] {dagbag.py:588} INFO - Filling up the DagBag from /opt/airflow/dags/invoice_pipeline_dag.py
[2026-07-30T14:44:34.789+0000] {logging_mixin.py:190} INFO - [2026-07-30T14:44:34.781+0000] {dagbag.py:387} ERROR - Failed to import: /opt/airflow/dags/invoice_pipeline_dag.py
Traceback (most recent call last):
  File "/home/airflow/.local/lib/python3.12/site-packages/airflow/models/dagbag.py", line 383, in parse
    loader.exec_module(new_module)
  File "<frozen importlib._bootstrap_external>", line 995, in exec_module
  File "<frozen importlib._bootstrap>", line 488, in _call_with_frames_removed
  File "/opt/airflow/dags/invoice_pipeline_dag.py", line 7, in <module>
    from scripts.extract import extract
ModuleNotFoundError: No module named 'scripts.extract'
[2026-07-30T14:44:34.792+0000] {processor.py:927} WARNING - No viable dags retrieved from /opt/airflow/dags/invoice_pipeline_dag.py
[2026-07-30T14:44:34.832+0000] {processor.py:208} INFO - Processing /opt/airflow/dags/invoice_pipeline_dag.py took 0.550 seconds
[2026-07-30T14:45:05.168+0000] {processor.py:186} INFO - Started process (PID=299) to work on /opt/airflow/dags/invoice_pipeline_dag.py
[2026-07-30T14:45:05.173+0000] {processor.py:914} INFO - Processing file /opt/airflow/dags/invoice_pipeline_dag.py for tasks to queue
[2026-07-30T14:45:05.184+0000] {logging_mixin.py:190} INFO - [2026-07-30T14:45:05.183+0000] {dagbag.py:588} INFO - Filling up the DagBag from /opt/airflow/dags/invoice_pipeline_dag.py
[2026-07-30T14:45:05.623+0000] {logging_mixin.py:190} INFO - [2026-07-30T14:45:05.617+0000] {dagbag.py:387} ERROR - Failed to import: /opt/airflow/dags/invoice_pipeline_dag.py
Traceback (most recent call last):
  File "/home/airflow/.local/lib/python3.12/site-packages/airflow/models/dagbag.py", line 383, in parse
    loader.exec_module(new_module)
  File "<frozen importlib._bootstrap_external>", line 995, in exec_module
  File "<frozen importlib._bootstrap>", line 488, in _call_with_frames_removed
  File "/opt/airflow/dags/invoice_pipeline_dag.py", line 7, in <module>
    from scripts.extract import extract
ModuleNotFoundError: No module named 'scripts.extract'
[2026-07-30T14:45:05.626+0000] {processor.py:927} WARNING - No viable dags retrieved from /opt/airflow/dags/invoice_pipeline_dag.py
[2026-07-30T14:45:05.657+0000] {processor.py:208} INFO - Processing /opt/airflow/dags/invoice_pipeline_dag.py took 0.519 seconds
[2026-07-30T14:45:36.000+0000] {processor.py:186} INFO - Started process (PID=305) to work on /opt/airflow/dags/invoice_pipeline_dag.py
[2026-07-30T14:45:36.009+0000] {processor.py:914} INFO - Processing file /opt/airflow/dags/invoice_pipeline_dag.py for tasks to queue
[2026-07-30T14:45:36.030+0000] {logging_mixin.py:190} INFO - [2026-07-30T14:45:36.028+0000] {dagbag.py:588} INFO - Filling up the DagBag from /opt/airflow/dags/invoice_pipeline_dag.py
[2026-07-30T14:45:37.464+0000] {processor.py:925} INFO - DAG(s) 'invoice_pipeline' retrieved from /opt/airflow/dags/invoice_pipeline_dag.py
[2026-07-30T14:45:38.486+0000] {logging_mixin.py:190} INFO - [2026-07-30T14:45:38.483+0000] {override.py:1911} INFO - Created Permission View: can read on DAG:invoice_pipeline
[2026-07-30T14:45:38.530+0000] {logging_mixin.py:190} INFO - [2026-07-30T14:45:38.529+0000] {override.py:1911} INFO - Created Permission View: can delete on DAG:invoice_pipeline
[2026-07-30T14:45:38.549+0000] {logging_mixin.py:190} INFO - [2026-07-30T14:45:38.549+0000] {override.py:1911} INFO - Created Permission View: can edit on DAG:invoice_pipeline
[2026-07-30T14:45:38.571+0000] {logging_mixin.py:190} INFO - [2026-07-30T14:45:38.570+0000] {override.py:1911} INFO - Created Permission View: menu access on DAG Run:invoice_pipeline
[2026-07-30T14:45:38.593+0000] {logging_mixin.py:190} INFO - [2026-07-30T14:45:38.593+0000] {override.py:1911} INFO - Created Permission View: can read on DAG Run:invoice_pipeline
[2026-07-30T14:45:38.612+0000] {logging_mixin.py:190} INFO - [2026-07-30T14:45:38.610+0000] {override.py:1911} INFO - Created Permission View: can create on DAG Run:invoice_pipeline
[2026-07-30T14:45:38.627+0000] {logging_mixin.py:190} INFO - [2026-07-30T14:45:38.627+0000] {override.py:1911} INFO - Created Permission View: can delete on DAG Run:invoice_pipeline
[2026-07-30T14:45:38.631+0000] {logging_mixin.py:190} INFO - [2026-07-30T14:45:38.630+0000] {dag.py:3239} INFO - Sync 1 DAGs
[2026-07-30T14:45:38.702+0000] {logging_mixin.py:190} INFO - [2026-07-30T14:45:38.702+0000] {dag.py:3262} INFO - Creating ORM DAG for invoice_pipeline
[2026-07-30T14:45:38.744+0000] {logging_mixin.py:190} INFO - [2026-07-30T14:45:38.744+0000] {dag.py:4180} INFO - Setting next_dagrun for invoice_pipeline to 2026-07-29 00:00:00+00:00, run_after=2026-07-30 00:00:00+00:00
[2026-07-30T14:45:38.787+0000] {processor.py:208} INFO - Processing /opt/airflow/dags/invoice_pipeline_dag.py took 2.838 seconds
[2026-07-30T14:45:41.944+0000] {processor.py:186} INFO - Started process (PID=311) to work on /opt/airflow/dags/invoice_pipeline_dag.py
[2026-07-30T14:45:41.948+0000] {processor.py:914} INFO - Processing file /opt/airflow/dags/invoice_pipeline_dag.py for tasks to queue
[2026-07-30T14:45:41.959+0000] {logging_mixin.py:190} INFO - [2026-07-30T14:45:41.958+0000] {dagbag.py:588} INFO - Filling up the DagBag from /opt/airflow/dags/invoice_pipeline_dag.py
[2026-07-30T14:45:42.416+0000] {logging_mixin.py:190} INFO - [2026-07-30T14:45:42.408+0000] {dagbag.py:387} ERROR - Failed to import: /opt/airflow/dags/invoice_pipeline_dag.py
Traceback (most recent call last):
  File "/home/airflow/.local/lib/python3.12/site-packages/airflow/models/dagbag.py", line 383, in parse
    loader.exec_module(new_module)
  File "<frozen importlib._bootstrap_external>", line 995, in exec_module
  File "<frozen importlib._bootstrap>", line 488, in _call_with_frames_removed
  File "/opt/airflow/dags/invoice_pipeline_dag.py", line 7, in <module>
    from dags.scripts.extract import extract
ModuleNotFoundError: No module named 'dags'
[2026-07-30T14:45:42.418+0000] {processor.py:927} WARNING - No viable dags retrieved from /opt/airflow/dags/invoice_pipeline_dag.py
[2026-07-30T14:45:42.463+0000] {processor.py:208} INFO - Processing /opt/airflow/dags/invoice_pipeline_dag.py took 0.551 seconds
[2026-07-30T14:46:12.804+0000] {processor.py:186} INFO - Started process (PID=317) to work on /opt/airflow/dags/invoice_pipeline_dag.py
[2026-07-30T14:46:12.809+0000] {processor.py:914} INFO - Processing file /opt/airflow/dags/invoice_pipeline_dag.py for tasks to queue
[2026-07-30T14:46:12.822+0000] {logging_mixin.py:190} INFO - [2026-07-30T14:46:12.821+0000] {dagbag.py:588} INFO - Filling up the DagBag from /opt/airflow/dags/invoice_pipeline_dag.py
[2026-07-30T14:46:13.637+0000] {logging_mixin.py:190} INFO - [2026-07-30T14:46:13.620+0000] {dagbag.py:387} ERROR - Failed to import: /opt/airflow/dags/invoice_pipeline_dag.py
Traceback (most recent call last):
  File "/home/airflow/.local/lib/python3.12/site-packages/airflow/models/dagbag.py", line 383, in parse
    loader.exec_module(new_module)
  File "<frozen importlib._bootstrap_external>", line 995, in exec_module
  File "<frozen importlib._bootstrap>", line 488, in _call_with_frames_removed
  File "/opt/airflow/dags/invoice_pipeline_dag.py", line 7, in <module>
    from dags.scripts.extract import extract
ModuleNotFoundError: No module named 'dags'
[2026-07-30T14:46:13.639+0000] {processor.py:927} WARNING - No viable dags retrieved from /opt/airflow/dags/invoice_pipeline_dag.py
[2026-07-30T14:46:13.728+0000] {processor.py:208} INFO - Processing /opt/airflow/dags/invoice_pipeline_dag.py took 0.955 seconds
[2026-07-30T14:46:44.247+0000] {processor.py:186} INFO - Started process (PID=323) to work on /opt/airflow/dags/invoice_pipeline_dag.py
[2026-07-30T14:46:44.250+0000] {processor.py:914} INFO - Processing file /opt/airflow/dags/invoice_pipeline_dag.py for tasks to queue
[2026-07-30T14:46:44.257+0000] {logging_mixin.py:190} INFO - [2026-07-30T14:46:44.256+0000] {dagbag.py:588} INFO - Filling up the DagBag from /opt/airflow/dags/invoice_pipeline_dag.py
[2026-07-30T14:46:45.075+0000] {logging_mixin.py:190} INFO - [2026-07-30T14:46:45.066+0000] {dagbag.py:387} ERROR - Failed to import: /opt/airflow/dags/invoice_pipeline_dag.py
Traceback (most recent call last):
  File "/home/airflow/.local/lib/python3.12/site-packages/airflow/models/dagbag.py", line 383, in parse
    loader.exec_module(new_module)
  File "<frozen importlib._bootstrap_external>", line 995, in exec_module
  File "<frozen importlib._bootstrap>", line 488, in _call_with_frames_removed
  File "/opt/airflow/dags/invoice_pipeline_dag.py", line 7, in <module>
    from dags.scripts.extract import extract
ModuleNotFoundError: No module named 'dags'
[2026-07-30T14:46:45.077+0000] {processor.py:927} WARNING - No viable dags retrieved from /opt/airflow/dags/invoice_pipeline_dag.py
[2026-07-30T14:46:45.132+0000] {processor.py:208} INFO - Processing /opt/airflow/dags/invoice_pipeline_dag.py took 0.924 seconds
[2026-07-30T14:46:54.746+0000] {processor.py:186} INFO - Started process (PID=329) to work on /opt/airflow/dags/invoice_pipeline_dag.py
[2026-07-30T14:46:54.749+0000] {processor.py:914} INFO - Processing file /opt/airflow/dags/invoice_pipeline_dag.py for tasks to queue
[2026-07-30T14:46:54.752+0000] {logging_mixin.py:190} INFO - [2026-07-30T14:46:54.751+0000] {dagbag.py:588} INFO - Filling up the DagBag from /opt/airflow/dags/invoice_pipeline_dag.py
[2026-07-30T14:46:55.165+0000] {processor.py:925} INFO - DAG(s) 'invoice_pipeline' retrieved from /opt/airflow/dags/invoice_pipeline_dag.py
[2026-07-30T14:46:55.243+0000] {logging_mixin.py:190} INFO - [2026-07-30T14:46:55.242+0000] {dag.py:3239} INFO - Sync 1 DAGs
[2026-07-30T14:46:55.309+0000] {logging_mixin.py:190} INFO - [2026-07-30T14:46:55.308+0000] {dag.py:4180} INFO - Setting next_dagrun for invoice_pipeline to 2026-07-29 00:00:00+00:00, run_after=2026-07-30 00:00:00+00:00
[2026-07-30T14:46:55.349+0000] {processor.py:208} INFO - Processing /opt/airflow/dags/invoice_pipeline_dag.py took 0.609 seconds
[2026-07-30T14:47:25.627+0000] {processor.py:186} INFO - Started process (PID=343) to work on /opt/airflow/dags/invoice_pipeline_dag.py
[2026-07-30T14:47:25.630+0000] {processor.py:914} INFO - Processing file /opt/airflow/dags/invoice_pipeline_dag.py for tasks to queue
[2026-07-30T14:47:25.642+0000] {logging_mixin.py:190} INFO - [2026-07-30T14:47:25.641+0000] {dagbag.py:588} INFO - Filling up the DagBag from /opt/airflow/dags/invoice_pipeline_dag.py
[2026-07-30T14:47:26.343+0000] {processor.py:925} INFO - DAG(s) 'invoice_pipeline' retrieved from /opt/airflow/dags/invoice_pipeline_dag.py
[2026-07-30T14:47:26.397+0000] {logging_mixin.py:190} INFO - [2026-07-30T14:47:26.397+0000] {dag.py:3239} INFO - Sync 1 DAGs
[2026-07-30T14:47:26.436+0000] {logging_mixin.py:190} INFO - [2026-07-30T14:47:26.435+0000] {dag.py:4180} INFO - Setting next_dagrun for invoice_pipeline to 2026-07-30 00:00:00+00:00, run_after=2026-07-31 00:00:00+00:00
[2026-07-30T14:47:26.462+0000] {processor.py:208} INFO - Processing /opt/airflow/dags/invoice_pipeline_dag.py took 0.861 seconds
[2026-07-30T14:47:57.331+0000] {processor.py:186} INFO - Started process (PID=349) to work on /opt/airflow/dags/invoice_pipeline_dag.py
[2026-07-30T14:47:57.335+0000] {processor.py:914} INFO - Processing file /opt/airflow/dags/invoice_pipeline_dag.py for tasks to queue
[2026-07-30T14:47:57.355+0000] {logging_mixin.py:190} INFO - [2026-07-30T14:47:57.351+0000] {dagbag.py:588} INFO - Filling up the DagBag from /opt/airflow/dags/invoice_pipeline_dag.py
[2026-07-30T14:48:16.862+0000] {processor.py:925} INFO - DAG(s) 'invoice_pipeline' retrieved from /opt/airflow/dags/invoice_pipeline_dag.py
[2026-07-30T14:48:21.595+0000] {logging_mixin.py:190} INFO - [2026-07-30T14:48:21.593+0000] {dag.py:3239} INFO - Sync 1 DAGs
[2026-07-30T14:48:21.724+0000] {logging_mixin.py:190} INFO - [2026-07-30T14:48:21.723+0000] {dag.py:4180} INFO - Setting next_dagrun for invoice_pipeline to 2026-07-30 00:00:00+00:00, run_after=2026-07-31 00:00:00+00:00
[2026-07-30T14:48:21.794+0000] {processor.py:208} INFO - Processing /opt/airflow/dags/invoice_pipeline_dag.py took 24.509 seconds
[2026-07-30T14:48:52.466+0000] {processor.py:186} INFO - Started process (PID=355) to work on /opt/airflow/dags/invoice_pipeline_dag.py
[2026-07-30T14:48:52.470+0000] {processor.py:914} INFO - Processing file /opt/airflow/dags/invoice_pipeline_dag.py for tasks to queue
[2026-07-30T14:48:52.488+0000] {logging_mixin.py:190} INFO - [2026-07-30T14:48:52.485+0000] {dagbag.py:588} INFO - Filling up the DagBag from /opt/airflow/dags/invoice_pipeline_dag.py
[2026-07-30T14:48:54.152+0000] {processor.py:925} INFO - DAG(s) 'invoice_pipeline' retrieved from /opt/airflow/dags/invoice_pipeline_dag.py
[2026-07-30T14:48:54.731+0000] {logging_mixin.py:190} INFO - [2026-07-30T14:48:54.730+0000] {dag.py:3239} INFO - Sync 1 DAGs
[2026-07-30T14:48:54.877+0000] {logging_mixin.py:190} INFO - [2026-07-30T14:48:54.876+0000] {dag.py:4180} INFO - Setting next_dagrun for invoice_pipeline to 2026-07-30 00:00:00+00:00, run_after=2026-07-31 00:00:00+00:00
[2026-07-30T14:48:54.981+0000] {processor.py:208} INFO - Processing /opt/airflow/dags/invoice_pipeline_dag.py took 2.559 seconds
[2026-07-30T14:49:25.382+0000] {processor.py:186} INFO - Started process (PID=369) to work on /opt/airflow/dags/invoice_pipeline_dag.py
[2026-07-30T14:49:25.385+0000] {processor.py:914} INFO - Processing file /opt/airflow/dags/invoice_pipeline_dag.py for tasks to queue
[2026-07-30T14:49:25.395+0000] {logging_mixin.py:190} INFO - [2026-07-30T14:49:25.394+0000] {dagbag.py:588} INFO - Filling up the DagBag from /opt/airflow/dags/invoice_pipeline_dag.py
[2026-07-30T14:49:26.134+0000] {processor.py:925} INFO - DAG(s) 'invoice_pipeline' retrieved from /opt/airflow/dags/invoice_pipeline_dag.py
[2026-07-30T14:49:26.197+0000] {logging_mixin.py:190} INFO - [2026-07-30T14:49:26.196+0000] {dag.py:3239} INFO - Sync 1 DAGs
[2026-07-30T14:49:26.235+0000] {logging_mixin.py:190} INFO - [2026-07-30T14:49:26.235+0000] {dag.py:4180} INFO - Setting next_dagrun for invoice_pipeline to 2026-07-30 00:00:00+00:00, run_after=2026-07-31 00:00:00+00:00
[2026-07-30T14:49:26.262+0000] {processor.py:208} INFO - Processing /opt/airflow/dags/invoice_pipeline_dag.py took 0.901 seconds
[2026-07-30T14:49:56.582+0000] {processor.py:186} INFO - Started process (PID=375) to work on /opt/airflow/dags/invoice_pipeline_dag.py
[2026-07-30T14:49:56.584+0000] {processor.py:914} INFO - Processing file /opt/airflow/dags/invoice_pipeline_dag.py for tasks to queue
[2026-07-30T14:49:56.589+0000] {logging_mixin.py:190} INFO - [2026-07-30T14:49:56.588+0000] {dagbag.py:588} INFO - Filling up the DagBag from /opt/airflow/dags/invoice_pipeline_dag.py
[2026-07-30T14:49:56.971+0000] {processor.py:925} INFO - DAG(s) 'invoice_pipeline' retrieved from /opt/airflow/dags/invoice_pipeline_dag.py
[2026-07-30T14:49:57.002+0000] {logging_mixin.py:190} INFO - [2026-07-30T14:49:57.002+0000] {dag.py:3239} INFO - Sync 1 DAGs
[2026-07-30T14:49:57.025+0000] {logging_mixin.py:190} INFO - [2026-07-30T14:49:57.025+0000] {dag.py:4180} INFO - Setting next_dagrun for invoice_pipeline to 2026-07-30 00:00:00+00:00, run_after=2026-07-31 00:00:00+00:00
[2026-07-30T14:49:57.048+0000] {processor.py:208} INFO - Processing /opt/airflow/dags/invoice_pipeline_dag.py took 0.474 seconds
[2026-07-30T14:50:27.402+0000] {processor.py:186} INFO - Started process (PID=381) to work on /opt/airflow/dags/invoice_pipeline_dag.py
[2026-07-30T14:50:27.404+0000] {processor.py:914} INFO - Processing file /opt/airflow/dags/invoice_pipeline_dag.py for tasks to queue
[2026-07-30T14:50:27.409+0000] {logging_mixin.py:190} INFO - [2026-07-30T14:50:27.409+0000] {dagbag.py:588} INFO - Filling up the DagBag from /opt/airflow/dags/invoice_pipeline_dag.py
[2026-07-30T14:50:27.780+0000] {processor.py:925} INFO - DAG(s) 'invoice_pipeline' retrieved from /opt/airflow/dags/invoice_pipeline_dag.py
[2026-07-30T14:50:27.850+0000] {logging_mixin.py:190} INFO - [2026-07-30T14:50:27.849+0000] {dag.py:3239} INFO - Sync 1 DAGs
[2026-07-30T14:50:27.887+0000] {logging_mixin.py:190} INFO - [2026-07-30T14:50:27.887+0000] {dag.py:4180} INFO - Setting next_dagrun for invoice_pipeline to 2026-07-30 00:00:00+00:00, run_after=2026-07-31 00:00:00+00:00
[2026-07-30T14:50:27.918+0000] {processor.py:208} INFO - Processing /opt/airflow/dags/invoice_pipeline_dag.py took 0.529 seconds
[2026-07-30T14:50:58.217+0000] {processor.py:186} INFO - Started process (PID=387) to work on /opt/airflow/dags/invoice_pipeline_dag.py
[2026-07-30T14:50:58.222+0000] {processor.py:914} INFO - Processing file /opt/airflow/dags/invoice_pipeline_dag.py for tasks to queue
[2026-07-30T14:50:58.227+0000] {logging_mixin.py:190} INFO - [2026-07-30T14:50:58.227+0000] {dagbag.py:588} INFO - Filling up the DagBag from /opt/airflow/dags/invoice_pipeline_dag.py
[2026-07-30T14:50:58.708+0000] {processor.py:925} INFO - DAG(s) 'invoice_pipeline' retrieved from /opt/airflow/dags/invoice_pipeline_dag.py
[2026-07-30T14:50:58.760+0000] {logging_mixin.py:190} INFO - [2026-07-30T14:50:58.760+0000] {dag.py:3239} INFO - Sync 1 DAGs
[2026-07-30T14:50:58.804+0000] {logging_mixin.py:190} INFO - [2026-07-30T14:50:58.804+0000] {dag.py:4180} INFO - Setting next_dagrun for invoice_pipeline to 2026-07-30 00:00:00+00:00, run_after=2026-07-31 00:00:00+00:00
[2026-07-30T14:50:58.830+0000] {processor.py:208} INFO - Processing /opt/airflow/dags/invoice_pipeline_dag.py took 0.637 seconds
[2026-07-30T14:51:29.276+0000] {processor.py:186} INFO - Started process (PID=401) to work on /opt/airflow/dags/invoice_pipeline_dag.py
[2026-07-30T14:51:29.280+0000] {processor.py:914} INFO - Processing file /opt/airflow/dags/invoice_pipeline_dag.py for tasks to queue
[2026-07-30T14:51:29.295+0000] {logging_mixin.py:190} INFO - [2026-07-30T14:51:29.293+0000] {dagbag.py:588} INFO - Filling up the DagBag from /opt/airflow/dags/invoice_pipeline_dag.py
[2026-07-30T14:51:30.143+0000] {processor.py:925} INFO - DAG(s) 'invoice_pipeline' retrieved from /opt/airflow/dags/invoice_pipeline_dag.py
[2026-07-30T14:51:30.259+0000] {logging_mixin.py:190} INFO - [2026-07-30T14:51:30.258+0000] {dag.py:3239} INFO - Sync 1 DAGs
[2026-07-30T14:51:30.326+0000] {logging_mixin.py:190} INFO - [2026-07-30T14:51:30.326+0000] {dag.py:4180} INFO - Setting next_dagrun for invoice_pipeline to 2026-07-30 00:00:00+00:00, run_after=2026-07-31 00:00:00+00:00
[2026-07-30T14:51:30.365+0000] {processor.py:208} INFO - Processing /opt/airflow/dags/invoice_pipeline_dag.py took 1.122 seconds
[2026-07-30T14:52:00.781+0000] {processor.py:186} INFO - Started process (PID=407) to work on /opt/airflow/dags/invoice_pipeline_dag.py
[2026-07-30T14:52:00.787+0000] {processor.py:914} INFO - Processing file /opt/airflow/dags/invoice_pipeline_dag.py for tasks to queue
[2026-07-30T14:52:00.810+0000] {logging_mixin.py:190} INFO - [2026-07-30T14:52:00.806+0000] {dagbag.py:588} INFO - Filling up the DagBag from /opt/airflow/dags/invoice_pipeline_dag.py
[2026-07-30T14:52:02.592+0000] {processor.py:925} INFO - DAG(s) 'invoice_pipeline' retrieved from /opt/airflow/dags/invoice_pipeline_dag.py
[2026-07-30T14:52:02.778+0000] {logging_mixin.py:190} INFO - [2026-07-30T14:52:02.777+0000] {dag.py:3239} INFO - Sync 1 DAGs
[2026-07-30T14:52:02.870+0000] {logging_mixin.py:190} INFO - [2026-07-30T14:52:02.869+0000] {dag.py:4180} INFO - Setting next_dagrun for invoice_pipeline to 2026-07-30 00:00:00+00:00, run_after=2026-07-31 00:00:00+00:00
[2026-07-30T14:52:02.929+0000] {processor.py:208} INFO - Processing /opt/airflow/dags/invoice_pipeline_dag.py took 2.204 seconds
[2026-07-30T14:52:33.277+0000] {processor.py:186} INFO - Started process (PID=413) to work on /opt/airflow/dags/invoice_pipeline_dag.py
[2026-07-30T14:52:33.279+0000] {processor.py:914} INFO - Processing file /opt/airflow/dags/invoice_pipeline_dag.py for tasks to queue
[2026-07-30T14:52:33.284+0000] {logging_mixin.py:190} INFO - [2026-07-30T14:52:33.283+0000] {dagbag.py:588} INFO - Filling up the DagBag from /opt/airflow/dags/invoice_pipeline_dag.py
[2026-07-30T14:52:33.758+0000] {processor.py:925} INFO - DAG(s) 'invoice_pipeline' retrieved from /opt/airflow/dags/invoice_pipeline_dag.py
[2026-07-30T14:52:33.810+0000] {logging_mixin.py:190} INFO - [2026-07-30T14:52:33.810+0000] {dag.py:3239} INFO - Sync 1 DAGs
[2026-07-30T14:52:33.859+0000] {logging_mixin.py:190} INFO - [2026-07-30T14:52:33.859+0000] {dag.py:4180} INFO - Setting next_dagrun for invoice_pipeline to 2026-07-30 00:00:00+00:00, run_after=2026-07-31 00:00:00+00:00
[2026-07-30T14:52:33.890+0000] {processor.py:208} INFO - Processing /opt/airflow/dags/invoice_pipeline_dag.py took 0.626 seconds
[2026-07-30T14:52:44.066+0000] {processor.py:186} INFO - Started process (PID=419) to work on /opt/airflow/dags/invoice_pipeline_dag.py
[2026-07-30T14:52:44.068+0000] {processor.py:914} INFO - Processing file /opt/airflow/dags/invoice_pipeline_dag.py for tasks to queue
[2026-07-30T14:52:44.074+0000] {logging_mixin.py:190} INFO - [2026-07-30T14:52:44.072+0000] {dagbag.py:588} INFO - Filling up the DagBag from /opt/airflow/dags/invoice_pipeline_dag.py
[2026-07-30T14:52:44.621+0000] {processor.py:925} INFO - DAG(s) 'invoice_pipeline' retrieved from /opt/airflow/dags/invoice_pipeline_dag.py
[2026-07-30T14:52:45.095+0000] {logging_mixin.py:190} INFO - [2026-07-30T14:52:45.095+0000] {dag.py:3239} INFO - Sync 1 DAGs
[2026-07-30T14:52:45.146+0000] {logging_mixin.py:190} INFO - [2026-07-30T14:52:45.145+0000] {dag.py:4180} INFO - Setting next_dagrun for invoice_pipeline to 2026-07-30 00:00:00+00:00, run_after=2026-07-31 00:00:00+00:00
[2026-07-30T14:52:45.202+0000] {processor.py:208} INFO - Processing /opt/airflow/dags/invoice_pipeline_dag.py took 1.148 seconds
[2026-07-30T14:53:15.502+0000] {processor.py:186} INFO - Started process (PID=441) to work on /opt/airflow/dags/invoice_pipeline_dag.py
[2026-07-30T14:53:15.507+0000] {processor.py:914} INFO - Processing file /opt/airflow/dags/invoice_pipeline_dag.py for tasks to queue
[2026-07-30T14:53:15.518+0000] {logging_mixin.py:190} INFO - [2026-07-30T14:53:15.517+0000] {dagbag.py:588} INFO - Filling up the DagBag from /opt/airflow/dags/invoice_pipeline_dag.py
[2026-07-30T14:53:16.473+0000] {processor.py:925} INFO - DAG(s) 'invoice_pipeline' retrieved from /opt/airflow/dags/invoice_pipeline_dag.py
[2026-07-30T14:53:16.549+0000] {logging_mixin.py:190} INFO - [2026-07-30T14:53:16.548+0000] {dag.py:3239} INFO - Sync 1 DAGs
[2026-07-30T14:53:16.623+0000] {logging_mixin.py:190} INFO - [2026-07-30T14:53:16.622+0000] {dag.py:4180} INFO - Setting next_dagrun for invoice_pipeline to 2026-07-30 00:00:00+00:00, run_after=2026-07-31 00:00:00+00:00
[2026-07-30T14:53:16.661+0000] {processor.py:208} INFO - Processing /opt/airflow/dags/invoice_pipeline_dag.py took 1.184 seconds
[2026-07-30T14:53:47.008+0000] {processor.py:186} INFO - Started process (PID=463) to work on /opt/airflow/dags/invoice_pipeline_dag.py
[2026-07-30T14:53:47.011+0000] {processor.py:914} INFO - Processing file /opt/airflow/dags/invoice_pipeline_dag.py for tasks to queue
[2026-07-30T14:53:47.024+0000] {logging_mixin.py:190} INFO - [2026-07-30T14:53:47.023+0000] {dagbag.py:588} INFO - Filling up the DagBag from /opt/airflow/dags/invoice_pipeline_dag.py
[2026-07-30T14:53:47.551+0000] {processor.py:925} INFO - DAG(s) 'invoice_pipeline' retrieved from /opt/airflow/dags/invoice_pipeline_dag.py
[2026-07-30T14:53:47.600+0000] {logging_mixin.py:190} INFO - [2026-07-30T14:53:47.599+0000] {dag.py:3239} INFO - Sync 1 DAGs
[2026-07-30T14:53:47.651+0000] {logging_mixin.py:190} INFO - [2026-07-30T14:53:47.651+0000] {dag.py:4180} INFO - Setting next_dagrun for invoice_pipeline to 2026-07-30 00:00:00+00:00, run_after=2026-07-31 00:00:00+00:00
[2026-07-30T14:53:47.687+0000] {processor.py:208} INFO - Processing /opt/airflow/dags/invoice_pipeline_dag.py took 0.702 seconds
[2026-07-30T14:54:18.034+0000] {processor.py:186} INFO - Started process (PID=469) to work on /opt/airflow/dags/invoice_pipeline_dag.py
[2026-07-30T14:54:18.036+0000] {processor.py:914} INFO - Processing file /opt/airflow/dags/invoice_pipeline_dag.py for tasks to queue
[2026-07-30T14:54:18.040+0000] {logging_mixin.py:190} INFO - [2026-07-30T14:54:18.040+0000] {dagbag.py:588} INFO - Filling up the DagBag from /opt/airflow/dags/invoice_pipeline_dag.py
[2026-07-30T14:54:18.557+0000] {processor.py:925} INFO - DAG(s) 'invoice_pipeline' retrieved from /opt/airflow/dags/invoice_pipeline_dag.py
[2026-07-30T14:54:18.614+0000] {logging_mixin.py:190} INFO - [2026-07-30T14:54:18.613+0000] {dag.py:3239} INFO - Sync 1 DAGs
[2026-07-30T14:54:18.665+0000] {logging_mixin.py:190} INFO - [2026-07-30T14:54:18.664+0000] {dag.py:4180} INFO - Setting next_dagrun for invoice_pipeline to 2026-07-30 00:00:00+00:00, run_after=2026-07-31 00:00:00+00:00
[2026-07-30T14:54:18.696+0000] {processor.py:208} INFO - Processing /opt/airflow/dags/invoice_pipeline_dag.py took 0.671 seconds
[2026-07-30T14:54:49.016+0000] {processor.py:186} INFO - Started process (PID=475) to work on /opt/airflow/dags/invoice_pipeline_dag.py
[2026-07-30T14:54:49.018+0000] {processor.py:914} INFO - Processing file /opt/airflow/dags/invoice_pipeline_dag.py for tasks to queue
[2026-07-30T14:54:49.022+0000] {logging_mixin.py:190} INFO - [2026-07-30T14:54:49.021+0000] {dagbag.py:588} INFO - Filling up the DagBag from /opt/airflow/dags/invoice_pipeline_dag.py
[2026-07-30T14:54:49.468+0000] {processor.py:925} INFO - DAG(s) 'invoice_pipeline' retrieved from /opt/airflow/dags/invoice_pipeline_dag.py
[2026-07-30T14:54:49.546+0000] {logging_mixin.py:190} INFO - [2026-07-30T14:54:49.545+0000] {dag.py:3239} INFO - Sync 1 DAGs
[2026-07-30T14:54:49.590+0000] {logging_mixin.py:190} INFO - [2026-07-30T14:54:49.590+0000] {dag.py:4180} INFO - Setting next_dagrun for invoice_pipeline to 2026-07-30 00:00:00+00:00, run_after=2026-07-31 00:00:00+00:00
[2026-07-30T14:54:49.621+0000] {processor.py:208} INFO - Processing /opt/airflow/dags/invoice_pipeline_dag.py took 0.613 seconds
[2026-07-30T14:55:02.677+0000] {processor.py:186} INFO - Started process (PID=489) to work on /opt/airflow/dags/invoice_pipeline_dag.py
[2026-07-30T14:55:02.679+0000] {processor.py:914} INFO - Processing file /opt/airflow/dags/invoice_pipeline_dag.py for tasks to queue
[2026-07-30T14:55:02.684+0000] {logging_mixin.py:190} INFO - [2026-07-30T14:55:02.683+0000] {dagbag.py:588} INFO - Filling up the DagBag from /opt/airflow/dags/invoice_pipeline_dag.py
[2026-07-30T14:55:03.078+0000] {processor.py:925} INFO - DAG(s) 'invoice_pipeline' retrieved from /opt/airflow/dags/invoice_pipeline_dag.py
[2026-07-30T14:55:03.111+0000] {logging_mixin.py:190} INFO - [2026-07-30T14:55:03.110+0000] {dag.py:3239} INFO - Sync 1 DAGs
[2026-07-30T14:55:03.138+0000] {logging_mixin.py:190} INFO - [2026-07-30T14:55:03.137+0000] {dag.py:4180} INFO - Setting next_dagrun for invoice_pipeline to 2026-07-30 00:00:00+00:00, run_after=2026-07-31 00:00:00+00:00
[2026-07-30T14:55:03.162+0000] {processor.py:208} INFO - Processing /opt/airflow/dags/invoice_pipeline_dag.py took 0.508 seconds
[2026-07-30T14:55:33.484+0000] {processor.py:186} INFO - Started process (PID=495) to work on /opt/airflow/dags/invoice_pipeline_dag.py
[2026-07-30T14:55:33.485+0000] {processor.py:914} INFO - Processing file /opt/airflow/dags/invoice_pipeline_dag.py for tasks to queue
[2026-07-30T14:55:33.488+0000] {logging_mixin.py:190} INFO - [2026-07-30T14:55:33.488+0000] {dagbag.py:588} INFO - Filling up the DagBag from /opt/airflow/dags/invoice_pipeline_dag.py
[2026-07-30T14:55:33.858+0000] {processor.py:925} INFO - DAG(s) 'invoice_pipeline' retrieved from /opt/airflow/dags/invoice_pipeline_dag.py
[2026-07-30T14:55:33.891+0000] {logging_mixin.py:190} INFO - [2026-07-30T14:55:33.891+0000] {dag.py:3239} INFO - Sync 1 DAGs
[2026-07-30T14:55:33.917+0000] {logging_mixin.py:190} INFO - [2026-07-30T14:55:33.917+0000] {dag.py:4180} INFO - Setting next_dagrun for invoice_pipeline to 2026-07-30 00:00:00+00:00, run_after=2026-07-31 00:00:00+00:00
[2026-07-30T14:55:33.940+0000] {processor.py:208} INFO - Processing /opt/airflow/dags/invoice_pipeline_dag.py took 0.463 seconds
[2026-07-30T14:56:04.282+0000] {processor.py:186} INFO - Started process (PID=509) to work on /opt/airflow/dags/invoice_pipeline_dag.py
[2026-07-30T14:56:04.284+0000] {processor.py:914} INFO - Processing file /opt/airflow/dags/invoice_pipeline_dag.py for tasks to queue
[2026-07-30T14:56:04.288+0000] {logging_mixin.py:190} INFO - [2026-07-30T14:56:04.288+0000] {dagbag.py:588} INFO - Filling up the DagBag from /opt/airflow/dags/invoice_pipeline_dag.py
[2026-07-30T14:56:04.627+0000] {processor.py:925} INFO - DAG(s) 'invoice_pipeline' retrieved from /opt/airflow/dags/invoice_pipeline_dag.py
[2026-07-30T14:56:04.657+0000] {logging_mixin.py:190} INFO - [2026-07-30T14:56:04.656+0000] {dag.py:3239} INFO - Sync 1 DAGs
[2026-07-30T14:56:04.679+0000] {logging_mixin.py:190} INFO - [2026-07-30T14:56:04.679+0000] {dag.py:4180} INFO - Setting next_dagrun for invoice_pipeline to 2026-07-30 00:00:00+00:00, run_after=2026-07-31 00:00:00+00:00
[2026-07-30T14:56:04.700+0000] {processor.py:208} INFO - Processing /opt/airflow/dags/invoice_pipeline_dag.py took 0.431 seconds
[2026-07-30T14:56:35.066+0000] {processor.py:186} INFO - Started process (PID=515) to work on /opt/airflow/dags/invoice_pipeline_dag.py
[2026-07-30T14:56:35.068+0000] {processor.py:914} INFO - Processing file /opt/airflow/dags/invoice_pipeline_dag.py for tasks to queue
[2026-07-30T14:56:35.074+0000] {logging_mixin.py:190} INFO - [2026-07-30T14:56:35.073+0000] {dagbag.py:588} INFO - Filling up the DagBag from /opt/airflow/dags/invoice_pipeline_dag.py
[2026-07-30T14:56:35.479+0000] {processor.py:925} INFO - DAG(s) 'invoice_pipeline' retrieved from /opt/airflow/dags/invoice_pipeline_dag.py
[2026-07-30T14:56:35.729+0000] {logging_mixin.py:190} INFO - [2026-07-30T14:56:35.728+0000] {dag.py:3239} INFO - Sync 1 DAGs
[2026-07-30T14:56:35.747+0000] {logging_mixin.py:190} INFO - [2026-07-30T14:56:35.747+0000] {dag.py:3262} INFO - Creating ORM DAG for invoice_pipeline
[2026-07-30T14:56:35.761+0000] {logging_mixin.py:190} INFO - [2026-07-30T14:56:35.761+0000] {dag.py:4180} INFO - Setting next_dagrun for invoice_pipeline to 2026-07-29 00:00:00+00:00, run_after=2026-07-30 00:00:00+00:00
[2026-07-30T14:56:35.796+0000] {processor.py:208} INFO - Processing /opt/airflow/dags/invoice_pipeline_dag.py took 0.738 seconds
[2026-07-30T14:58:23.827+0000] {processor.py:186} INFO - Started process (PID=166) to work on /opt/airflow/dags/invoice_pipeline_dag.py
[2026-07-30T14:58:23.830+0000] {processor.py:914} INFO - Processing file /opt/airflow/dags/invoice_pipeline_dag.py for tasks to queue
[2026-07-30T14:58:23.834+0000] {logging_mixin.py:190} INFO - [2026-07-30T14:58:23.833+0000] {dagbag.py:588} INFO - Filling up the DagBag from /opt/airflow/dags/invoice_pipeline_dag.py
[2026-07-30T14:58:25.340+0000] {processor.py:925} INFO - DAG(s) 'invoice_pipeline' retrieved from /opt/airflow/dags/invoice_pipeline_dag.py
[2026-07-30T14:58:25.422+0000] {logging_mixin.py:190} INFO - [2026-07-30T14:58:25.421+0000] {dag.py:3239} INFO - Sync 1 DAGs
[2026-07-30T14:58:25.477+0000] {logging_mixin.py:190} INFO - [2026-07-30T14:58:25.476+0000] {dag.py:4180} INFO - Setting next_dagrun for invoice_pipeline to 2026-07-29 00:00:00+00:00, run_after=2026-07-30 00:00:00+00:00
[2026-07-30T14:58:25.524+0000] {processor.py:208} INFO - Processing /opt/airflow/dags/invoice_pipeline_dag.py took 1.710 seconds
[2026-07-30T14:59:03.662+0000] {processor.py:186} INFO - Started process (PID=172) to work on /opt/airflow/dags/invoice_pipeline_dag.py
[2026-07-30T14:59:05.198+0000] {processor.py:914} INFO - Processing file /opt/airflow/dags/invoice_pipeline_dag.py for tasks to queue
[2026-07-30T14:59:05.202+0000] {logging_mixin.py:190} INFO - [2026-07-30T14:59:05.202+0000] {dagbag.py:588} INFO - Filling up the DagBag from /opt/airflow/dags/invoice_pipeline_dag.py
[2026-07-30T14:59:10.084+0000] {processor.py:925} INFO - DAG(s) 'invoice_pipeline' retrieved from /opt/airflow/dags/invoice_pipeline_dag.py
[2026-07-30T14:59:10.153+0000] {logging_mixin.py:190} INFO - [2026-07-30T14:59:10.152+0000] {dag.py:3239} INFO - Sync 1 DAGs
[2026-07-30T14:59:10.187+0000] {logging_mixin.py:190} INFO - [2026-07-30T14:59:10.185+0000] {dag.py:4180} INFO - Setting next_dagrun for invoice_pipeline to 2026-07-29 00:00:00+00:00, run_after=2026-07-30 00:00:00+00:00
[2026-07-30T14:59:10.213+0000] {processor.py:208} INFO - Processing /opt/airflow/dags/invoice_pipeline_dag.py took 6.559 seconds
[2026-07-30T14:59:40.605+0000] {processor.py:186} INFO - Started process (PID=178) to work on /opt/airflow/dags/invoice_pipeline_dag.py
[2026-07-30T14:59:40.608+0000] {processor.py:914} INFO - Processing file /opt/airflow/dags/invoice_pipeline_dag.py for tasks to queue
[2026-07-30T14:59:40.626+0000] {logging_mixin.py:190} INFO - [2026-07-30T14:59:40.624+0000] {dagbag.py:588} INFO - Filling up the DagBag from /opt/airflow/dags/invoice_pipeline_dag.py
[2026-07-30T14:59:42.147+0000] {processor.py:925} INFO - DAG(s) 'invoice_pipeline' retrieved from /opt/airflow/dags/invoice_pipeline_dag.py
[2026-07-30T14:59:42.228+0000] {logging_mixin.py:190} INFO - [2026-07-30T14:59:42.227+0000] {dag.py:3239} INFO - Sync 1 DAGs
[2026-07-30T14:59:42.261+0000] {logging_mixin.py:190} INFO - [2026-07-30T14:59:42.260+0000] {dag.py:4180} INFO - Setting next_dagrun for invoice_pipeline to 2026-07-29 00:00:00+00:00, run_after=2026-07-30 00:00:00+00:00
[2026-07-30T14:59:42.316+0000] {processor.py:208} INFO - Processing /opt/airflow/dags/invoice_pipeline_dag.py took 1.731 seconds
[2026-07-30T15:00:13.194+0000] {processor.py:186} INFO - Started process (PID=184) to work on /opt/airflow/dags/invoice_pipeline_dag.py
[2026-07-30T15:00:13.210+0000] {processor.py:914} INFO - Processing file /opt/airflow/dags/invoice_pipeline_dag.py for tasks to queue
[2026-07-30T15:00:13.261+0000] {logging_mixin.py:190} INFO - [2026-07-30T15:00:13.254+0000] {dagbag.py:588} INFO - Filling up the DagBag from /opt/airflow/dags/invoice_pipeline_dag.py
[2026-07-30T15:00:16.593+0000] {processor.py:925} INFO - DAG(s) 'invoice_pipeline' retrieved from /opt/airflow/dags/invoice_pipeline_dag.py
[2026-07-30T15:00:16.769+0000] {logging_mixin.py:190} INFO - [2026-07-30T15:00:16.765+0000] {dag.py:3239} INFO - Sync 1 DAGs
[2026-07-30T15:00:16.837+0000] {logging_mixin.py:190} INFO - [2026-07-30T15:00:16.836+0000] {dag.py:4180} INFO - Setting next_dagrun for invoice_pipeline to 2026-07-29 00:00:00+00:00, run_after=2026-07-30 00:00:00+00:00
[2026-07-30T15:00:16.892+0000] {processor.py:208} INFO - Processing /opt/airflow/dags/invoice_pipeline_dag.py took 3.828 seconds
[2026-07-30T15:00:47.431+0000] {processor.py:186} INFO - Started process (PID=190) to work on /opt/airflow/dags/invoice_pipeline_dag.py
[2026-07-30T15:00:47.440+0000] {processor.py:914} INFO - Processing file /opt/airflow/dags/invoice_pipeline_dag.py for tasks to queue
[2026-07-30T15:00:47.458+0000] {logging_mixin.py:190} INFO - [2026-07-30T15:00:47.456+0000] {dagbag.py:588} INFO - Filling up the DagBag from /opt/airflow/dags/invoice_pipeline_dag.py
[2026-07-30T15:00:50.356+0000] {processor.py:925} INFO - DAG(s) 'invoice_pipeline' retrieved from /opt/airflow/dags/invoice_pipeline_dag.py
[2026-07-30T15:00:50.492+0000] {logging_mixin.py:190} INFO - [2026-07-30T15:00:50.491+0000] {dag.py:3239} INFO - Sync 1 DAGs
[2026-07-30T15:00:50.545+0000] {logging_mixin.py:190} INFO - [2026-07-30T15:00:50.545+0000] {dag.py:4180} INFO - Setting next_dagrun for invoice_pipeline to 2026-07-29 00:00:00+00:00, run_after=2026-07-30 00:00:00+00:00
[2026-07-30T15:00:50.590+0000] {processor.py:208} INFO - Processing /opt/airflow/dags/invoice_pipeline_dag.py took 3.206 seconds
[2026-07-30T15:01:20.924+0000] {processor.py:186} INFO - Started process (PID=196) to work on /opt/airflow/dags/invoice_pipeline_dag.py
[2026-07-30T15:01:20.932+0000] {processor.py:914} INFO - Processing file /opt/airflow/dags/invoice_pipeline_dag.py for tasks to queue
[2026-07-30T15:01:20.952+0000] {logging_mixin.py:190} INFO - [2026-07-30T15:01:20.949+0000] {dagbag.py:588} INFO - Filling up the DagBag from /opt/airflow/dags/invoice_pipeline_dag.py
[2026-07-30T15:01:24.030+0000] {processor.py:925} INFO - DAG(s) 'invoice_pipeline' retrieved from /opt/airflow/dags/invoice_pipeline_dag.py
[2026-07-30T15:01:24.144+0000] {logging_mixin.py:190} INFO - [2026-07-30T15:01:24.143+0000] {dag.py:3239} INFO - Sync 1 DAGs
[2026-07-30T15:01:24.186+0000] {logging_mixin.py:190} INFO - [2026-07-30T15:01:24.186+0000] {dag.py:4180} INFO - Setting next_dagrun for invoice_pipeline to 2026-07-29 00:00:00+00:00, run_after=2026-07-30 00:00:00+00:00
[2026-07-30T15:01:24.218+0000] {processor.py:208} INFO - Processing /opt/airflow/dags/invoice_pipeline_dag.py took 3.344 seconds
[2026-07-30T15:01:54.425+0000] {processor.py:186} INFO - Started process (PID=202) to work on /opt/airflow/dags/invoice_pipeline_dag.py
[2026-07-30T15:01:54.430+0000] {processor.py:914} INFO - Processing file /opt/airflow/dags/invoice_pipeline_dag.py for tasks to queue
[2026-07-30T15:01:54.435+0000] {logging_mixin.py:190} INFO - [2026-07-30T15:01:54.434+0000] {dagbag.py:588} INFO - Filling up the DagBag from /opt/airflow/dags/invoice_pipeline_dag.py
[2026-07-30T15:01:55.497+0000] {processor.py:925} INFO - DAG(s) 'invoice_pipeline' retrieved from /opt/airflow/dags/invoice_pipeline_dag.py
[2026-07-30T15:01:55.544+0000] {logging_mixin.py:190} INFO - [2026-07-30T15:01:55.543+0000] {dag.py:3239} INFO - Sync 1 DAGs
[2026-07-30T15:01:55.585+0000] {logging_mixin.py:190} INFO - [2026-07-30T15:01:55.585+0000] {dag.py:4180} INFO - Setting next_dagrun for invoice_pipeline to 2026-07-29 00:00:00+00:00, run_after=2026-07-30 00:00:00+00:00
[2026-07-30T15:01:55.611+0000] {processor.py:208} INFO - Processing /opt/airflow/dags/invoice_pipeline_dag.py took 1.201 seconds
[2026-07-30T15:02:25.834+0000] {processor.py:186} INFO - Started process (PID=208) to work on /opt/airflow/dags/invoice_pipeline_dag.py
[2026-07-30T15:02:25.837+0000] {processor.py:914} INFO - Processing file /opt/airflow/dags/invoice_pipeline_dag.py for tasks to queue
[2026-07-30T15:02:25.846+0000] {logging_mixin.py:190} INFO - [2026-07-30T15:02:25.845+0000] {dagbag.py:588} INFO - Filling up the DagBag from /opt/airflow/dags/invoice_pipeline_dag.py
[2026-07-30T15:02:26.435+0000] {processor.py:925} INFO - DAG(s) 'invoice_pipeline' retrieved from /opt/airflow/dags/invoice_pipeline_dag.py
[2026-07-30T15:02:26.471+0000] {logging_mixin.py:190} INFO - [2026-07-30T15:02:26.470+0000] {dag.py:3239} INFO - Sync 1 DAGs
[2026-07-30T15:02:26.498+0000] {logging_mixin.py:190} INFO - [2026-07-30T15:02:26.497+0000] {dag.py:4180} INFO - Setting next_dagrun for invoice_pipeline to 2026-07-29 00:00:00+00:00, run_after=2026-07-30 00:00:00+00:00
[2026-07-30T15:02:26.519+0000] {processor.py:208} INFO - Processing /opt/airflow/dags/invoice_pipeline_dag.py took 0.707 seconds
[2026-07-30T15:02:56.993+0000] {processor.py:186} INFO - Started process (PID=214) to work on /opt/airflow/dags/invoice_pipeline_dag.py
[2026-07-30T15:02:57.003+0000] {processor.py:914} INFO - Processing file /opt/airflow/dags/invoice_pipeline_dag.py for tasks to queue
[2026-07-30T15:02:57.033+0000] {logging_mixin.py:190} INFO - [2026-07-30T15:02:57.031+0000] {dagbag.py:588} INFO - Filling up the DagBag from /opt/airflow/dags/invoice_pipeline_dag.py
[2026-07-30T15:02:58.121+0000] {processor.py:925} INFO - DAG(s) 'invoice_pipeline' retrieved from /opt/airflow/dags/invoice_pipeline_dag.py
[2026-07-30T15:02:58.168+0000] {logging_mixin.py:190} INFO - [2026-07-30T15:02:58.168+0000] {dag.py:3239} INFO - Sync 1 DAGs
[2026-07-30T15:02:58.206+0000] {logging_mixin.py:190} INFO - [2026-07-30T15:02:58.205+0000] {dag.py:4180} INFO - Setting next_dagrun for invoice_pipeline to 2026-07-29 00:00:00+00:00, run_after=2026-07-30 00:00:00+00:00
[2026-07-30T15:02:58.224+0000] {processor.py:208} INFO - Processing /opt/airflow/dags/invoice_pipeline_dag.py took 1.296 seconds
[2026-07-30T15:03:28.655+0000] {processor.py:186} INFO - Started process (PID=220) to work on /opt/airflow/dags/invoice_pipeline_dag.py
[2026-07-30T15:03:28.657+0000] {processor.py:914} INFO - Processing file /opt/airflow/dags/invoice_pipeline_dag.py for tasks to queue
[2026-07-30T15:03:28.662+0000] {logging_mixin.py:190} INFO - [2026-07-30T15:03:28.661+0000] {dagbag.py:588} INFO - Filling up the DagBag from /opt/airflow/dags/invoice_pipeline_dag.py
[2026-07-30T15:03:29.488+0000] {processor.py:925} INFO - DAG(s) 'invoice_pipeline' retrieved from /opt/airflow/dags/invoice_pipeline_dag.py
[2026-07-30T15:03:29.531+0000] {logging_mixin.py:190} INFO - [2026-07-30T15:03:29.530+0000] {dag.py:3239} INFO - Sync 1 DAGs
[2026-07-30T15:03:29.558+0000] {logging_mixin.py:190} INFO - [2026-07-30T15:03:29.557+0000] {dag.py:4180} INFO - Setting next_dagrun for invoice_pipeline to 2026-07-29 00:00:00+00:00, run_after=2026-07-30 00:00:00+00:00
[2026-07-30T15:03:29.584+0000] {processor.py:208} INFO - Processing /opt/airflow/dags/invoice_pipeline_dag.py took 0.936 seconds
[2026-07-30T15:03:59.942+0000] {processor.py:186} INFO - Started process (PID=226) to work on /opt/airflow/dags/invoice_pipeline_dag.py
[2026-07-30T15:03:59.944+0000] {processor.py:914} INFO - Processing file /opt/airflow/dags/invoice_pipeline_dag.py for tasks to queue
[2026-07-30T15:03:59.949+0000] {logging_mixin.py:190} INFO - [2026-07-30T15:03:59.948+0000] {dagbag.py:588} INFO - Filling up the DagBag from /opt/airflow/dags/invoice_pipeline_dag.py
[2026-07-30T15:04:00.562+0000] {processor.py:925} INFO - DAG(s) 'invoice_pipeline' retrieved from /opt/airflow/dags/invoice_pipeline_dag.py
[2026-07-30T15:04:00.606+0000] {logging_mixin.py:190} INFO - [2026-07-30T15:04:00.605+0000] {dag.py:3239} INFO - Sync 1 DAGs
[2026-07-30T15:04:00.637+0000] {logging_mixin.py:190} INFO - [2026-07-30T15:04:00.637+0000] {dag.py:4180} INFO - Setting next_dagrun for invoice_pipeline to 2026-07-29 00:00:00+00:00, run_after=2026-07-30 00:00:00+00:00
[2026-07-30T15:04:00.679+0000] {processor.py:208} INFO - Processing /opt/airflow/dags/invoice_pipeline_dag.py took 0.762 seconds
[2026-07-30T15:04:31.017+0000] {processor.py:186} INFO - Started process (PID=232) to work on /opt/airflow/dags/invoice_pipeline_dag.py
[2026-07-30T15:04:31.018+0000] {processor.py:914} INFO - Processing file /opt/airflow/dags/invoice_pipeline_dag.py for tasks to queue
[2026-07-30T15:04:31.021+0000] {logging_mixin.py:190} INFO - [2026-07-30T15:04:31.020+0000] {dagbag.py:588} INFO - Filling up the DagBag from /opt/airflow/dags/invoice_pipeline_dag.py
[2026-07-30T15:04:31.595+0000] {processor.py:925} INFO - DAG(s) 'invoice_pipeline' retrieved from /opt/airflow/dags/invoice_pipeline_dag.py
[2026-07-30T15:04:31.627+0000] {logging_mixin.py:190} INFO - [2026-07-30T15:04:31.626+0000] {dag.py:3239} INFO - Sync 1 DAGs
[2026-07-30T15:04:31.654+0000] {logging_mixin.py:190} INFO - [2026-07-30T15:04:31.654+0000] {dag.py:4180} INFO - Setting next_dagrun for invoice_pipeline to 2026-07-29 00:00:00+00:00, run_after=2026-07-30 00:00:00+00:00
[2026-07-30T15:04:31.680+0000] {processor.py:208} INFO - Processing /opt/airflow/dags/invoice_pipeline_dag.py took 0.669 seconds
[2026-07-30T15:05:02.002+0000] {processor.py:186} INFO - Started process (PID=238) to work on /opt/airflow/dags/invoice_pipeline_dag.py
[2026-07-30T15:05:02.005+0000] {processor.py:914} INFO - Processing file /opt/airflow/dags/invoice_pipeline_dag.py for tasks to queue
[2026-07-30T15:05:02.011+0000] {logging_mixin.py:190} INFO - [2026-07-30T15:05:02.010+0000] {dagbag.py:588} INFO - Filling up the DagBag from /opt/airflow/dags/invoice_pipeline_dag.py
[2026-07-30T15:05:02.579+0000] {processor.py:925} INFO - DAG(s) 'invoice_pipeline' retrieved from /opt/airflow/dags/invoice_pipeline_dag.py
[2026-07-30T15:05:02.613+0000] {logging_mixin.py:190} INFO - [2026-07-30T15:05:02.613+0000] {dag.py:3239} INFO - Sync 1 DAGs
[2026-07-30T15:05:02.636+0000] {logging_mixin.py:190} INFO - [2026-07-30T15:05:02.636+0000] {dag.py:4180} INFO - Setting next_dagrun for invoice_pipeline to 2026-07-29 00:00:00+00:00, run_after=2026-07-30 00:00:00+00:00
[2026-07-30T15:05:02.656+0000] {processor.py:208} INFO - Processing /opt/airflow/dags/invoice_pipeline_dag.py took 0.671 seconds
[2026-07-30T15:05:32.993+0000] {processor.py:186} INFO - Started process (PID=244) to work on /opt/airflow/dags/invoice_pipeline_dag.py
[2026-07-30T15:05:32.997+0000] {processor.py:914} INFO - Processing file /opt/airflow/dags/invoice_pipeline_dag.py for tasks to queue
[2026-07-30T15:05:33.009+0000] {logging_mixin.py:190} INFO - [2026-07-30T15:05:33.008+0000] {dagbag.py:588} INFO - Filling up the DagBag from /opt/airflow/dags/invoice_pipeline_dag.py
[2026-07-30T15:05:34.098+0000] {processor.py:925} INFO - DAG(s) 'invoice_pipeline' retrieved from /opt/airflow/dags/invoice_pipeline_dag.py
[2026-07-30T15:05:34.137+0000] {logging_mixin.py:190} INFO - [2026-07-30T15:05:34.136+0000] {dag.py:3239} INFO - Sync 1 DAGs
[2026-07-30T15:05:34.165+0000] {logging_mixin.py:190} INFO - [2026-07-30T15:05:34.164+0000] {dag.py:4180} INFO - Setting next_dagrun for invoice_pipeline to 2026-07-29 00:00:00+00:00, run_after=2026-07-30 00:00:00+00:00
[2026-07-30T15:05:34.190+0000] {processor.py:208} INFO - Processing /opt/airflow/dags/invoice_pipeline_dag.py took 1.207 seconds
[2026-07-30T15:06:04.386+0000] {processor.py:186} INFO - Started process (PID=250) to work on /opt/airflow/dags/invoice_pipeline_dag.py
[2026-07-30T15:06:04.395+0000] {processor.py:914} INFO - Processing file /opt/airflow/dags/invoice_pipeline_dag.py for tasks to queue
[2026-07-30T15:06:04.414+0000] {logging_mixin.py:190} INFO - [2026-07-30T15:06:04.411+0000] {dagbag.py:588} INFO - Filling up the DagBag from /opt/airflow/dags/invoice_pipeline_dag.py
[2026-07-30T15:06:06.343+0000] {processor.py:925} INFO - DAG(s) 'invoice_pipeline' retrieved from /opt/airflow/dags/invoice_pipeline_dag.py
[2026-07-30T15:06:06.434+0000] {logging_mixin.py:190} INFO - [2026-07-30T15:06:06.433+0000] {dag.py:3239} INFO - Sync 1 DAGs
[2026-07-30T15:06:06.464+0000] {logging_mixin.py:190} INFO - [2026-07-30T15:06:06.463+0000] {dag.py:4180} INFO - Setting next_dagrun for invoice_pipeline to 2026-07-29 00:00:00+00:00, run_after=2026-07-30 00:00:00+00:00
[2026-07-30T15:06:06.486+0000] {processor.py:208} INFO - Processing /opt/airflow/dags/invoice_pipeline_dag.py took 2.147 seconds
[2026-07-30T15:06:36.827+0000] {processor.py:186} INFO - Started process (PID=256) to work on /opt/airflow/dags/invoice_pipeline_dag.py
[2026-07-30T15:06:36.829+0000] {processor.py:914} INFO - Processing file /opt/airflow/dags/invoice_pipeline_dag.py for tasks to queue
[2026-07-30T15:06:36.837+0000] {logging_mixin.py:190} INFO - [2026-07-30T15:06:36.835+0000] {dagbag.py:588} INFO - Filling up the DagBag from /opt/airflow/dags/invoice_pipeline_dag.py
[2026-07-30T15:06:37.742+0000] {processor.py:925} INFO - DAG(s) 'invoice_pipeline' retrieved from /opt/airflow/dags/invoice_pipeline_dag.py
[2026-07-30T15:06:37.848+0000] {logging_mixin.py:190} INFO - [2026-07-30T15:06:37.846+0000] {dag.py:3239} INFO - Sync 1 DAGs
[2026-07-30T15:06:37.887+0000] {logging_mixin.py:190} INFO - [2026-07-30T15:06:37.887+0000] {dag.py:4180} INFO - Setting next_dagrun for invoice_pipeline to 2026-07-29 00:00:00+00:00, run_after=2026-07-30 00:00:00+00:00
[2026-07-30T15:06:37.914+0000] {processor.py:208} INFO - Processing /opt/airflow/dags/invoice_pipeline_dag.py took 1.102 seconds
[2026-07-30T15:07:08.070+0000] {processor.py:186} INFO - Started process (PID=262) to work on /opt/airflow/dags/invoice_pipeline_dag.py
[2026-07-30T15:07:08.074+0000] {processor.py:914} INFO - Processing file /opt/airflow/dags/invoice_pipeline_dag.py for tasks to queue
[2026-07-30T15:07:08.083+0000] {logging_mixin.py:190} INFO - [2026-07-30T15:07:08.081+0000] {dagbag.py:588} INFO - Filling up the DagBag from /opt/airflow/dags/invoice_pipeline_dag.py
[2026-07-30T15:07:08.465+0000] {processor.py:925} INFO - DAG(s) 'invoice_pipeline' retrieved from /opt/airflow/dags/invoice_pipeline_dag.py
[2026-07-30T15:07:08.495+0000] {logging_mixin.py:190} INFO - [2026-07-30T15:07:08.494+0000] {dag.py:3239} INFO - Sync 1 DAGs
[2026-07-30T15:07:08.517+0000] {logging_mixin.py:190} INFO - [2026-07-30T15:07:08.517+0000] {dag.py:4180} INFO - Setting next_dagrun for invoice_pipeline to 2026-07-29 00:00:00+00:00, run_after=2026-07-30 00:00:00+00:00
[2026-07-30T15:07:08.542+0000] {processor.py:208} INFO - Processing /opt/airflow/dags/invoice_pipeline_dag.py took 0.482 seconds
[2026-07-30T15:07:38.878+0000] {processor.py:186} INFO - Started process (PID=268) to work on /opt/airflow/dags/invoice_pipeline_dag.py
[2026-07-30T15:07:38.881+0000] {processor.py:914} INFO - Processing file /opt/airflow/dags/invoice_pipeline_dag.py for tasks to queue
[2026-07-30T15:07:38.888+0000] {logging_mixin.py:190} INFO - [2026-07-30T15:07:38.886+0000] {dagbag.py:588} INFO - Filling up the DagBag from /opt/airflow/dags/invoice_pipeline_dag.py
[2026-07-30T15:07:39.609+0000] {processor.py:925} INFO - DAG(s) 'invoice_pipeline' retrieved from /opt/airflow/dags/invoice_pipeline_dag.py
[2026-07-30T15:07:39.666+0000] {logging_mixin.py:190} INFO - [2026-07-30T15:07:39.665+0000] {dag.py:3239} INFO - Sync 1 DAGs
[2026-07-30T15:07:39.745+0000] {logging_mixin.py:190} INFO - [2026-07-30T15:07:39.745+0000] {dag.py:4180} INFO - Setting next_dagrun for invoice_pipeline to 2026-07-29 00:00:00+00:00, run_after=2026-07-30 00:00:00+00:00
[2026-07-30T15:07:39.811+0000] {processor.py:208} INFO - Processing /opt/airflow/dags/invoice_pipeline_dag.py took 0.942 seconds
[2026-07-30T15:07:47.610+0000] {processor.py:186} INFO - Started process (PID=274) to work on /opt/airflow/dags/invoice_pipeline_dag.py
[2026-07-30T15:07:47.617+0000] {processor.py:914} INFO - Processing file /opt/airflow/dags/invoice_pipeline_dag.py for tasks to queue
[2026-07-30T15:07:47.622+0000] {logging_mixin.py:190} INFO - [2026-07-30T15:07:47.621+0000] {dagbag.py:588} INFO - Filling up the DagBag from /opt/airflow/dags/invoice_pipeline_dag.py
[2026-07-30T15:07:48.040+0000] {processor.py:925} INFO - DAG(s) 'invoice_pipeline' retrieved from /opt/airflow/dags/invoice_pipeline_dag.py
[2026-07-30T15:07:48.081+0000] {logging_mixin.py:190} INFO - [2026-07-30T15:07:48.080+0000] {dag.py:3239} INFO - Sync 1 DAGs
[2026-07-30T15:07:48.113+0000] {logging_mixin.py:190} INFO - [2026-07-30T15:07:48.113+0000] {dag.py:4180} INFO - Setting next_dagrun for invoice_pipeline to 2026-07-29 00:00:00+00:00, run_after=2026-07-30 00:00:00+00:00
[2026-07-30T15:07:48.150+0000] {processor.py:208} INFO - Processing /opt/airflow/dags/invoice_pipeline_dag.py took 0.565 seconds
[2026-07-30T15:08:25.521+0000] {processor.py:186} INFO - Started process (PID=166) to work on /opt/airflow/dags/invoice_pipeline_dag.py
[2026-07-30T15:08:25.523+0000] {processor.py:914} INFO - Processing file /opt/airflow/dags/invoice_pipeline_dag.py for tasks to queue
[2026-07-30T15:08:25.529+0000] {logging_mixin.py:190} INFO - [2026-07-30T15:08:25.528+0000] {dagbag.py:588} INFO - Filling up the DagBag from /opt/airflow/dags/invoice_pipeline_dag.py
[2026-07-30T15:08:26.812+0000] {processor.py:925} INFO - DAG(s) 'invoice_pipeline' retrieved from /opt/airflow/dags/invoice_pipeline_dag.py
[2026-07-30T15:08:26.862+0000] {logging_mixin.py:190} INFO - [2026-07-30T15:08:26.861+0000] {dag.py:3239} INFO - Sync 1 DAGs
[2026-07-30T15:08:26.899+0000] {logging_mixin.py:190} INFO - [2026-07-30T15:08:26.899+0000] {dag.py:4180} INFO - Setting next_dagrun for invoice_pipeline to 2026-07-29 00:00:00+00:00, run_after=2026-07-30 00:00:00+00:00
[2026-07-30T15:08:26.928+0000] {processor.py:208} INFO - Processing /opt/airflow/dags/invoice_pipeline_dag.py took 1.416 seconds
[2026-07-30T15:08:57.716+0000] {processor.py:186} INFO - Started process (PID=172) to work on /opt/airflow/dags/invoice_pipeline_dag.py
[2026-07-30T15:08:57.720+0000] {processor.py:914} INFO - Processing file /opt/airflow/dags/invoice_pipeline_dag.py for tasks to queue
[2026-07-30T15:08:57.738+0000] {logging_mixin.py:190} INFO - [2026-07-30T15:08:57.736+0000] {dagbag.py:588} INFO - Filling up the DagBag from /opt/airflow/dags/invoice_pipeline_dag.py
[2026-07-30T15:08:59.725+0000] {processor.py:925} INFO - DAG(s) 'invoice_pipeline' retrieved from /opt/airflow/dags/invoice_pipeline_dag.py
[2026-07-30T15:08:59.852+0000] {logging_mixin.py:190} INFO - [2026-07-30T15:08:59.851+0000] {dag.py:3239} INFO - Sync 1 DAGs
[2026-07-30T15:08:59.903+0000] {logging_mixin.py:190} INFO - [2026-07-30T15:08:59.902+0000] {dag.py:4180} INFO - Setting next_dagrun for invoice_pipeline to 2026-07-29 00:00:00+00:00, run_after=2026-07-30 00:00:00+00:00
[2026-07-30T15:09:00.012+0000] {processor.py:208} INFO - Processing /opt/airflow/dags/invoice_pipeline_dag.py took 2.326 seconds
[2026-07-30T15:09:24.340+0000] {processor.py:186} INFO - Started process (PID=178) to work on /opt/airflow/dags/invoice_pipeline_dag.py
[2026-07-30T15:09:24.343+0000] {processor.py:914} INFO - Processing file /opt/airflow/dags/invoice_pipeline_dag.py for tasks to queue
[2026-07-30T15:09:24.350+0000] {logging_mixin.py:190} INFO - [2026-07-30T15:09:24.349+0000] {dagbag.py:588} INFO - Filling up the DagBag from /opt/airflow/dags/invoice_pipeline_dag.py
[2026-07-30T15:09:25.178+0000] {processor.py:925} INFO - DAG(s) 'invoice_DATA_pipeline' retrieved from /opt/airflow/dags/invoice_pipeline_dag.py
[2026-07-30T15:09:25.417+0000] {logging_mixin.py:190} INFO - [2026-07-30T15:09:25.416+0000] {override.py:1911} INFO - Created Permission View: can delete on DAG:invoice_DATA_pipeline
[2026-07-30T15:09:25.431+0000] {logging_mixin.py:190} INFO - [2026-07-30T15:09:25.431+0000] {override.py:1911} INFO - Created Permission View: can edit on DAG:invoice_DATA_pipeline
[2026-07-30T15:09:25.441+0000] {logging_mixin.py:190} INFO - [2026-07-30T15:09:25.440+0000] {override.py:1911} INFO - Created Permission View: can read on DAG:invoice_DATA_pipeline
[2026-07-30T15:09:25.452+0000] {logging_mixin.py:190} INFO - [2026-07-30T15:09:25.452+0000] {override.py:1911} INFO - Created Permission View: can create on DAG Run:invoice_DATA_pipeline
[2026-07-30T15:09:25.461+0000] {logging_mixin.py:190} INFO - [2026-07-30T15:09:25.461+0000] {override.py:1911} INFO - Created Permission View: menu access on DAG Run:invoice_DATA_pipeline
[2026-07-30T15:09:25.469+0000] {logging_mixin.py:190} INFO - [2026-07-30T15:09:25.468+0000] {override.py:1911} INFO - Created Permission View: can delete on DAG Run:invoice_DATA_pipeline
[2026-07-30T15:09:25.477+0000] {logging_mixin.py:190} INFO - [2026-07-30T15:09:25.477+0000] {override.py:1911} INFO - Created Permission View: can read on DAG Run:invoice_DATA_pipeline
[2026-07-30T15:09:25.478+0000] {logging_mixin.py:190} INFO - [2026-07-30T15:09:25.478+0000] {dag.py:3239} INFO - Sync 1 DAGs
[2026-07-30T15:09:25.490+0000] {logging_mixin.py:190} INFO - [2026-07-30T15:09:25.489+0000] {dag.py:3262} INFO - Creating ORM DAG for invoice_DATA_pipeline
[2026-07-30T15:09:25.500+0000] {logging_mixin.py:190} INFO - [2026-07-30T15:09:25.500+0000] {dag.py:4180} INFO - Setting next_dagrun for invoice_DATA_pipeline to 2026-07-29 00:00:00+00:00, run_after=2026-07-30 00:00:00+00:00
[2026-07-30T15:09:25.522+0000] {processor.py:208} INFO - Processing /opt/airflow/dags/invoice_pipeline_dag.py took 1.194 seconds
[2026-07-30T15:09:31.946+0000] {processor.py:186} INFO - Started process (PID=184) to work on /opt/airflow/dags/invoice_pipeline_dag.py
[2026-07-30T15:09:31.949+0000] {processor.py:914} INFO - Processing file /opt/airflow/dags/invoice_pipeline_dag.py for tasks to queue
[2026-07-30T15:09:31.952+0000] {logging_mixin.py:190} INFO - [2026-07-30T15:09:31.952+0000] {dagbag.py:588} INFO - Filling up the DagBag from /opt/airflow/dags/invoice_pipeline_dag.py
[2026-07-30T15:09:32.516+0000] {processor.py:925} INFO - DAG(s) 'invoice_data_pipeline' retrieved from /opt/airflow/dags/invoice_pipeline_dag.py
[2026-07-30T15:09:32.615+0000] {logging_mixin.py:190} INFO - [2026-07-30T15:09:32.614+0000] {override.py:1911} INFO - Created Permission View: can delete on DAG:invoice_data_pipeline
[2026-07-30T15:09:32.626+0000] {logging_mixin.py:190} INFO - [2026-07-30T15:09:32.626+0000] {override.py:1911} INFO - Created Permission View: can edit on DAG:invoice_data_pipeline
[2026-07-30T15:09:32.634+0000] {logging_mixin.py:190} INFO - [2026-07-30T15:09:32.633+0000] {override.py:1911} INFO - Created Permission View: can read on DAG:invoice_data_pipeline
[2026-07-30T15:09:32.644+0000] {logging_mixin.py:190} INFO - [2026-07-30T15:09:32.643+0000] {override.py:1911} INFO - Created Permission View: can create on DAG Run:invoice_data_pipeline
[2026-07-30T15:09:32.651+0000] {logging_mixin.py:190} INFO - [2026-07-30T15:09:32.651+0000] {override.py:1911} INFO - Created Permission View: menu access on DAG Run:invoice_data_pipeline
[2026-07-30T15:09:32.660+0000] {logging_mixin.py:190} INFO - [2026-07-30T15:09:32.659+0000] {override.py:1911} INFO - Created Permission View: can delete on DAG Run:invoice_data_pipeline
[2026-07-30T15:09:32.667+0000] {logging_mixin.py:190} INFO - [2026-07-30T15:09:32.667+0000] {override.py:1911} INFO - Created Permission View: can read on DAG Run:invoice_data_pipeline
[2026-07-30T15:09:32.669+0000] {logging_mixin.py:190} INFO - [2026-07-30T15:09:32.668+0000] {dag.py:3239} INFO - Sync 1 DAGs
[2026-07-30T15:09:32.679+0000] {logging_mixin.py:190} INFO - [2026-07-30T15:09:32.678+0000] {dag.py:3262} INFO - Creating ORM DAG for invoice_data_pipeline
[2026-07-30T15:09:32.687+0000] {logging_mixin.py:190} INFO - [2026-07-30T15:09:32.687+0000] {dag.py:4180} INFO - Setting next_dagrun for invoice_data_pipeline to 2026-07-29 00:00:00+00:00, run_after=2026-07-30 00:00:00+00:00
[2026-07-30T15:09:32.717+0000] {processor.py:208} INFO - Processing /opt/airflow/dags/invoice_pipeline_dag.py took 0.778 seconds
[2026-07-30T15:10:26.657+0000] {processor.py:186} INFO - Started process (PID=190) to work on /opt/airflow/dags/invoice_pipeline_dag.py
[2026-07-30T15:10:26.708+0000] {processor.py:914} INFO - Processing file /opt/airflow/dags/invoice_pipeline_dag.py for tasks to queue
[2026-07-30T15:10:26.814+0000] {logging_mixin.py:190} INFO - [2026-07-30T15:10:26.810+0000] {dagbag.py:588} INFO - Filling up the DagBag from /opt/airflow/dags/invoice_pipeline_dag.py
[2026-07-30T15:10:29.505+0000] {processor.py:925} INFO - DAG(s) 'invoice_data_pipeline' retrieved from /opt/airflow/dags/invoice_pipeline_dag.py
[2026-07-30T15:10:29.558+0000] {logging_mixin.py:190} INFO - [2026-07-30T15:10:29.557+0000] {dag.py:3239} INFO - Sync 1 DAGs
[2026-07-30T15:10:29.580+0000] {logging_mixin.py:190} INFO - [2026-07-30T15:10:29.579+0000] {dag.py:4180} INFO - Setting next_dagrun for invoice_data_pipeline to 2026-07-29 00:00:00+00:00, run_after=2026-07-30 00:00:00+00:00
[2026-07-30T15:10:29.604+0000] {processor.py:208} INFO - Processing /opt/airflow/dags/invoice_pipeline_dag.py took 3.047 seconds
[2026-07-30T15:11:15.209+0000] {processor.py:186} INFO - Started process (PID=167) to work on /opt/airflow/dags/invoice_pipeline_dag.py
[2026-07-30T15:11:15.215+0000] {processor.py:914} INFO - Processing file /opt/airflow/dags/invoice_pipeline_dag.py for tasks to queue
[2026-07-30T15:11:15.230+0000] {logging_mixin.py:190} INFO - [2026-07-30T15:11:15.229+0000] {dagbag.py:588} INFO - Filling up the DagBag from /opt/airflow/dags/invoice_pipeline_dag.py
[2026-07-30T15:11:16.946+0000] {processor.py:925} INFO - DAG(s) 'invoice_data_pipeline' retrieved from /opt/airflow/dags/invoice_pipeline_dag.py
[2026-07-30T15:11:16.998+0000] {logging_mixin.py:190} INFO - [2026-07-30T15:11:16.997+0000] {dag.py:3239} INFO - Sync 1 DAGs
[2026-07-30T15:11:17.034+0000] {logging_mixin.py:190} INFO - [2026-07-30T15:11:17.034+0000] {dag.py:4180} INFO - Setting next_dagrun for invoice_data_pipeline to 2026-07-29 00:00:00+00:00, run_after=2026-07-30 00:00:00+00:00
[2026-07-30T15:11:17.062+0000] {processor.py:208} INFO - Processing /opt/airflow/dags/invoice_pipeline_dag.py took 1.893 seconds
[2026-07-30T15:11:47.830+0000] {processor.py:186} INFO - Started process (PID=173) to work on /opt/airflow/dags/invoice_pipeline_dag.py
[2026-07-30T15:11:47.834+0000] {processor.py:914} INFO - Processing file /opt/airflow/dags/invoice_pipeline_dag.py for tasks to queue
[2026-07-30T15:11:47.848+0000] {logging_mixin.py:190} INFO - [2026-07-30T15:11:47.846+0000] {dagbag.py:588} INFO - Filling up the DagBag from /opt/airflow/dags/invoice_pipeline_dag.py
[2026-07-30T15:11:49.814+0000] {processor.py:925} INFO - DAG(s) 'invoice_data_pipeline' retrieved from /opt/airflow/dags/invoice_pipeline_dag.py
[2026-07-30T15:11:49.868+0000] {logging_mixin.py:190} INFO - [2026-07-30T15:11:49.867+0000] {dag.py:3239} INFO - Sync 1 DAGs
[2026-07-30T15:11:49.912+0000] {logging_mixin.py:190} INFO - [2026-07-30T15:11:49.911+0000] {dag.py:4180} INFO - Setting next_dagrun for invoice_data_pipeline to 2026-07-29 00:00:00+00:00, run_after=2026-07-30 00:00:00+00:00
[2026-07-30T15:11:49.954+0000] {processor.py:208} INFO - Processing /opt/airflow/dags/invoice_pipeline_dag.py took 2.145 seconds
[2026-07-30T15:12:20.108+0000] {processor.py:186} INFO - Started process (PID=179) to work on /opt/airflow/dags/invoice_pipeline_dag.py
[2026-07-30T15:12:20.110+0000] {processor.py:914} INFO - Processing file /opt/airflow/dags/invoice_pipeline_dag.py for tasks to queue
[2026-07-30T15:12:20.115+0000] {logging_mixin.py:190} INFO - [2026-07-30T15:12:20.114+0000] {dagbag.py:588} INFO - Filling up the DagBag from /opt/airflow/dags/invoice_pipeline_dag.py
[2026-07-30T15:12:21.259+0000] {processor.py:925} INFO - DAG(s) 'invoice_data_pipeline' retrieved from /opt/airflow/dags/invoice_pipeline_dag.py
[2026-07-30T15:12:21.312+0000] {logging_mixin.py:190} INFO - [2026-07-30T15:12:21.312+0000] {dag.py:3239} INFO - Sync 1 DAGs
[2026-07-30T15:12:21.343+0000] {logging_mixin.py:190} INFO - [2026-07-30T15:12:21.342+0000] {dag.py:4180} INFO - Setting next_dagrun for invoice_data_pipeline to 2026-07-29 00:00:00+00:00, run_after=2026-07-30 00:00:00+00:00
[2026-07-30T15:12:21.369+0000] {processor.py:208} INFO - Processing /opt/airflow/dags/invoice_pipeline_dag.py took 1.276 seconds
